# Timestamp, Latitude, Longitude, Accuracy, Speed
#Journey Start
1436403944241,-36.90923597,174.89833436,14.0,0.25
1436403945234,-36.90926457,174.89836556,28.0,0.0
1436403946222,-36.90953189,174.89797001,18.0,0.0
1436403947212,-36.90947193,174.89799998,11.0,1.118034
1436403948506,-36.90951421,174.89797919,10.0,1.0
1436403949497,-36.90948719,174.89797395,10.0,1.0
1436403950515,-36.90946579,174.89799139,10.0,1.0
1436403951503,-36.90946441,174.89798891,10.0,1.0
1436403952508,-36.90946453,174.89799388,10.0,1.0
1436403953511,-36.90946684,174.89799395,10.0,1.0
1436403954521,-36.90946868,174.89799243,10.0,1.0
1436403955513,-36.90947872,174.89799171,10.0,1.0
1436403956512,-36.90947437,174.89798438,10.0,1.0
1436403957502,-36.90947482,174.8979843,10.0,1.0
1436403958505,-36.90947421,174.89798428,10.0,1.0
1436403959507,-36.90947407,174.89798776,10.0,1.0
1436403960517,-36.9094739,174.89798747,10.0,1.0
1436403961507,-36.90947383,174.89798759,11.0,1.0
1436403962534,-36.90947382,174.89798755,11.0,1.0
1436403963500,-36.9094705,174.89798524,11.0,1.25
1436403964505,-36.90947515,174.89798013,10.0,1.4142135
1436403965510,-36.90945917,174.89797897,11.0,1.4142135
1436403966511,-36.90944825,174.89798641,11.0,1.4142135
1436403967532,-36.90944954,174.89798368,11.0,1.25
1436403968507,-36.90945073,174.89797788,11.0,1.25
1436403969513,-36.90943531,174.89797257,11.0,1.25
1436403970509,-36.90943084,174.8979537,10.0,1.118034
1436403971502,-36.90944308,174.89794334,9.0,1.118034
1436403972494,-36.90945612,174.8979263,10.0,1.0
1436403973517,-36.9094515,174.89792586,9.0,1.0
1436403974523,-36.90944692,174.89793081,9.0,1.0
1436403975495,-36.90944339,174.89793344,10.0,1.25
1436403976511,-36.90943819,174.89793496,9.0,1.4142135
1436403977503,-36.90943143,174.89793926,10.0,1.4142135
1436403978509,-36.9094225,174.89793841,11.0,1.6007811
1436403979505,-36.90940613,174.89794154,11.0,1.8027756
1436403980516,-36.90939339,174.89796279,11.0,2.0155644
1436403981525,-36.90937894,174.89800004,11.0,3.1622777
1436403982506,-36.90936944,174.89803864,11.0,3.1622777
1436403983507,-36.9093528,174.89807896,11.0,3.4003677
1436403984500,-36.90932622,174.89812852,11.0,3.8810437
1436403985519,-36.90927308,174.89824491,11.0,4.854122
1436403986513,-36.90925043,174.89828448,11.0,4.366062
1436403987504,-36.9092652,174.89825617,10.0,1.8027756
1436403988497,-36.90925089,174.89824308,10.0,1.25
1436403989511,-36.90925114,174.89826369,9.0,1.8027756
1436403990548,-36.90924024,174.89827603,9.0,2.236068
1436403992238,-36.90923448,174.89829108,9.0,2.6925824
1436403992510,-36.90918938,174.89827671,9.0,3.4003677
1436403993512,-36.90914838,174.89825981,9.0,5.3443894
1436403994522,-36.90908856,174.8982176,9.0,7.566373
1436403995549,-36.90901121,174.89817106,9.0,9.552486
1436403996505,-36.90892308,174.89811945,9.0,10.7964115
1436403997511,-36.90882924,174.89807095,9.0,12.0415945
1436403998503,-36.90871572,174.89799438,9.0,13.287683
1436403999499,-36.90859829,174.89791588,9.0,13.786316
1436404000512,-36.9084905,174.89784144,9.0,14.285045
1436404001694,-36.90837774,174.89776739,9.0,14.783859
1436404002509,-36.90825256,174.89768305,9.0,15.282752
1436404003503,-36.90811771,174.89760463,9.0,15.532225
1436404004503,-36.90799336,174.89752509,10.0,15.532225
1436404005496,-36.90786866,174.89745602,10.0,15.532225
1436404006495,-36.90774604,174.89736418,9.0,15.781714
1436404007501,-36.90762395,174.89729371,10.0,15.781714
1436404009969,-36.90737186,174.89712379,9.0,16.03122
1436404010505,-36.90725257,174.89702986,10.0,15.781714
1436404011502,-36.90712256,174.89694118,9.0,15.781714
1436404012511,-36.90699243,174.89685819,9.0,15.781714
1436404013490,-36.90687752,174.8967661,10.0,15.781714
1436404014505,-36.90675535,174.89666775,10.0,16.03122
1436404015507,-36.90662156,174.89657345,10.0,16.03122
1436404016495,-36.90649417,174.89648557,10.0,16.03122
1436404017496,-36.90637541,174.89639861,10.0,16.03122
1436404018504,-36.90624677,174.89631491,10.0,15.781714
1436404019508,-36.90611589,174.8962343,10.0,15.781714
1436404020498,-36.90599368,174.8961562,10.0,15.781714
1436404021496,-36.90587769,174.89608208,10.0,15.781714
1436404022515,-36.90575949,174.89599263,10.0,15.781714
1436404024430,-36.90563361,174.8959216,10.0,15.532225
1436404024820,-36.90551142,174.89584063,10.0,15.532225
1436404025520,-36.9053974,174.89575714,10.0,15.282752
1436404026513,-36.9052764,174.89567189,10.0,15.282752
1436404027504,-36.90515407,174.89557828,9.0,15.282752
1436404028509,-36.90503043,174.89548832,9.0,15.282752
1436404029499,-36.90490902,174.89540127,10.0,15.532225
1436404030507,-36.90478741,174.89531223,9.0,15.532225
1436404031508,-36.90465471,174.89521712,9.0,15.282752
1436404032495,-36.90455125,174.89512782,9.0,15.033297
1436404033499,-36.90446261,174.89503675,9.0,14.285045
1436404034499,-36.90436532,174.89493444,10.0,14.035668
1436404035497,-36.90426334,174.89483122,9.0,13.786316
1436404036509,-36.90417451,174.89474702,9.0,12.789156
1436404037488,-36.90410931,174.89467641,9.0,10.7964115
1436404038497,-36.90404595,174.8946062,10.0,9.055386
1436404039529,-36.90399937,174.89453318,10.0,8.310385
1436404040519,-36.90398936,174.89443402,10.0,8.310385
1436404041521,-36.9040091,174.89434213,9.0,8.310385
1436404042487,-36.90403262,174.89426991,10.0,8.806957
1436404043505,-36.90408458,174.89414535,9.0,11.543396
1436404044535,-36.90414028,174.89400798,9.0,13.287683
1436404045504,-36.90421308,174.89384882,9.0,14.534442
1436404046493,-36.9042857,174.89368688,9.0,15.532225
1436404047558,-36.90436054,174.8935271,9.0,16.03122
1436404048488,-36.90443377,174.89335881,9.0,16.530275
1436404049488,-36.90449717,174.89319556,9.0,17.029387
1436404050507,-36.90457318,174.89303362,9.0,17.278961
1436404051534,-36.90465163,174.89286089,9.0,17.029387
1436404052499,-36.90472329,174.89268695,9.0,17.029387
1436404053518,-36.90480092,174.89251846,9.0,17.278961
1436404054496,-36.90487856,174.89234761,9.0,17.278961
1436404055489,-36.90495104,174.89217783,9.0,17.029387
1436404056489,-36.90502871,174.89201244,9.0,17.029387
1436404057526,-36.90509875,174.89184339,9.0,17.278961
1436404058486,-36.90516878,174.89166752,9.0,17.278961
1436404059508,-36.90524132,174.89148414,9.0,17.528547
1436404061264,-36.90531107,174.89131275,9.0,17.528547
1436404061512,-36.90537143,174.89114669,9.0,17.278961
1436404062493,-36.9054444,174.89095545,9.0,17.278961
1436404063498,-36.90551329,174.89078085,9.0,17.029387
1436404064498,-36.90558239,174.89061745,9.0,16.530275
1436404065494,-36.90564064,174.89045767,9.0,15.781714
1436404066495,-36.90570295,174.89030582,9.0,15.282752
1436404067488,-36.90576513,174.890155,9.0,14.534442
1436404068493,-36.90582152,174.89002499,9.0,13.536986
1436404069512,-36.9058739,174.8899129,9.0,12.290749
1436404070494,-36.90592099,174.88980393,9.0,11.045361
1436404071495,-36.90596371,174.88970948,9.0,10.049875
1436404072506,-36.90600265,174.88962112,9.0,9.303897
1436404073497,-36.90604157,174.88953823,10.0,9.055386
1436404074503,-36.90608125,174.8894575,10.0,8.806957
1436404075492,-36.90612207,174.8893683,10.0,9.055386
1436404076492,-36.90616392,174.88927541,10.0,9.552486
1436404077496,-36.90620906,174.88917906,10.0,10.298665
1436404078496,-36.9062561,174.88906289,10.0,10.7964115
1436404079514,-36.90631016,174.88895145,10.0,11.543396
1436404080502,-36.90636157,174.88882653,10.0,12.539936
1436404081485,-36.90641593,174.8886898,10.0,13.536986
1436404082502,-36.90646862,174.88855009,10.0,14.285045
1436404083512,-36.90653471,174.88839792,10.0,15.033297
1436404084486,-36.9066024,174.88824083,10.0,15.781714
1436404085491,-36.90667609,174.88808851,10.0,16.28074
1436404086491,-36.9067373,174.88791196,10.0,16.530275
1436404087502,-36.90680953,174.88774838,10.0,16.779823
1436404088498,-36.9068793,174.88757821,10.0,17.278961
1436404089492,-36.90694248,174.88740478,10.0,17.778147
1436404090484,-36.90701085,174.88722515,10.0,18.027756
1436404091490,-36.90708554,174.88704533,10.0,17.778147
1436404092592,-36.90716278,174.88687493,10.0,17.778147
1436404093503,-36.90723574,174.88671014,10.0,17.778147
1436404094506,-36.90731548,174.88653263,10.0,17.778147
1436404095509,-36.90739248,174.88636475,10.0,17.528547
1436404096514,-36.90746894,174.8861888,10.0,17.528547
1436404097505,-36.90753722,174.88602246,10.0,17.528547
1436404098486,-36.90760358,174.88585183,10.0,17.029387
1436404099491,-36.90767316,174.8856826,10.0,16.779823
1436404100494,-36.90774441,174.8855222,10.0,16.779823
1436404101509,-36.90781143,174.8853632,10.0,16.779823
1436404102492,-36.90788591,174.88519477,10.0,16.779823
1436404103503,-36.90796449,174.8850396,10.0,16.530275
1436404104507,-36.90804052,174.88487285,10.0,17.029387
1436404105494,-36.90810868,174.88470184,10.0,17.029387
1436404106486,-36.9081714,174.88452944,10.0,17.278961
1436404107513,-36.9082394,174.88435196,10.0,17.528547
1436404108493,-36.90831735,174.8841762,10.0,17.778147
1436404109517,-36.90839262,174.8840061,10.0,17.778147
1436404110514,-36.90847493,174.88381628,9.0,18.027756
1436404111525,-36.90855948,174.88364029,9.0,18.027756
1436404112509,-36.90864282,174.88346632,9.0,18.027756
1436404113502,-36.90872795,174.88329267,9.0,18.027756
1436404114504,-36.90880279,174.88311301,9.0,18.027756
1436404115496,-36.90888402,174.88293029,9.0,18.277376
1436404116488,-36.90897304,174.88275361,9.0,18.527008
1436404117488,-36.90905332,174.88257202,9.0,18.527008
1436404118502,-36.90913183,174.88238185,9.0,18.527008
1436404119489,-36.90921122,174.88219339,9.0,18.527008
1436404120512,-36.90928694,174.88201221,9.0,18.527008
1436404121521,-36.90935505,174.88183454,9.0,18.527008
1436404122491,-36.90943528,174.88164615,9.0,18.527008
1436404123495,-36.90951581,174.8814504,9.0,18.527008
1436404124510,-36.90958944,174.88126444,10.0,18.527008
1436404125492,-36.90964926,174.88107821,9.0,18.527008
1436404126506,-36.90970502,174.88088501,10.0,18.527008
1436404127507,-36.90977682,174.88068779,9.0,19.026299
1436404128493,-36.9098373,174.88049436,10.0,19.026299
1436404129490,-36.9098778,174.88030037,9.0,18.527008
1436404130489,-36.90992948,174.88009975,9.0,18.277376
1436404131520,-36.90997029,174.87989267,9.0,18.027756
1436404132487,-36.91001764,174.87970615,9.0,17.778147
1436404133488,-36.91006833,174.87952227,9.0,17.528547
1436404134490,-36.91011224,174.87932637,9.0,17.278961
1436404135530,-36.91014988,174.87914585,10.0,17.029387
1436404136500,-36.91018998,174.87894899,9.0,17.029387
1436404137505,-36.91022351,174.87877219,9.0,17.029387
1436404138508,-36.91025719,174.87858848,10.0,17.278961
1436404139519,-36.9102899,174.87840741,9.0,17.029387
1436404140505,-36.91031905,174.87822356,10.0,17.029387
1436404141506,-36.91036093,174.87804217,9.0,16.779823
1436404142514,-36.91039187,174.8778517,10.0,17.029387
1436404143498,-36.91041732,174.87766639,9.0,17.029387
1436404144507,-36.91044158,174.87747524,9.0,16.779823
1436404145501,-36.91047245,174.87729356,10.0,17.029387
1436404146489,-36.91049746,174.87711048,9.0,17.029387
1436404147531,-36.91052406,174.8769166,10.0,17.029387
1436404148518,-36.91055423,174.87672441,10.0,17.029387
1436404149513,-36.91057583,174.87653302,10.0,17.278961
1436404150489,-36.91060466,174.8763347,11.0,17.778147
1436404153048,-36.91064488,174.8759755,10.0,17.278961
1436404153497,-36.91067027,174.8757877,10.0,17.528547
1436404154504,-36.91069835,174.87558789,10.0,17.278961
1436404155509,-36.91074251,174.87537203,9.0,17.528547
1436404156493,-36.91074465,174.87519816,10.0,17.278961
1436404157515,-36.91076393,174.87500749,10.0,17.528547
1436404158527,-36.91079557,174.87480405,10.0,17.778147
1436404159503,-36.91081929,174.87460925,10.0,18.027756
1436404160538,-36.91083896,174.87440778,10.0,18.277376
1436404161504,-36.91086522,174.87421948,10.0,18.027756
1436404162561,-36.9108823,174.87402079,10.0,18.027756
1436404163488,-36.91092443,174.87380633,11.0,18.277376
1436404164512,-36.91096025,174.87359609,11.0,18.527008
1436404165500,-36.91098873,174.87340552,11.0,18.027756
1436404166490,-36.9110166,174.8732057,11.0,17.778147
1436404167508,-36.91104006,174.87303205,10.0,16.530275
1436404168515,-36.91105968,174.87286394,10.0,15.532225
1436404169521,-36.91109135,174.8727566,9.0,14.783859
1436404170509,-36.91112909,174.87257738,9.0,15.532225
1436404171501,-36.9111782,174.87237535,9.0,16.28074
1436404173002,-36.91122504,174.87219011,9.0,16.779823
1436404173505,-36.91126702,174.87201089,9.0,17.278961
1436404174517,-36.9113169,174.87180856,9.0,18.027756
1436404175520,-36.91135382,174.87163392,9.0,17.528547
1436404176520,-36.91139276,174.87144117,9.0,17.528547
1436404177514,-36.91143191,174.87125838,9.0,17.528547
1436404178509,-36.9114755,174.87107152,9.0,17.278961
1436404179497,-36.91151581,174.87087563,9.0,16.779823
1436404180519,-36.9115569,174.87071167,9.0,16.530275
1436404181488,-36.91159569,174.87054549,10.0,16.03122
1436404182512,-36.91162815,174.87040482,10.0,14.534442
1436404183486,-36.91165853,174.87026056,10.0,14.035668
1436404184491,-36.91169259,174.87011074,9.0,13.038404
1436404185531,-36.91172795,174.8699919,9.0,11.543396
1436404186509,-36.91175503,174.86988727,9.0,10.049875
1436404187500,-36.91177541,174.86979449,9.0,8.806957
1436404188501,-36.91179561,174.86971118,9.0,7.3186407
1436404189486,-36.91180036,174.86965972,9.0,5.836309
1436404190507,-36.91181493,174.86960699,9.0,4.854122
1436404191508,-36.91182605,174.86956573,9.0,3.640055
1436404192509,-36.91182871,174.86953505,9.0,2.6925824
1436404193506,-36.91182822,174.86951533,9.0,1.8027756
1436404194494,-36.91183252,174.86950751,9.0,1.118034
1436404195501,-36.9118328,174.86950885,9.0,1.0
1436404196519,-36.91183107,174.86950649,9.0,1.0
1436404197516,-36.91183367,174.86950211,9.0,1.0
1436404198509,-36.91183506,174.86949921,9.0,1.0
1436404199505,-36.91183879,174.86949881,9.0,1.0
1436404200503,-36.91183947,174.86949946,9.0,1.0
1436404201522,-36.91184108,174.86950104,9.0,1.0
1436404202492,-36.91184017,174.86949941,9.0,1.0
1436404203516,-36.91184036,174.86950073,9.0,1.0
1436404204503,-36.91183983,174.86950432,9.0,1.0
1436404205502,-36.91183926,174.86950476,9.0,1.0
1436404206503,-36.91183863,174.86950483,9.0,1.0
1436404207520,-36.91183848,174.86950495,9.0,1.0
1436404208505,-36.91183851,174.86950496,9.0,1.0
1436404209500,-36.9118386,174.86950532,9.0,1.0
1436404210505,-36.91183854,174.86950537,9.0,1.0
1436404211502,-36.91183854,174.86950538,9.0,1.0
1436404212486,-36.91183853,174.86950534,9.0,1.0
1436404213508,-36.91183984,174.86949826,9.0,1.4142135
1436404214517,-36.91185213,174.86946726,9.0,3.8810437
1436404215505,-36.91186943,174.86938763,9.0,6.576473
1436404216497,-36.91188733,174.86927929,9.0,9.055386
1436404217518,-36.91191514,174.86916592,9.0,11.294357
1436404218506,-36.91194508,174.86902803,9.0,12.789156
1436404219515,-36.91197461,174.86886527,9.0,14.035668
1436404220522,-36.9120093,174.86869549,9.0,14.783859
1436404221503,-36.91204357,174.86855683,9.0,15.033297
1436404222507,-36.91208788,174.86838381,9.0,15.532225
1436404223524,-36.91211953,174.86821017,9.0,15.781714
1436404224505,-36.91214903,174.86803535,10.0,16.28074
1436404225493,-36.91216729,174.86784692,10.0,16.530275
1436404226494,-36.91217049,174.86765958,10.0,16.530275
1436404227515,-36.91216905,174.86746275,10.0,16.28074
1436404228517,-36.91214198,174.86728314,10.0,16.28074
1436404229503,-36.9121116,174.86711557,10.0,15.781714
1436404230525,-36.91207911,174.8669448,10.0,15.532225
1436404231510,-36.9120258,174.86681689,9.0,14.783859
1436404232502,-36.91199422,174.86666205,10.0,14.035668
1436404233531,-36.91196908,174.8665188,10.0,13.536986
1436404234497,-36.91194444,174.86637561,10.0,13.287683
1436404235487,-36.91192185,174.86624211,10.0,12.290749
1436404236533,-36.91189986,174.8661086,10.0,11.792477
1436404237498,-36.91187469,174.86598236,10.0,11.792477
1436404238511,-36.91185249,174.86584166,10.0,12.0415945
1436404239496,-36.91183297,174.86570042,10.0,12.539936
1436404240521,-36.91181975,174.86555204,5.0,12.789156
1436404241488,-36.91179686,174.86540827,4.0,13.287683
1436404242494,-36.91177498,174.86526169,4.0,13.536986
1436404243513,-36.91175093,174.86510973,4.0,13.287683
1436404244492,-36.91172881,174.86495585,4.0,13.786316
1436404245495,-36.91170676,174.8648141,4.0,13.786316
1436404246487,-36.91168311,174.86465717,4.0,13.786316
1436404247492,-36.91165942,174.86450968,5.0,14.035668
1436404248491,-36.91163738,174.86434964,4.0,14.285045
1436404249493,-36.91161243,174.86420798,4.0,13.786316
1436404250489,-36.91158773,174.86406077,5.0,13.536986
1436404251489,-36.91156672,174.86390998,5.0,13.287683
1436404252492,-36.91154854,174.86376645,5.0,13.038404
1436404253488,-36.91152853,174.86363651,5.0,12.789156
1436404254486,-36.91150156,174.86349436,5.0,12.290749
1436404255491,-36.91146202,174.86341471,4.0,11.792477
1436404256492,-36.91143993,174.86326861,4.0,11.543396
1436404257490,-36.91141454,174.86315151,4.0,11.045361
1436404258494,-36.91140493,174.86305484,4.0,9.552486
1436404259505,-36.91138212,174.86297794,4.0,8.310385
1436404260494,-36.91137477,174.86290785,4.0,7.071068
1436404261498,-36.91136531,174.86284854,4.0,5.836309
1436404262493,-36.91135316,174.86278602,5.0,5.59017
1436404263491,-36.91134158,174.86273479,7.0,5.0990195
1436404264519,-36.91134396,174.86272618,6.0,2.4622145
1436404265490,-36.91133692,174.86270406,6.0,1.8027756
1436404266494,-36.91132982,174.86268498,6.0,1.8027756
1436404267489,-36.91133121,174.86265256,7.0,2.0155644
1436404268495,-36.91131872,174.8626325,7.0,2.236068
1436404269491,-36.91130296,174.86259369,7.0,3.4003677
1436404270489,-36.91128481,174.86254631,6.0,4.854122
1436404271483,-36.91126095,174.86248738,6.0,5.836309
1436404272491,-36.91123378,174.86241185,5.0,6.576473
1436404273496,-36.9112075,174.8623466,5.0,7.071068
1436404274492,-36.91116667,174.86227328,5.0,7.566373
1436404275491,-36.91113809,174.86219022,5.0,7.3186407
1436404276491,-36.91111203,174.86212423,4.0,7.071068
1436404277496,-36.91108191,174.86205771,4.0,7.071068
1436404278488,-36.91106511,174.86198734,4.0,7.071068
1436404279497,-36.9110308,174.86191196,4.0,7.566373
1436404280487,-36.91099514,174.86183104,4.0,8.062258
1436404281489,-36.91095154,174.86175117,4.0,8.558621
1436404282492,-36.91090899,174.86166833,5.0,8.806957
1436404283490,-36.91086174,174.86158361,4.0,9.055386
1436404284495,-36.91080994,174.86150411,4.0,9.055386
1436404285488,-36.91075789,174.86142695,4.0,9.055386
1436404286486,-36.91072388,174.8613363,4.0,9.303897
1436404287490,-36.91069272,174.86123873,6.0,9.303897
1436404288494,-36.91063853,174.86117132,5.0,9.552486
1436404289493,-36.91059176,174.86109862,6.0,9.552486
1436404290495,-36.9105371,174.86101539,7.0,9.801147
1436404291484,-36.91047723,174.86090552,7.0,10.547511
1436404292491,-36.91042771,174.86080457,7.0,10.547511
1436404293495,-36.91037383,174.8607157,7.0,11.045361
1436404294493,-36.91031362,174.86060274,7.0,11.294357
1436404295498,-36.91027191,174.86048465,7.0,11.543396
1436404296488,-36.91022052,174.86036712,6.0,11.792477
1436404297490,-36.91016174,174.8602518,6.0,11.792477
1436404298491,-36.91010019,174.86014158,6.0,11.543396
1436404299494,-36.91004261,174.86003025,5.0,11.543396
1436404300492,-36.90996437,174.85992995,5.0,11.543396
1436404301492,-36.90990618,174.85982555,4.0,11.543396
1436404302493,-36.90983203,174.85971875,4.0,12.0415945
1436404303493,-36.90975923,174.85962367,4.0,11.792477
1436404304537,-36.90968824,174.85952853,4.0,11.792477
1436404305489,-36.90961876,174.85944861,4.0,11.294357
1436404306493,-36.90953753,174.85936809,3.0,10.7964115
1436404307493,-36.90945032,174.85929937,4.0,10.298665
1436404308489,-36.90936927,174.85922861,5.0,10.547511
1436404309495,-36.90930326,174.85916353,4.0,10.547511
1436404310488,-36.9092355,174.85908653,4.0,10.547511
1436404311494,-36.90917163,174.85900536,3.0,10.7964115
1436404312491,-36.90906552,174.85892862,4.0,11.294357
1436404313506,-36.90898313,174.85885496,9.0,11.543396
1436404314489,-36.90889908,174.85877855,9.0,11.294357
1436404315491,-36.90880533,174.85870544,9.0,11.543396
1436404316489,-36.90871595,174.85862572,9.0,11.792477
1436404317496,-36.90864068,174.85854548,9.0,11.543396
1436404318487,-36.9085546,174.85847191,9.0,11.294357
1436404319490,-36.90846756,174.85840789,9.0,11.294357
1436404320495,-36.90838041,174.85834127,9.0,11.294357
1436404321489,-36.90829138,174.85827566,9.0,11.543396
1436404322496,-36.90820709,174.85819612,9.0,12.0415945
1436404323489,-36.90810929,174.85811546,9.0,12.290749
1436404324491,-36.90801412,174.85803386,9.0,13.038404
1436404325490,-36.90792008,174.85794687,9.0,13.287683
1436404326494,-36.90781981,174.85785548,9.0,13.536986
1436404327488,-36.90771995,174.85777391,9.0,13.536986
1436404328500,-36.90762634,174.85769078,9.0,13.287683
1436404329495,-36.90753749,174.85761497,9.0,13.287683
1436404330490,-36.90745259,174.85752354,9.0,12.789156
1436404331496,-36.90736501,174.8574269,9.0,12.539936
1436404332489,-36.90728586,174.85733776,9.0,12.539936
1436404333494,-36.90720803,174.85725111,10.0,12.0415945
1436404334487,-36.90711453,174.85715894,9.0,12.789156
1436404335484,-36.90700568,174.85707965,9.0,12.789156
1436404336487,-36.90691833,174.85699562,9.0,12.789156
1436404337485,-36.90682742,174.85690291,10.0,13.038404
1436404338486,-36.9067341,174.85681079,10.0,13.287683
1436404339965,-36.90662225,174.85672392,10.0,13.786316
1436404340491,-36.90652097,174.85664455,10.0,14.035668
1436404341495,-36.90640986,174.85656118,10.0,14.534442
1436404342489,-36.90629738,174.85646584,10.0,15.033297
1436404343489,-36.90618145,174.85636621,10.0,15.532225
1436404344495,-36.906061,174.8562732,10.0,15.781714
1436404345491,-36.90594881,174.85619544,10.0,15.532225
1436404346495,-36.90582644,174.8561014,11.0,15.532225
1436404347489,-36.90570595,174.85599522,11.0,15.781714
1436404348497,-36.90558694,174.85588695,11.0,16.03122
1436404349489,-36.90545943,174.85580782,10.0,16.28074
1436404350495,-36.90534023,174.85569686,10.0,16.28074
1436404351490,-36.90520901,174.85558403,10.0,16.28074
1436404352496,-36.90508811,174.85548158,10.0,16.28074
1436404353490,-36.90495349,174.85538809,10.0,16.03122
1436404354488,-36.9048434,174.85528631,10.0,16.03122
1436404355491,-36.90471726,174.85518556,10.0,15.781714
1436404356493,-36.90459311,174.85509546,9.0,15.781714
1436404357488,-36.90448342,174.85501023,10.0,15.532225
1436404358486,-36.90434447,174.85493404,10.0,15.532225
1436404359961,-36.90420718,174.85487871,10.0,15.532225
1436404360497,-36.9040941,174.85481121,11.0,15.033297
1436404361487,-36.90395183,174.85477032,10.0,15.781714
1436404362490,-36.90382752,174.85473255,11.0,15.282752
1436404363496,-36.90367603,174.85469386,11.0,15.282752
1436404364488,-36.90355674,174.85463746,11.0,14.783859
1436404365494,-36.90344266,174.85463075,12.0,14.285045
1436404366491,-36.90332521,174.854599,12.0,13.786316
1436404367494,-36.90322527,174.85465535,12.0,13.038404
1436404368490,-36.90310412,174.85462033,12.0,13.536986
1436404369495,-36.90297853,174.8545944,11.0,14.035668
1436404370492,-36.90285209,174.85454517,11.0,14.035668
1436404371494,-36.90270937,174.85451185,11.0,14.285045
1436404372494,-36.90257213,174.85448745,11.0,14.534442
1436404373493,-36.90244289,174.85445696,11.0,15.033297
1436404374495,-36.9022902,174.8544087,10.0,15.033297
1436404375584,-36.90215758,174.85438086,10.0,14.783859
1436404376485,-36.90204841,174.85436669,10.0,14.534442
1436404377488,-36.90193854,174.85434161,10.0,14.035668
1436404378496,-36.90182577,174.8543362,10.0,13.786316
1436404379491,-36.90169932,174.85431,11.0,13.536986
1436404380488,-36.90158548,174.85424876,11.0,12.789156
1436404381487,-36.90148111,174.85420555,11.0,12.539936
1436404382494,-36.90138551,174.85417635,11.0,11.543396
1436404383491,-36.90128486,174.85413531,11.0,11.543396
1436404384493,-36.90120797,174.85407966,11.0,10.547511
1436404385491,-36.90112658,174.85402444,10.0,10.7964115
1436404386495,-36.90103502,174.85395416,10.0,11.045361
1436404387490,-36.90095366,174.85388954,10.0,11.294357
1436404388494,-36.9008723,174.85382049,10.0,11.543396
1436404389493,-36.90078012,174.85374,10.0,11.792477
1436404390490,-36.90069369,174.8536365,10.0,12.290749
1436404391494,-36.90060788,174.85353733,10.0,12.539936
1436404392491,-36.9005297,174.85343329,11.0,12.789156
1436404393500,-36.9004602,174.8533282,11.0,12.789156
1436404394488,-36.90038132,174.8532173,11.0,13.038404
1436404395494,-36.90031282,174.85310822,11.0,13.038404
1436404396489,-36.90021932,174.85299917,11.0,13.287683
1436404397494,-36.90015463,174.85289071,11.0,13.536986
1436404398489,-36.9000681,174.85276833,11.0,13.786316
1436404399494,-36.89999348,174.85264774,11.0,14.035668
1436404400490,-36.89989611,174.85253214,11.0,14.285045
1436404401523,-36.8998018,174.85243157,11.0,13.536986
1436404402494,-36.89974133,174.85231655,11.0,12.789156
1436404403493,-36.89966899,174.85222567,11.0,11.792477
1436404404490,-36.89963699,174.85214022,11.0,10.049875
1436404405496,-36.89957454,174.85208123,11.0,8.558621
1436404406489,-36.89955165,174.85201253,11.0,7.3186407
1436404407494,-36.89951243,174.85195985,10.0,6.3294945
1436404408491,-36.899479,174.85191343,10.0,5.59017
1436404409494,-36.89944621,174.85188538,10.0,4.366062
1436404410491,-36.89943584,174.85184854,9.0,2.9261749
1436404411494,-36.89942491,174.85183138,9.0,2.0155644
1436404412490,-36.89941614,174.85182185,10.0,1.6007811
1436404413495,-36.89941308,174.85181206,9.0,1.25
1436404414493,-36.89941683,174.85180566,9.0,1.0307764
1436404415488,-36.89942086,174.85180168,9.0,1.0
1436404416494,-36.89942465,174.85179522,9.0,1.0
1436404417491,-36.89942546,174.85178863,9.0,1.0
1436404418492,-36.89942923,174.85178892,9.0,1.0
1436404419488,-36.89942777,174.8517916,9.0,1.0
1436404420494,-36.89942895,174.85178964,9.0,1.0
1436404421487,-36.89943077,174.85178761,9.0,1.0
1436404422492,-36.89943333,174.8517849,9.0,1.0
1436404423492,-36.89943489,174.8517811,9.0,1.0
1436404424495,-36.89943607,174.85178284,9.0,1.0
1436404425490,-36.8994352,174.85178099,9.0,1.0
1436404426495,-36.89943485,174.85178031,9.0,1.0
1436404427490,-36.89943522,174.85178022,9.0,1.0
1436404428493,-36.89943513,174.85178028,9.0,1.0
1436404429488,-36.89943524,174.8517801,9.0,1.0
1436404430494,-36.89943535,174.85177997,9.0,1.0
1436404431491,-36.89943508,174.85178008,9.0,1.0
1436404432495,-36.89943278,174.85178094,9.0,1.0
1436404433494,-36.89942956,174.85177714,10.0,1.25
1436404434494,-36.89941665,174.851769,10.0,1.6007811
1436404435491,-36.89939833,174.85175859,10.0,1.8027756
1436404436493,-36.89939907,174.8517249,10.0,2.0155644
1436404437488,-36.89938917,174.85170691,10.0,2.0155644
1436404438493,-36.89937446,174.85169014,10.0,2.0155644
1436404439490,-36.89936721,174.85167516,10.0,2.0155644
1436404440495,-36.89935988,174.85166489,10.0,1.8027756
1436404441488,-36.89935377,174.85165579,10.0,1.6007811
1436404442494,-36.89934412,174.85164903,10.0,1.6007811
1436404443490,-36.8993388,174.85164191,10.0,1.4142135
1436404444494,-36.89933539,174.85163515,10.0,1.4142135
1436404445490,-36.89933211,174.85162822,9.0,1.25
1436404446496,-36.89932686,174.85161773,9.0,1.4142135
1436404447489,-36.89931903,174.85160572,10.0,1.4142135
1436404448496,-36.89930855,174.85159027,10.0,1.6007811
1436404449494,-36.89928754,174.85155939,4.0,3.1622777
1436404450489,-36.89926233,174.85152239,4.0,3.8810437
1436404451494,-36.89922794,174.85146657,4.0,5.59017
1436404452490,-36.89918989,174.8513783,4.0,7.071068
1436404453495,-36.89917001,174.8513031,4.0,8.062258
1436404454489,-36.89913945,174.8512053,4.0,8.558621
1436404455495,-36.89909937,174.85112492,5.0,8.558621
1436404456490,-36.89905386,174.85103608,5.0,9.055386
1436404457495,-36.89899079,174.85099594,4.0,8.310385
1436404458489,-36.89893052,174.85097467,4.0,7.566373
1436404459491,-36.8988574,174.8509949,4.0,8.310385
1436404460490,-36.8987819,174.85104438,3.0,9.055386
1436404461495,-36.89872395,174.8511163,4.0,9.055386
1436404462489,-36.89869469,174.85120916,3.0,9.303897
1436404463495,-36.89867356,174.85131415,4.0,9.055386
1436404464495,-36.89865603,174.85141973,5.0,9.801147
1436404465487,-36.89862418,174.85150375,4.0,7.81425
1436404466494,-36.89856588,174.85157166,4.0,7.81425
1436404467502,-36.89849398,174.85160832,4.0,8.558621
1436404468493,-36.89839846,174.85162462,4.0,9.801147
1436404469491,-36.89829794,174.8516506,3.0,11.294357
1436404470495,-36.89819622,174.85168268,4.0,11.792477
1436404471490,-36.89809841,174.8517452,6.0,12.539936
1436404472496,-36.89794795,174.85176594,4.0,14.783859
1436404473492,-36.89783592,174.85180783,4.0,14.783859
1436404474494,-36.8977104,174.85186111,4.0,14.783859
1436404475498,-36.89756006,174.85189419,4.0,14.783859
1436404476492,-36.89742707,174.85193025,4.0,14.783859
1436404477491,-36.89730216,174.85196846,4.0,15.033297
1436404478492,-36.89716504,174.85200666,5.0,15.033297
1436404479490,-36.89701739,174.85203978,4.0,15.781714
1436404480494,-36.89687216,174.85207807,4.0,16.03122
1436404481492,-36.89673754,174.85211548,4.0,16.28074
1436404482495,-36.89659277,174.85215274,4.0,16.28074
1436404483491,-36.89644058,174.85218699,4.0,16.530275
1436404484491,-36.89629315,174.85223177,3.0,16.779823
1436404485489,-36.89614949,174.85228455,3.0,16.779823
1436404486496,-36.89599615,174.85233402,3.0,17.029387
1436404487486,-36.89584797,174.85237995,3.0,17.278961
1436404488488,-36.89569643,174.85242072,3.0,17.029387
1436404489489,-36.89554806,174.85245902,4.0,17.528547
1436404490489,-36.89539441,174.8525096,4.0,17.278961
1436404491495,-36.89523998,174.85255102,4.0,17.278961
1436404492489,-36.89508371,174.85259801,4.0,17.278961
1436404493489,-36.89494536,174.8526426,4.0,17.029387
1436404494489,-36.89480057,174.85269501,4.0,16.779823
1436404495496,-36.89465927,174.8527407,4.0,16.28074
1436404496491,-36.89451699,174.85278676,4.0,15.781714
1436404497495,-36.89438865,174.85283751,4.0,15.282752
1436404498493,-36.89426395,174.85287809,4.0,14.783859
1436404499494,-36.89413977,174.85294561,4.0,14.783859
1436404500492,-36.89402524,174.85301742,4.0,14.285045
1436404502254,-36.89393036,174.85308136,4.0,13.287683
1436404502485,-36.89383594,174.85314259,5.0,11.792477
1436404503493,-36.89373639,174.85319891,6.0,11.792477
1436404504489,-36.89365088,174.85326186,8.0,11.045361
1436404505492,-36.89361448,174.85328875,9.0,8.558621
1436404506490,-36.89363184,174.85329974,6.0,3.4003677
1436404507493,-36.89362538,174.8533058,5.0,1.8027756
1436404508492,-36.89361924,174.8533062,5.0,1.0307764
1436404509495,-36.89361395,174.85330729,4.0,1.0
1436404510490,-36.89361403,174.85331211,4.0,1.0
1436404511494,-36.89361506,174.85331312,5.0,1.0
1436404512486,-36.89361197,174.85331457,5.0,1.0
1436404513496,-36.89361096,174.8533151,5.0,1.0
1436404514488,-36.89361036,174.85331765,5.0,1.0
1436404515495,-36.8936089,174.85331809,5.0,1.0
1436404516490,-36.89360683,174.85331946,4.0,1.118034
1436404517492,-36.89360438,174.85334199,4.0,2.9261749
1436404518493,-36.89356709,174.85336188,5.0,3.8810437
1436404519494,-36.89350569,174.85336332,4.0,5.836309
1436404520492,-36.89344702,174.85332248,4.0,6.576473
1436404521496,-36.89339333,174.85326397,5.0,7.3186407
1436404522491,-36.89337803,174.85318087,4.0,6.823672
1436404523933,-36.89335257,174.85311615,4.0,6.0827627
1436404524490,-36.89332601,174.85304895,5.0,6.3294945
1436404525492,-36.89330312,174.85300319,6.0,5.836309
1436404526494,-36.89328137,174.85293885,5.0,5.836309
1436404527491,-36.89326981,174.85286392,4.0,5.0990195
1436404528490,-36.89325545,174.85282759,4.0,3.640055
1436404529495,-36.89325185,174.85278987,3.0,3.4003677
1436404530491,-36.89324547,174.85275305,3.0,3.8810437
1436404531495,-36.89324064,174.85271455,4.0,3.640055
1436404532488,-36.89323157,174.85268276,5.0,2.9261749
1436404533494,-36.89324372,174.85265673,4.0,2.0155644
1436404534491,-36.89324619,174.85264608,4.0,1.4142135
1436404535495,-36.89324291,174.85264568,4.0,1.0307764
1436404536494,-36.89323812,174.85264289,3.0,1.0
1436404537495,-36.89323444,174.8526407,3.0,1.0
1436404538489,-36.89323017,174.85264038,3.0,1.0
1436404539494,-36.89323138,174.85264018,3.0,1.0
1436404540488,-36.89323277,174.85263946,3.0,1.0
1436404541495,-36.89323347,174.8526362,3.0,1.0
1436404542493,-36.89323266,174.85263603,3.0,1.0
1436404543495,-36.89323157,174.85263234,3.0,1.0
1436404544491,-36.89323251,174.8526295,3.0,1.0
1436404545494,-36.89323269,174.85262995,3.0,1.0
1436404546496,-36.89323248,174.85262992,3.0,1.0
1436404547489,-36.89323252,174.85262963,3.0,1.0
1436404548492,-36.89323235,174.85262935,3.0,1.0
1436404549490,-36.89323231,174.85262932,3.0,1.0
1436404550495,-36.89323228,174.85262931,3.0,1.0
1436404551497,-36.89323227,174.85262932,3.0,1.0
1436404552488,-36.89323225,174.85262933,3.0,1.0
1436404553496,-36.89323225,174.85262931,3.0,1.0
1436404554492,-36.89323224,174.85262932,3.0,1.0
1436404555494,-36.89323222,174.85262101,4.0,1.6007811
1436404556493,-36.89323008,174.85260282,4.0,2.0155644
1436404557492,-36.8932322,174.85256674,4.0,2.6925824
1436404558489,-36.89323295,174.85252225,4.0,3.1622777
1436404559495,-36.893228,174.8524695,5.0,3.640055
1436404560488,-36.89315389,174.85234546,3.0,7.3186407
1436404561485,-36.89308759,174.85231017,3.0,8.310385
1436404562491,-36.89300906,174.85227379,4.0,9.552486
1436404563495,-36.89289423,174.85223435,4.0,12.290749
1436404564486,-36.89278761,174.85218343,4.0,13.536986
1436404565489,-36.89266984,174.85214182,5.0,13.536986
1436404566490,-36.89255567,174.85209412,5.0,13.287683
1436404567490,-36.89243855,174.85205424,6.0,13.038404
1436404568485,-36.89233059,174.85201156,6.0,12.539936
1436404569490,-36.89223469,174.85197053,5.0,12.789156
1436404570490,-36.89211096,174.85192996,5.0,13.038404
1436404571496,-36.89199807,174.85190676,6.0,13.038404
1436404572499,-36.89187617,174.85186527,5.0,13.786316
1436404573496,-36.89178021,174.85182683,5.0,13.536986
1436404574494,-36.89165909,174.85180819,5.0,14.035668
1436404575494,-36.89152515,174.85176807,5.0,14.534442
1436404576490,-36.89137412,174.85172142,6.0,14.783859
1436404577507,-36.89123316,174.85167353,6.0,14.783859
1436404578495,-36.89110098,174.85164668,6.0,15.033297
1436404579490,-36.89102423,174.85159962,6.0,13.536986
1436404580508,-36.89087924,174.85157525,6.0,14.285045
1436404581490,-36.89076332,174.8515482,7.0,14.285045
1436404582494,-36.89065559,174.85151423,6.0,14.035668
1436404583490,-36.89051896,174.85147505,7.0,14.035668
1436404584495,-36.89039596,174.85142458,8.0,13.786316
1436404585499,-36.89029773,174.8513949,6.0,12.539936
1436404586494,-36.89018835,174.85136513,7.0,12.0415945
1436404587490,-36.89007734,174.85133128,7.0,11.792477
1436404588492,-36.88995286,174.85129444,7.0,10.7964115
1436404589492,-36.88986038,174.85124768,7.0,10.547511
1436404590504,-36.88980114,174.85121444,8.0,10.049875
1436404591491,-36.88972832,174.8511261,7.0,12.0415945
1436404592495,-36.88966361,174.85102067,7.0,12.290749
1436404593491,-36.88958994,174.85090248,6.0,13.038404
1436404594497,-36.88951914,174.85077844,6.0,13.536986
1436404595492,-36.88942966,174.85066895,7.0,14.285045
1436404596498,-36.88935138,174.85054052,6.0,14.534442
1436404597491,-36.88927505,174.8504112,7.0,14.783859
1436404598508,-36.88919845,174.85026705,7.0,14.783859
1436404599486,-36.88909699,174.85013614,7.0,14.534442
1436404600494,-36.8890139,174.85004495,7.0,14.285045
1436404601490,-36.88891362,174.84994967,6.0,14.285045
1436404602496,-36.88880836,174.84986913,6.0,14.534442
1436404603500,-36.88869648,174.8497532,6.0,15.033297
1436404604496,-36.88858867,174.84965825,6.0,14.783859
1436404605491,-36.88848051,174.84958108,6.0,14.783859
1436404606495,-36.8883542,174.84951924,5.0,14.783859
1436404607489,-36.88824433,174.8494623,6.0,14.285045
1436404608504,-36.88812304,174.84939891,6.0,13.786316
1436404609491,-36.88801953,174.84936819,5.0,13.786316
1436404610485,-36.88790554,174.84931075,5.0,13.287683
1436404611532,-36.88778738,174.84925924,6.0,13.287683
1436404612490,-36.88767661,174.84920176,6.0,13.536986
1436404613490,-36.88757123,174.84915318,6.0,14.035668
1436404614489,-36.88743911,174.84910468,6.0,14.534442
1436404615493,-36.88730054,174.84905178,5.0,15.033297
1436404616488,-36.88718223,174.84901289,5.0,14.783859
1436404617491,-36.88706443,174.84895846,10.0,14.285045
1436404618492,-36.88694524,174.84891046,10.0,14.035668
1436404619527,-36.88681114,174.84885576,10.0,13.786316
1436404620491,-36.88670069,174.84880542,10.0,13.536986
1436404621488,-36.88658497,174.8487509,10.0,13.536986
1436404622490,-36.88647935,174.84868653,10.0,13.536986
1436404623494,-36.8863737,174.84857578,10.0,13.786316
1436404624487,-36.88628971,174.84848702,10.0,12.789156
1436404625491,-36.88620494,174.84838933,9.0,12.290749
1436404626494,-36.88612771,174.84830133,10.0,12.290749
1436404627490,-36.88604157,174.84818122,10.0,13.038404
1436404628494,-36.88597198,174.84809931,10.0,11.792477
1436404629489,-36.88588496,174.84800615,10.0,13.038404
1436404630495,-36.88579026,174.8479148,9.0,13.038404
1436404631497,-36.88569636,174.84784054,10.0,13.038404
1436404632495,-36.88559499,174.84774401,10.0,13.536986
1436404633489,-36.88548506,174.84764495,10.0,14.534442
1436404634511,-36.88537982,174.84755146,10.0,15.033297
1436404635489,-36.88523688,174.84744705,10.0,15.781714
1436404636491,-36.8851184,174.84736671,10.0,15.532225
1436404637490,-36.88499649,174.84729521,9.0,15.282752
1436404638495,-36.88487589,174.84722382,10.0,14.783859
1436404639500,-36.88477052,174.84717191,9.0,13.287683
1436404640493,-36.88467041,174.84713056,10.0,11.792477
1436404641491,-36.88462085,174.84708355,9.0,8.558621
1436404642494,-36.8845697,174.8470307,9.0,7.81425
1436404643490,-36.88452985,174.84697653,10.0,6.576473
1436404644489,-36.88450374,174.84690284,10.0,7.071068
1436404645488,-36.88446717,174.84683632,10.0,7.3186407
1436404646492,-36.88442301,174.84676156,11.0,7.3186407
1436404647486,-36.88436599,174.84671998,10.0,6.576473
1436404648496,-36.88431853,174.84670875,9.0,5.836309
1436404649499,-36.88427182,174.84674978,9.0,6.823672
1436404650494,-36.88423515,174.84679453,10.0,6.823672
1436404651489,-36.88418593,174.84683694,10.0,7.071068
1436404652499,-36.88409571,174.84690506,11.0,9.303897
1436404653496,-36.8840399,174.847019,10.0,10.547511
1436404654493,-36.88395315,174.84712041,10.0,11.792477
1436404655494,-36.88385969,174.84721306,9.0,12.789156
1436404656491,-36.88375912,174.84731004,9.0,13.287683
1436404657509,-36.88366791,174.84741207,9.0,13.786316
1436404658493,-36.88359755,174.84753792,10.0,14.035668
1436404659490,-36.88352344,174.84767218,10.0,14.783859
1436404660489,-36.88345129,174.84780833,10.0,15.033297
1436404661495,-36.88338264,174.84794632,10.0,14.783859
1436404662493,-36.88332832,174.84810615,10.0,15.033297
1436404663490,-36.88327406,174.84826726,9.0,15.033297
1436404664493,-36.88323809,174.84841952,10.0,15.033297
1436404665491,-36.883189,174.84857183,10.0,15.282752
1436404666494,-36.88314001,174.84872567,9.0,15.282752
1436404667489,-36.88308664,174.84889467,9.0,15.532225
1436404668486,-36.88303045,174.84907007,10.0,15.781714
1436404669490,-36.88298029,174.84922774,10.0,15.532225
1436404670491,-36.88292557,174.84940101,9.0,15.282752
1436404671484,-36.88286958,174.84955571,9.0,15.033297
1436404672485,-36.88280478,174.84970728,10.0,15.282752
1436404673492,-36.88273014,174.84984237,10.0,15.532225
1436404674487,-36.88265744,174.84999333,10.0,15.532225
1436404675499,-36.88257162,174.85016159,11.0,16.03122
1436404676491,-36.88245972,174.85030506,11.0,17.029387
1436404677491,-36.88233639,174.85042325,11.0,16.779823
1436404678489,-36.88224308,174.85053662,11.0,16.28074
1436404679495,-36.88211276,174.85065444,10.0,17.278961
1436404680498,-36.88198893,174.85076169,9.0,16.779823
1436404681494,-36.88188637,174.85086186,9.0,15.282752
1436404682489,-36.88178793,174.85093129,9.0,13.536986
1436404683503,-36.88168184,174.85101408,9.0,12.290749
1436404684488,-36.88159991,174.85105559,10.0,10.547511
1436404685493,-36.88153959,174.85107903,10.0,8.558621
1436404686489,-36.88148026,174.85112171,10.0,7.566373
1436404687496,-36.88145181,174.85117045,10.0,5.836309
1436404688499,-36.88145051,174.85122324,9.0,5.3443894
1436404689494,-36.88145063,174.85126667,4.0,4.366062
1436404690490,-36.881456,174.85130534,4.0,3.8810437
1436404691494,-36.88146582,174.85134331,5.0,3.640055
1436404692488,-36.88147364,174.85138168,5.0,3.8810437
1436404693493,-36.88148451,174.85143093,5.0,4.366062
1436404694489,-36.88148636,174.85149132,5.0,4.854122
1436404695495,-36.88150583,174.85154234,5.0,5.0990195
1436404696490,-36.88152277,174.85158267,5.0,4.366062
1436404697496,-36.88154243,174.85160548,5.0,2.9261749
1436404698491,-36.88154758,174.85162218,6.0,2.0155644
1436404699483,-36.88155341,174.85163777,6.0,2.0155644
1436404700494,-36.8815639,174.85162464,5.0,1.0307764
1436404701484,-36.88156102,174.85162632,5.0,1.0
1436404702484,-36.8815643,174.85162542,5.0,1.0
1436404703492,-36.88156552,174.85162127,5.0,1.0
1436404705145,-36.88156616,174.85162359,5.0,1.0
1436404705485,-36.88157035,174.85162276,6.0,1.25
1436404706500,-36.88157154,174.85163353,6.0,1.118034
1436404707486,-36.88159069,174.85167422,5.0,2.6925824
1436404708483,-36.88161064,174.85170607,5.0,3.1622777
1436404709483,-36.88161233,174.85172939,5.0,2.9261749
1436404710483,-36.88161984,174.85175964,5.0,2.4622145
1436404711492,-36.88163263,174.85178257,4.0,2.236068
1436404712485,-36.88164364,174.85180478,4.0,2.4622145
1436404713485,-36.8816575,174.85182907,3.0,2.6925824
1436404714484,-36.88167454,174.85185813,3.0,2.9261749
1436404715486,-36.8817022,174.8519045,4.0,4.366062
1436404716491,-36.88172707,174.85194563,3.0,4.1231055
1436404717534,-36.88174745,174.8519861,3.0,4.1231055
1436404718491,-36.88176265,174.85202847,4.0,3.8810437
1436404719504,-36.88176589,174.85205496,4.0,2.6925824
1436404720489,-36.88176117,174.85207385,4.0,2.236068
1436404721496,-36.8817524,174.85208178,3.0,1.6007811
1436404722490,-36.88174085,174.8520874,4.0,1.6007811
1436404723496,-36.88173106,174.85208804,4.0,1.4142135
1436404724501,-36.88171921,174.85208802,4.0,1.4142135
1436404725495,-36.88170539,174.85208922,3.0,1.4142135
1436404726492,-36.88168874,174.85209509,3.0,1.6007811
1436404727506,-36.8816612,174.85211075,3.0,2.9261749
1436404728489,-36.88162938,174.85212941,4.0,3.4003677
1436404729486,-36.88160104,174.85214851,4.0,3.4003677
1436404730487,-36.8815732,174.85216565,4.0,3.1622777
1436404731486,-36.88154766,174.85218133,4.0,3.1622777
1436404732488,-36.88152205,174.85219691,4.0,3.1622777
1436404733495,-36.88149723,174.85221368,4.0,3.1622777
1436404734491,-36.88147179,174.85223442,4.0,3.4003677
1436404735491,-36.88144738,174.85225506,4.0,3.4003677
1436404736490,-36.88142386,174.85227512,4.0,3.1622777
1436404737506,-36.88140265,174.852291,3.0,3.1622777
1436404738489,-36.8813871,174.85229927,3.0,2.236068
1436404739493,-36.88137004,174.85230348,4.0,2.236068
1436404740494,-36.88134957,174.85230177,4.0,2.236068
1436404741488,-36.88133036,174.85229563,4.0,2.4622145
1436404742497,-36.88131267,174.85228269,3.0,2.236068
1436404743491,-36.88130045,174.85226492,4.0,2.236068
1436404744496,-36.88129161,174.85224422,4.0,2.236068
1436404745488,-36.88128222,174.85222625,4.0,2.236068
1436404746494,-36.88127067,174.85221176,4.0,2.236068
1436404747499,-36.88125498,174.85220435,4.0,2.236068
1436404748490,-36.88123911,174.85220437,4.0,2.236068
1436404749494,-36.88122573,174.85221065,3.0,2.0155644
1436404750490,-36.88121689,174.85222321,3.0,2.0155644
1436404751496,-36.8812195,174.85222794,3.0,1.118034
1436404752492,-36.88121886,174.85223236,3.0,1.118034
1436404753494,-36.88121887,174.85223494,3.0,1.0307764
1436404754491,-36.88121845,174.85223664,3.0,1.0307764
1436404755505,-36.88122101,174.85223654,3.0,1.0
1436404756486,-36.88122237,174.85223657,3.0,1.0
1436404757491,-36.88122361,174.85223662,3.0,1.0
1436404759495,-36.88122506,174.85223471,3.0,1.0
1436404760493,-36.88122589,174.85223386,3.0,1.0
1436404761491,-36.88122585,174.85223553,3.0,1.0
1436404762495,-36.88122665,174.85223714,3.0,1.0
1436404763499,-36.88122665,174.85223714,4.0,1.0
1436404764491,-36.88122734,174.85223796,4.0,1.0
1436404765489,-36.88122723,174.85223844,4.0,1.0
1436404766508,-36.88122691,174.85223794,4.0,1.0
1436404767519,-36.88122662,174.8522374,4.0,1.0
1436404768519,-36.88122658,174.85223707,5.0,1.0
#Journey End