1436424352,-36.85603589 174.76992491,URBAN,FIFTY,DAY,20.7,20.0
1436424353,-36.85607596 174.76975064,URBAN,FIFTY,DAY,23.400000000000002,21.0
1436424354,-36.85606245 174.76965761,URBAN,FIFTY,DAY,22.5,16.0
1436424355,-36.85603131 174.76961814,URBAN,FIFTY,DAY,25.2,14.0
1436424356,-36.85596579 174.76964558,URBAN,FIFTY,DAY,21.6,12.0
1436424357,-36.8559173 174.76963354,URBAN,FIFTY,DAY,16.2,11.0
1436424358,-36.8559103 174.76963099,URBAN,FIFTY,DAY,10.8,11.0
1436424359,-36.85589388 174.76962521,URBAN,FIFTY,DAY,4.5,10.0
1436424360,-36.85588872 174.76962259,URBAN,FIFTY,DAY,1.8,10.0
1436424361,-36.85589005 174.76960712,URBAN,FIFTY,DAY,0.9,10.0
1436424362,-36.85589232 174.76960077,URBAN,FIFTY,DAY,0.9,10.0
1436424363,-36.85588381 174.76959334,URBAN,FIFTY,DAY,0.9,10.0
1436424364,-36.85588607 174.76959522,URBAN,FIFTY,DAY,0.9,10.0
1436424365,-36.85588771 174.76959732,URBAN,FIFTY,DAY,2.7,10.0
1436424366,-36.85586785 174.76959322,URBAN,FIFTY,DAY,5.4,10.0
1436424367,-36.85585249 174.76958214,URBAN,FIFTY,DAY,7.2,10.0
1436424368,-36.85583566 174.76956489,URBAN,FIFTY,DAY,9.0,10.0
1436424369,-36.85581632 174.76954613,URBAN,EIGHTY,DAY,9.0,10.0
1436424370,-36.85580183 174.76950854,MOTORWAY,EIGHTY,DAY,11.700000000000001,10.0
1436424371,-36.85582028 174.76940619,MOTORWAY,EIGHTY,DAY,21.6,10.0
1436424372,-36.85583897 174.76936036,URBAN,EIGHTY,DAY,20.7,10.0
1436424373,-36.8558968 174.76927951,URBAN,EIGHTY,DAY,27.0,11.0
1436424374,-36.8560124 174.76917307,URBAN,EIGHTY,DAY,42.300000000000004,10.0
1436424375,-36.85610986 174.76907764,URBAN,EIGHTY,DAY,48.6,10.0
1436424376,-36.85622427 174.76897819,URBAN,EIGHTY,DAY,53.1,10.0
1436424377,-36.85633526 174.76889132,URBAN,EIGHTY,DAY,54.0,10.0
1436424378,-36.85645107 174.76878869,URBAN,EIGHTY,DAY,53.1,10.0
1436424379,-36.85656847 174.76869402,URBAN,EIGHTY,DAY,52.2,10.0
1436424380,-36.85667137 174.76860703,URBAN,EIGHTY,DAY,51.300000000000004,10.0
1436424381,-36.85677979 174.76854205,URBAN,EIGHTY,DAY,48.6,10.0
1436424382,-36.85687878 174.7684709,URBAN,EIGHTY,DAY,48.6,9.0
1436424383,-36.85698364 174.76839173,URBAN,EIGHTY,DAY,49.5,9.0
1436424384,-36.85708189 174.76831684,URBAN,EIGHTY,DAY,50.4,9.0
1436424385,-36.85719505 174.76823036,URBAN,EIGHTY,DAY,51.300000000000004,9.0
1436424386,-36.85731256 174.76814414,URBAN,EIGHTY,DAY,52.2,4.0
1436424387,-36.8574198 174.76806155,URBAN,EIGHTY,DAY,53.1,4.0
1436424388,-36.85752731 174.76798543,URBAN,EIGHTY,DAY,53.1,4.0
1436424389,-36.85765177 174.76789941,URBAN,EIGHTY,DAY,54.0,4.0
1436424390,-36.8577728 174.76781825,URBAN,EIGHTY,DAY,53.1,4.0
1436424391,-36.85788971 174.76773186,URBAN,EIGHTY,DAY,53.1,4.0
1436424392,-36.85799651 174.76764176,URBAN,EIGHTY,DAY,52.2,4.0
1436424393,-36.85811042 174.7675499,URBAN,EIGHTY,DAY,53.1,5.0
1436424394,-36.85821925 174.76746607,URBAN,EIGHTY,DAY,53.1,4.0
1436424395,-36.85833228 174.76737537,URBAN,EIGHTY,DAY,54.0,4.0
1436424396,-36.85845513 174.7672815,URBAN,EIGHTY,DAY,54.9,4.0
1436424397,-36.85858318 174.76717931,URBAN,EIGHTY,DAY,57.6,4.0
1436424398,-36.85869882 174.76708979,URBAN,EIGHTY,DAY,58.5,4.0
1436424399,-36.85882909 174.76699976,URBAN,EIGHTY,DAY,60.300000000000004,4.0
1436424400,-36.85894539 174.7669115,URBAN,EIGHTY,DAY,59.4,5.0
1436424401,-36.85908149 174.76680335,URBAN,EIGHTY,DAY,60.300000000000004,5.0
1436424402,-36.85921242 174.76670469,URBAN,EIGHTY,DAY,59.4,6.0
1436424403,-36.85933139 174.76662929,URBAN,EIGHTY,DAY,57.6,6.0
1436424404,-36.859447 174.76654896,URBAN,EIGHTY,DAY,55.800000000000004,7.0
1436424405,-36.85953428 174.76648221,URBAN,EIGHTY,DAY,53.1,6.0
1436424406,-36.85964677 174.76640615,URBAN,EIGHTY,DAY,54.9,6.0
1436424407,-36.85977713 174.76630948,MOTORWAY,EIGHTY,DAY,58.5,5.0
1436424408,-36.859905 174.76621408,MOTORWAY,EIGHTY,DAY,59.4,6.0
1436424409,-36.86004342 174.76609815,MOTORWAY,EIGHTY,DAY,61.2,6.0
1436424410,-36.86017446 174.76596578,MOTORWAY,EIGHTY,DAY,64.8,5.0
1436424411,-36.86030889 174.76581343,MOTORWAY,EIGHTY,DAY,67.5,4.0
1436424412,-36.86042934 174.76564426,MOTORWAY,EIGHTY,DAY,68.4,4.0
1436424413,-36.86056352 174.76545446,MOTORWAY,EIGHTY,DAY,71.10000000000001,4.0
1436424414,-36.86064586 174.76527151,MOTORWAY,EIGHTY,DAY,71.10000000000001,4.0
1436424415,-36.86073613 174.7650801,MOTORWAY,EIGHTY,DAY,71.10000000000001,4.0
1436424416,-36.86081666 174.76488753,MOTORWAY,EIGHTY,DAY,70.2,4.0
1436424417,-36.86088117 174.76469178,MOTORWAY,EIGHTY,DAY,70.2,4.0
1436424418,-36.86094244 174.76448094,MOTORWAY,EIGHTY,DAY,71.10000000000001,5.0
1436424419,-36.86099052 174.76426012,MOTORWAY,EIGHTY,DAY,71.10000000000001,5.0
1436424420,-36.86101541 174.76405619,MOTORWAY,EIGHTY,DAY,71.10000000000001,6.0
1436424421,-36.86104005 174.76382734,MOTORWAY,EIGHTY,DAY,72.0,6.0
1436424422,-36.86104904 174.76361351,MOTORWAY,EIGHTY,DAY,70.2,7.0
1436424423,-36.86103719 174.763381,URBAN,EIGHTY,DAY,72.9,6.0
1436424424,-36.86101934 174.76314546,MOTORWAY,EIGHTY,DAY,75.60000000000001,7.0
1436424425,-36.86099045 174.76292309,MOTORWAY,EIGHTY,DAY,73.8,8.0
1436424426,-36.8609219 174.76269572,MOTORWAY,EIGHTY,DAY,74.7,8.0
1436424427,-36.86085123 174.76245911,MOTORWAY,EIGHTY,DAY,77.4,8.0
1436424428,-36.86079037 174.76226461,URBAN,FIFTY,DAY,76.5,8.0
1436424429,-36.86069559 174.76199282,MOTORWAY,EIGHTY,DAY,78.3,10.0
1436424430,-36.86061092 174.76177307,MOTORWAY,EIGHTY,DAY,79.2,10.0
1436424431,-36.86051733 174.76149245,MOTORWAY,EIGHTY,DAY,84.60000000000001,8.0
1436424432,-36.86042297 174.76124566,MOTORWAY,EIGHTY,DAY,85.5,7.0
1436424433,-36.86031549 174.76103024,MOTORWAY,EIGHTY,DAY,83.7,7.0
1436424434,-36.8602264 174.76079388,MOTORWAY,EIGHTY,DAY,82.8,7.0
1436424435,-36.86018627 174.76051966,MOTORWAY,EIGHTY,DAY,81.9,6.0
1436424436,-36.86013642 174.76028681,MOTORWAY,EIGHTY,DAY,81.9,6.0
1436424437,-36.86013129 174.76002485,MOTORWAY,EIGHTY,DAY,83.7,6.0
1436424438,-36.86012217 174.75976792,MOTORWAY,EIGHTY,DAY,83.7,6.0
1436424439,-36.86015818 174.75948177,MOTORWAY,EIGHTY,DAY,85.5,5.0
1436424440,-36.86020851 174.75922723,MOTORWAY,EIGHTY,DAY,86.4,4.0
1436424441,-36.8602567 174.75897142,MOTORWAY,EIGHTY,DAY,86.4,4.0
1436424442,-36.86030549 174.75871353,MOTORWAY,EIGHTY,DAY,84.60000000000001,5.0
1436424443,-36.86038118 174.7584603,MOTORWAY,EIGHTY,DAY,85.5,6.0
1436424444,-36.86042987 174.75821601,MOTORWAY,EIGHTY,DAY,85.5,5.0
1436424445,-36.86051947 174.75796545,MOTORWAY,EIGHTY,DAY,86.4,5.0
1436424446,-36.86059655 174.75770912,MOTORWAY,EIGHTY,DAY,88.2,5.0
1436424447,-36.86067312 174.75744901,MOTORWAY,EIGHTY,DAY,89.10000000000001,5.0
1436424448,-36.86075372 174.7572101,MOTORWAY,EIGHTY,DAY,88.2,4.0
1436424449,-36.86086663 174.75697891,MOTORWAY,EIGHTY,DAY,89.10000000000001,4.0
1436424450,-36.86100358 174.75673849,MOTORWAY,EIGHTY,DAY,88.2,4.0
1436424451,-36.8611365 174.75651665,MOTORWAY,EIGHTY,DAY,87.3,4.0
1436424452,-36.86125527 174.75631326,MOTORWAY,EIGHTY,DAY,86.4,3.0
1436424453,-36.86138782 174.75608814,MOTORWAY,EIGHTY,DAY,85.5,3.0
1436424454,-36.86150766 174.75588047,MOTORWAY,EIGHTY,DAY,85.5,3.0
1436424455,-36.86163109 174.7556599,MOTORWAY,EIGHTY,DAY,86.4,4.0
1436424456,-36.86175909 174.7554398,MOTORWAY,EIGHTY,DAY,88.2,3.0
1436424457,-36.86188643 174.75521469,MOTORWAY,EIGHTY,DAY,88.2,3.0
1436424458,-36.86201489 174.7549876,MOTORWAY,EIGHTY,DAY,88.2,3.0
1436424459,-36.86214229 174.75476833,MOTORWAY,EIGHTY,DAY,88.2,3.0
1436424460,-36.86226921 174.75455585,MOTORWAY,EIGHTY,DAY,87.3,4.0
1436424461,-36.86239813 174.75433566,MOTORWAY,EIGHTY,DAY,86.4,4.0
1436424462,-36.86252163 174.75413398,MOTORWAY,EIGHTY,DAY,84.60000000000001,5.0
1436424463,-36.86264907 174.75391358,MOTORWAY,EIGHTY,DAY,85.5,5.0
1436424464,-36.86277119 174.75371294,MOTORWAY,EIGHTY,DAY,86.4,5.0
1436424465,-36.86291622 174.75348818,MOTORWAY,EIGHTY,DAY,87.3,5.0
1436424466,-36.86306427 174.75330861,MOTORWAY,EIGHTY,DAY,84.60000000000001,6.0
1436424467,-36.86321012 174.7531206,MOTORWAY,EIGHTY,DAY,83.7,4.0
1436424468,-36.8633341 174.75293934,MOTORWAY,EIGHTY,DAY,82.8,4.0
1436424469,-36.8634876 174.75274621,MOTORWAY,EIGHTY,DAY,81.9,4.0
1436424470,-36.86363615 174.75256186,MOTORWAY,EIGHTY,DAY,81.9,5.0
1436424471,-36.86379394 174.75238263,MOTORWAY,EIGHTY,DAY,83.7,5.0
1436424472,-36.86393844 174.7522127,MOTORWAY,EIGHTY,DAY,85.5,4.0
1436424473,-36.86410442 174.7520325,MOTORWAY,EIGHTY,DAY,87.3,4.0
1436424474,-36.86427086 174.75183278,MOTORWAY,EIGHTY,DAY,86.4,3.0
1436424475,-36.86441927 174.75166602,MOTORWAY,HUNDRED,DAY,83.7,3.0
1436424476,-36.86457216 174.75150704,MOTORWAY,HUNDRED,DAY,82.8,4.0
1436424477,-36.86472529 174.7513415,MOTORWAY,HUNDRED,DAY,81.9,4.0
1436424478,-36.86488494 174.75116835,MOTORWAY,HUNDRED,DAY,82.8,4.0
1436424479,-36.86503336 174.75099682,MOTORWAY,HUNDRED,DAY,81.9,5.0
1436424480,-36.86516922 174.75082504,MOTORWAY,HUNDRED,DAY,81.0,6.0
1436424481,-36.86531405 174.75065778,MOTORWAY,HUNDRED,DAY,79.2,6.0
1436424482,-36.8654613 174.75049234,MOTORWAY,HUNDRED,DAY,79.2,4.0
1436424483,-36.86560019 174.75032152,MOTORWAY,HUNDRED,DAY,79.2,4.0
1436424484,-36.86574398 174.7501561,MOTORWAY,HUNDRED,DAY,79.2,4.0
1436424485,-36.86588283 174.7499885,MOTORWAY,HUNDRED,DAY,80.10000000000001,3.0
1436424486,-36.86602245 174.74981246,MOTORWAY,HUNDRED,DAY,80.10000000000001,3.0
1436424487,-36.86617621 174.74964436,MOTORWAY,HUNDRED,DAY,80.10000000000001,3.0
1436424488,-36.86631874 174.74947834,MOTORWAY,HUNDRED,DAY,81.9,3.0
1436424489,-36.86647159 174.7493096,MOTORWAY,HUNDRED,DAY,83.7,3.0
1436424490,-36.86662937 174.74912873,MOTORWAY,HUNDRED,DAY,85.5,3.0
1436424491,-36.8667903 174.74894888,MOTORWAY,HUNDRED,DAY,86.4,3.0
1436424492,-36.86694669 174.74877565,MOTORWAY,HUNDRED,DAY,86.4,3.0
1436424493,-36.86711159 174.748582,MOTORWAY,HUNDRED,DAY,87.3,4.0
1436424494,-36.86726251 174.74838394,MOTORWAY,HUNDRED,DAY,88.2,3.0
1436424495,-36.86741376 174.7481803,MOTORWAY,HUNDRED,DAY,88.2,3.0
1436424496,-36.86755189 174.74798073,MOTORWAY,HUNDRED,DAY,86.4,3.0
1436424497,-36.86769161 174.74776343,MOTORWAY,HUNDRED,DAY,86.4,3.0
1436424498,-36.86783137 174.74754694,MOTORWAY,HUNDRED,DAY,87.3,3.0
1436424499,-36.86796384 174.7473344,MOTORWAY,HUNDRED,DAY,86.4,4.0
1436424500,-36.86807491 174.74711194,MOTORWAY,HUNDRED,DAY,86.4,3.0
1436424501,-36.86819223 174.74687171,MOTORWAY,HUNDRED,DAY,87.3,3.0
1436424502,-36.86829608 174.74662152,MOTORWAY,HUNDRED,DAY,88.2,3.0
1436424503,-36.86839927 174.74636914,MOTORWAY,HUNDRED,DAY,88.2,3.0
1436424504,-36.86849631 174.74611897,MOTORWAY,HUNDRED,DAY,88.2,3.0
1436424505,-36.86858646 174.74586639,MOTORWAY,HUNDRED,DAY,89.10000000000001,4.0
1436424506,-36.86866141 174.74559843,MOTORWAY,HUNDRED,DAY,89.10000000000001,3.0
1436424507,-36.86873529 174.74533457,MOTORWAY,HUNDRED,DAY,89.10000000000001,4.0
1436424508,-36.86879116 174.74507932,MOTORWAY,HUNDRED,DAY,88.2,3.0
1436424509,-36.86885026 174.74480927,MOTORWAY,HUNDRED,DAY,87.3,3.0
1436424510,-36.86888131 174.74455993,MOTORWAY,HUNDRED,DAY,84.60000000000001,3.0
1436424511,-36.86892418 174.74430728,MOTORWAY,HUNDRED,DAY,83.7,3.0
1436424512,-36.8689627 174.74405381,MOTORWAY,HUNDRED,DAY,83.7,5.0
1436424513,-36.86896915 174.74381585,MOTORWAY,HUNDRED,DAY,82.8,5.0
1436424514,-36.86899185 174.74354867,MOTORWAY,HUNDRED,DAY,83.7,5.0
1436424515,-36.86901101 174.74329025,MOTORWAY,HUNDRED,DAY,83.7,7.0
1436424516,-36.86900625 174.74304698,MOTORWAY,HUNDRED,DAY,81.9,6.0
1436424517,-36.86900472 174.74279075,MOTORWAY,HUNDRED,DAY,81.0,6.0
1436424518,-36.8689945 174.74254033,MOTORWAY,HUNDRED,DAY,80.10000000000001,7.0
1436424519,-36.86898844 174.74229168,MOTORWAY,HUNDRED,DAY,80.10000000000001,10.0
1436424520,-36.86896519 174.74202444,MOTORWAY,HUNDRED,DAY,81.0,8.0
1436424521,-36.86894109 174.74178588,MOTORWAY,HUNDRED,DAY,81.0,7.0
1436424522,-36.86890301 174.74151888,MOTORWAY,HUNDRED,DAY,81.0,7.0
1436424523,-36.86887529 174.74129109,MOTORWAY,HUNDRED,DAY,82.8,8.0
1436424524,-36.86884832 174.74105307,MOTORWAY,HUNDRED,DAY,82.8,7.0
1436424525,-36.86882705 174.74080044,MOTORWAY,HUNDRED,DAY,82.8,7.0
1436424526,-36.86880318 174.74054636,MOTORWAY,HUNDRED,DAY,82.8,7.0
1436424527,-36.86877359 174.74026472,MOTORWAY,HUNDRED,DAY,84.60000000000001,6.0
1436424528,-36.86875436 174.73999594,MOTORWAY,HUNDRED,DAY,85.5,6.0
1436424529,-36.86872962 174.73973352,MOTORWAY,HUNDRED,DAY,85.5,7.0
1436424530,-36.86870095 174.73944392,MOTORWAY,HUNDRED,DAY,88.2,5.0
1436424531,-36.86866922 174.73916351,MOTORWAY,HUNDRED,DAY,89.10000000000001,5.0
1436424532,-36.8686416 174.73888407,MOTORWAY,HUNDRED,DAY,90.9,5.0
1436424533,-36.86861826 174.73859612,MOTORWAY,HUNDRED,DAY,90.9,5.0
1436424534,-36.86859226 174.73831655,MOTORWAY,HUNDRED,DAY,90.9,6.0
1436424535,-36.86857335 174.73804223,MOTORWAY,HUNDRED,DAY,91.8,5.0
1436424536,-36.86855547 174.7377607,MOTORWAY,HUNDRED,DAY,91.8,6.0
1436424537,-36.86853986 174.73746891,MOTORWAY,HUNDRED,DAY,90.9,5.0
1436424538,-36.86850804 174.73717707,MOTORWAY,HUNDRED,DAY,90.9,4.0
1436424539,-36.86849524 174.73689619,MOTORWAY,HUNDRED,DAY,90.0,3.0
1436424540,-36.86846817 174.73661057,MOTORWAY,HUNDRED,DAY,90.0,3.0
1436424541,-36.86845462 174.73630791,MOTORWAY,HUNDRED,DAY,89.10000000000001,3.0
1436424542,-36.86842518 174.73602901,MOTORWAY,HUNDRED,DAY,89.10000000000001,3.0
1436424543,-36.86839921 174.73575931,MOTORWAY,HUNDRED,DAY,89.10000000000001,3.0
1436424544,-36.86836954 174.73548841,MOTORWAY,HUNDRED,DAY,88.2,3.0
1436424545,-36.86834141 174.73520927,MOTORWAY,HUNDRED,DAY,89.10000000000001,3.0
1436424546,-36.86831554 174.73492975,MOTORWAY,HUNDRED,DAY,88.2,3.0
1436424547,-36.86829021 174.73466033,MOTORWAY,HUNDRED,DAY,88.2,3.0
1436424548,-36.86826225 174.73439055,MOTORWAY,HUNDRED,DAY,88.2,3.0
1436424549,-36.86824146 174.73411471,MOTORWAY,HUNDRED,DAY,88.2,4.0
1436424550,-36.86823223 174.73384373,MOTORWAY,HUNDRED,DAY,88.2,4.0
1436424551,-36.86822722 174.73358824,MOTORWAY,HUNDRED,DAY,87.3,4.0
1436424552,-36.86822878 174.73332896,MOTORWAY,HUNDRED,DAY,86.4,4.0
1436424553,-36.8682291 174.7330639,MOTORWAY,HUNDRED,DAY,84.60000000000001,4.0
1436424554,-36.86823129 174.73279346,MOTORWAY,HUNDRED,DAY,83.7,4.0
1436424555,-36.86823785 174.73253476,MOTORWAY,HUNDRED,DAY,83.7,3.0
1436424556,-36.86825473 174.73227644,MOTORWAY,HUNDRED,DAY,82.8,4.0
1436424557,-36.86827461 174.73200305,MOTORWAY,HUNDRED,DAY,83.7,4.0
1436424558,-36.8683007 174.73174779,MOTORWAY,HUNDRED,DAY,82.8,4.0
1436424559,-36.86832794 174.73151142,MOTORWAY,HUNDRED,DAY,81.0,3.0
1436424560,-36.86835651 174.73126562,MOTORWAY,HUNDRED,DAY,80.10000000000001,3.0
1436424561,-36.86838654 174.73102979,MOTORWAY,HUNDRED,DAY,79.2,3.0
1436424562,-36.86843173 174.73077568,MOTORWAY,HUNDRED,DAY,79.2,3.0
1436424563,-36.86847421 174.73054717,MOTORWAY,HUNDRED,DAY,80.10000000000001,3.0
1436424564,-36.86851722 174.73029582,MOTORWAY,HUNDRED,DAY,81.9,3.0
1436424565,-36.8685647 174.73003534,MOTORWAY,HUNDRED,DAY,82.8,3.0
1436424566,-36.86861781 174.72979344,MOTORWAY,HUNDRED,DAY,82.8,3.0
1436424567,-36.86866668 174.72954423,MOTORWAY,HUNDRED,DAY,82.8,3.0
1436424568,-36.8687147 174.72930182,MOTORWAY,HUNDRED,DAY,82.8,9.0
1436424569,-36.86875632 174.72904908,MOTORWAY,HUNDRED,DAY,81.9,9.0
1436424570,-36.86880011 174.72878723,MOTORWAY,HUNDRED,DAY,81.9,9.0
1436424571,-36.86884481 174.72855843,MOTORWAY,HUNDRED,DAY,81.0,9.0
1436424572,-36.86887975 174.72831705,MOTORWAY,HUNDRED,DAY,80.10000000000001,9.0
1436424573,-36.86890774 174.72805689,MOTORWAY,HUNDRED,DAY,79.2,9.0
1436424574,-36.86893822 174.72781584,MOTORWAY,HUNDRED,DAY,78.3,10.0
1436424575,-36.86895074 174.72757707,MOTORWAY,HUNDRED,DAY,77.4,9.0
1436424576,-36.86895831 174.72733869,MOTORWAY,HUNDRED,DAY,76.5,9.0
1436424577,-36.86896127 174.72709513,MOTORWAY,HUNDRED,DAY,77.4,9.0
1436424578,-36.86896601 174.72684161,MOTORWAY,HUNDRED,DAY,78.3,9.0
1436424579,-36.86896873 174.72659823,MOTORWAY,HUNDRED,DAY,78.3,9.0
1436424580,-36.86896866 174.7263597,MOTORWAY,HUNDRED,DAY,78.3,10.0
1436424581,-36.86894756 174.72611799,MOTORWAY,HUNDRED,DAY,76.5,10.0
1436424582,-36.86893399 174.72587847,URBAN,FIFTY,DAY,76.5,9.0
1436424583,-36.86892756 174.72563281,MOTORWAY,HUNDRED,DAY,79.2,10.0
1436424584,-36.86891464 174.72539042,MOTORWAY,HUNDRED,DAY,77.4,10.0
1436424585,-36.86888857 174.72516016,MOTORWAY,HUNDRED,DAY,75.60000000000001,9.0
1436424586,-36.86886375 174.72491155,MOTORWAY,HUNDRED,DAY,75.60000000000001,9.0
1436424587,-36.86883698 174.72468062,MOTORWAY,HUNDRED,DAY,74.7,9.0
1436424588,-36.86881625 174.72445205,MOTORWAY,HUNDRED,DAY,73.8,9.0
1436424589,-36.86878991 174.72421494,MOTORWAY,HUNDRED,DAY,72.9,9.0
1436424590,-36.86877488 174.7239933,MOTORWAY,HUNDRED,DAY,73.8,9.0
1436424591,-36.86877132 174.72376762,MOTORWAY,HUNDRED,DAY,73.8,9.0
1436424592,-36.86875268 174.72354591,MOTORWAY,HUNDRED,DAY,72.9,9.0
1436424593,-36.86874338 174.72332535,MOTORWAY,HUNDRED,DAY,72.9,9.0
1436424594,-36.86873163 174.72309323,MOTORWAY,HUNDRED,DAY,72.0,9.0
1436424595,-36.86871981 174.72287009,MOTORWAY,HUNDRED,DAY,72.9,9.0
1436424596,-36.86870869 174.7226476,MOTORWAY,HUNDRED,DAY,72.9,9.0
1436424597,-36.86869728 174.72241708,MOTORWAY,HUNDRED,DAY,72.9,9.0
1436424598,-36.86867989 174.72218779,MOTORWAY,HUNDRED,DAY,72.0,10.0
1436424599,-36.86867958 174.72195806,MOTORWAY,HUNDRED,DAY,72.9,10.0
1436424600,-36.86868507 174.72173824,MOTORWAY,HUNDRED,DAY,72.0,10.0
1436424601,-36.86868727 174.72152254,MOTORWAY,HUNDRED,DAY,71.10000000000001,9.0
1436424602,-36.86869231 174.72129937,MOTORWAY,HUNDRED,DAY,71.10000000000001,10.0
1436424603,-36.86872873 174.72107159,URBAN,HUNDRED,DAY,72.9,9.0
1436424604,-36.86874251 174.72084662,MOTORWAY,HUNDRED,DAY,73.8,9.0
1436424605,-36.86876782 174.72061653,MOTORWAY,HUNDRED,DAY,74.7,9.0
1436424606,-36.86880141 174.72039714,MOTORWAY,HUNDRED,DAY,75.60000000000001,9.0
1436424607,-36.86883737 174.72018031,MOTORWAY,HUNDRED,DAY,75.60000000000001,9.0
1436424608,-36.86889485 174.71993863,MOTORWAY,HUNDRED,DAY,76.5,9.0
1436424609,-36.86895114 174.71972193,MOTORWAY,HUNDRED,DAY,76.5,9.0
1436424610,-36.86900671 174.71949223,MOTORWAY,HUNDRED,DAY,77.4,9.0
1436424611,-36.86906286 174.71926691,MOTORWAY,HUNDRED,DAY,77.4,9.0
1436424612,-36.86912995 174.71903949,MOTORWAY,HUNDRED,DAY,76.5,9.0
1436424613,-36.86919774 174.71881228,MOTORWAY,HUNDRED,DAY,76.5,9.0
1436424614,-36.86926234 174.7185939,MOTORWAY,HUNDRED,DAY,76.5,9.0
1436424615,-36.86932663 174.7183793,MOTORWAY,HUNDRED,DAY,75.60000000000001,9.0
1436424616,-36.86939455 174.71815465,MOTORWAY,HUNDRED,DAY,75.60000000000001,9.0
1436424617,-36.86945819 174.71793296,MOTORWAY,HUNDRED,DAY,75.60000000000001,9.0
1436424618,-36.86952345 174.71770553,MOTORWAY,HUNDRED,DAY,74.7,9.0
1436424619,-36.86959022 174.71748946,MOTORWAY,HUNDRED,DAY,74.7,9.0
1436424620,-36.86966078 174.71726645,MOTORWAY,HUNDRED,DAY,75.60000000000001,9.0
1436424621,-36.8697288 174.71703387,MOTORWAY,HUNDRED,DAY,77.4,9.0
1436424622,-36.86980307 174.71679862,MOTORWAY,HUNDRED,DAY,79.2,9.0
1436424623,-36.86986652 174.71658018,MOTORWAY,HUNDRED,DAY,78.3,9.0
1436424624,-36.86992658 174.71636298,MOTORWAY,HUNDRED,DAY,74.7,9.0
1436424625,-36.86998732 174.71615889,MOTORWAY,HUNDRED,DAY,72.0,9.0
1436424626,-36.87005188 174.71594504,MOTORWAY,HUNDRED,DAY,70.2,9.0
1436424627,-36.87011298 174.71575141,MOTORWAY,HUNDRED,DAY,70.2,9.0
1436424628,-36.87017238 174.71554806,MOTORWAY,HUNDRED,DAY,71.10000000000001,9.0
1436424629,-36.87023301 174.71532893,MOTORWAY,HUNDRED,DAY,72.0,9.0
1436424630,-36.87030145 174.71511454,MOTORWAY,HUNDRED,DAY,72.9,9.0
1436424631,-36.87036404 174.71490199,MOTORWAY,HUNDRED,DAY,73.8,9.0
1436424632,-36.87042904 174.7146807,MOTORWAY,HUNDRED,DAY,75.60000000000001,9.0
1436424633,-36.87049729 174.71446352,MOTORWAY,HUNDRED,DAY,75.60000000000001,9.0
1436424634,-36.87056394 174.71423953,MOTORWAY,HUNDRED,DAY,75.60000000000001,9.0
1436424635,-36.87062721 174.71402266,MOTORWAY,HUNDRED,DAY,75.60000000000001,9.0
1436424636,-36.87069477 174.71379845,MOTORWAY,HUNDRED,DAY,75.60000000000001,9.0
1436424637,-36.87076088 174.71357622,MOTORWAY,HUNDRED,DAY,75.60000000000001,9.0
1436424638,-36.87082502 174.71336129,MOTORWAY,HUNDRED,DAY,74.7,9.0
1436424639,-36.87088306 174.71315503,MOTORWAY,HUNDRED,DAY,73.8,9.0
1436424640,-36.87094734 174.71294679,MOTORWAY,HUNDRED,DAY,72.9,9.0
1436424641,-36.87100836 174.71273004,MOTORWAY,HUNDRED,DAY,72.9,9.0
1436424642,-36.87107041 174.71251605,MOTORWAY,HUNDRED,DAY,72.0,9.0
1436424643,-36.87113421 174.71230973,MOTORWAY,HUNDRED,DAY,72.0,10.0
1436424644,-36.87119343 174.71209686,MOTORWAY,HUNDRED,DAY,72.0,10.0
1436424645,-36.87125666 174.71188175,MOTORWAY,HUNDRED,DAY,71.10000000000001,10.0
1436424646,-36.87131504 174.71166501,MOTORWAY,HUNDRED,DAY,72.0,4.0
1436424647,-36.87135844 174.71146645,MOTORWAY,HUNDRED,DAY,72.0,3.0
1436424648,-36.87140571 174.71124858,MOTORWAY,HUNDRED,DAY,73.8,3.0
1436424649,-36.87144892 174.71101629,MOTORWAY,HUNDRED,DAY,74.7,3.0
1436424650,-36.8714893 174.71077509,MOTORWAY,HUNDRED,DAY,75.60000000000001,3.0
1436424651,-36.87151409 174.71055408,MOTORWAY,HUNDRED,DAY,75.60000000000001,3.0
1436424652,-36.87154539 174.71031742,URBAN,HUNDRED,DAY,76.5,3.0
1436424653,-36.87157065 174.71007099,MOTORWAY,HUNDRED,DAY,76.5,4.0
1436424654,-36.87157638 174.709828,MOTORWAY,HUNDRED,DAY,77.4,5.0
1436424655,-36.87158545 174.70960408,MOTORWAY,HUNDRED,DAY,71.10000000000001,4.0
1436424656,-36.87160009 174.70936551,MOTORWAY,HUNDRED,DAY,73.8,4.0
1436424657,-36.87160472 174.70912883,MOTORWAY,HUNDRED,DAY,74.7,4.0
1436424658,-36.87161593 174.70888,MOTORWAY,HUNDRED,DAY,76.5,4.0
1436424659,-36.87163244 174.70862794,MOTORWAY,HUNDRED,DAY,78.3,4.0
1436424660,-36.87164576 174.70838048,MOTORWAY,HUNDRED,DAY,79.2,3.0
1436424661,-36.87165679 174.70813946,MOTORWAY,HUNDRED,DAY,78.3,3.0
1436424662,-36.87168601 174.70789535,MOTORWAY,HUNDRED,DAY,76.5,3.0
1436424663,-36.87170677 174.70767301,MOTORWAY,HUNDRED,DAY,76.5,3.0
1436424664,-36.87174608 174.70743961,MOTORWAY,HUNDRED,DAY,78.3,3.0
1436424665,-36.87179498 174.70721197,MOTORWAY,HUNDRED,DAY,79.2,3.0
1436424666,-36.87184824 174.70696662,MOTORWAY,HUNDRED,DAY,81.0,3.0
1436424667,-36.87190344 174.70672763,MOTORWAY,HUNDRED,DAY,81.9,3.0
1436424668,-36.87197223 174.70648685,MOTORWAY,HUNDRED,DAY,82.8,3.0
1436424669,-36.87205102 174.7062285,MOTORWAY,HUNDRED,DAY,83.7,3.0
1436424670,-36.87212315 174.70598065,MOTORWAY,HUNDRED,DAY,85.5,3.0
1436424671,-36.87219401 174.70573405,MOTORWAY,HUNDRED,DAY,86.4,3.0
1436424672,-36.87226148 174.70547898,MOTORWAY,HUNDRED,DAY,85.5,3.0
1436424673,-36.87232467 174.70522396,URBAN,FIFTY,DAY,84.60000000000001,3.0
1436424674,-36.87238874 174.7049646,URBAN,HUNDRED,DAY,84.60000000000001,3.0
1436424675,-36.8724419 174.70472404,MOTORWAY,HUNDRED,DAY,83.7,3.0
1436424676,-36.87248896 174.70448571,MOTORWAY,HUNDRED,DAY,81.9,4.0
1436424677,-36.87253263 174.70423229,MOTORWAY,HUNDRED,DAY,81.0,3.0
1436424678,-36.87258061 174.7039758,MOTORWAY,HUNDRED,DAY,81.0,4.0
1436424679,-36.87260033 174.70374642,URBAN,HUNDRED,DAY,75.60000000000001,4.0
1436424680,-36.87261568 174.70353003,URBAN,HUNDRED,DAY,71.10000000000001,4.0
1436424681,-36.87262706 174.70331963,URBAN,HUNDRED,DAY,67.5,4.0
1436424682,-36.87263386 174.70310572,URBAN,HUNDRED,DAY,66.60000000000001,4.0
1436424683,-36.8726356 174.70293402,URBAN,HUNDRED,DAY,62.1,3.0
1436424684,-36.87263651 174.70274019,URBAN,HUNDRED,DAY,61.2,3.0
1436424685,-36.87263528 174.70254374,URBAN,HUNDRED,DAY,61.2,3.0
1436424686,-36.87262824 174.70235001,URBAN,HUNDRED,DAY,61.2,3.0
1436424687,-36.87261193 174.70216514,URBAN,HUNDRED,DAY,62.1,3.0
1436424688,-36.87259306 174.70196438,URBAN,HUNDRED,DAY,64.8,3.0
1436424689,-36.87257437 174.70176418,URBAN,HUNDRED,DAY,66.60000000000001,3.0
1436424690,-36.87255094 174.70154518,URBAN,HUNDRED,DAY,66.60000000000001,3.0
1436424691,-36.87252578 174.70134042,URBAN,HUNDRED,DAY,68.4,3.0
1436424692,-36.87249604 174.70113048,URBAN,HUNDRED,DAY,70.2,3.0
1436424693,-36.87245208 174.70090123,URBAN,HUNDRED,DAY,72.9,3.0
1436424694,-36.87239887 174.70067488,URBAN,HUNDRED,DAY,75.60000000000001,3.0
1436424695,-36.87234416 174.70044513,URBAN,HUNDRED,DAY,76.5,3.0
1436424696,-36.87229679 174.70020328,URBAN,HUNDRED,DAY,78.3,3.0
1436424697,-36.87225344 174.6999611,URBAN,HUNDRED,DAY,79.2,3.0
1436424698,-36.872218 174.69971048,URBAN,HUNDRED,DAY,80.10000000000001,3.0
1436424699,-36.87218331 174.69946731,URBAN,HUNDRED,DAY,81.0,3.0
1436424700,-36.87214356 174.69921985,URBAN,HUNDRED,DAY,82.8,3.0
1436424701,-36.87211227 174.69895858,URBAN,HUNDRED,DAY,84.60000000000001,3.0
1436424702,-36.8720797 174.69869836,URBAN,HUNDRED,DAY,84.60000000000001,3.0
1436424703,-36.87205127 174.6984495,URBAN,HUNDRED,DAY,84.60000000000001,3.0
1436424704,-36.87202536 174.69818103,URBAN,HUNDRED,DAY,84.60000000000001,3.0
1436424705,-36.87199684 174.69791708,URBAN,HUNDRED,DAY,85.5,3.0
1436424706,-36.87197511 174.69763926,URBAN,HUNDRED,DAY,85.5,3.0
1436424707,-36.87195527 174.6973904,URBAN,HUNDRED,DAY,84.60000000000001,3.0
1436424708,-36.87193674 174.69713391,URBAN,HUNDRED,DAY,83.7,3.0
1436424709,-36.87192872 174.69686014,URBAN,HUNDRED,DAY,83.7,3.0
1436424710,-36.87192386 174.69660529,MOTORWAY,HUNDRED,DAY,82.8,4.0
1436424711,-36.87191947 174.6963476,MOTORWAY,HUNDRED,DAY,83.7,4.0
1436424712,-36.87191581 174.69609781,MOTORWAY,HUNDRED,DAY,83.7,3.0
1436424713,-36.87191727 174.69584031,MOTORWAY,HUNDRED,DAY,83.7,3.0
1436424714,-36.8719227 174.69556651,MOTORWAY,HUNDRED,DAY,83.7,3.0
1436424715,-36.87192732 174.69531578,MOTORWAY,HUNDRED,DAY,84.60000000000001,3.0
1436424716,-36.87192816 174.6950496,MOTORWAY,HUNDRED,DAY,86.4,3.0
1436424717,-36.87193448 174.69476308,MOTORWAY,HUNDRED,DAY,86.4,3.0
1436424718,-36.87193353 174.69448726,MOTORWAY,HUNDRED,DAY,88.2,3.0
1436424719,-36.87193244 174.69422639,MOTORWAY,HUNDRED,DAY,88.2,4.0
1436424720,-36.87192968 174.69394964,MOTORWAY,HUNDRED,DAY,88.2,3.0
1436424721,-36.87194029 174.69368194,MOTORWAY,HUNDRED,DAY,89.10000000000001,4.0
1436424722,-36.87194492 174.69339976,MOTORWAY,HUNDRED,DAY,89.10000000000001,3.0
1436424723,-36.87195152 174.69314231,MOTORWAY,HUNDRED,DAY,90.0,3.0
1436424724,-36.87195447 174.69285713,MOTORWAY,HUNDRED,DAY,90.0,3.0
1436424725,-36.87196116 174.69256489,MOTORWAY,HUNDRED,DAY,89.10000000000001,3.0
1436424726,-36.87196689 174.69227704,MOTORWAY,HUNDRED,DAY,87.3,3.0
1436424727,-36.87197185 174.69200567,MOTORWAY,HUNDRED,DAY,87.3,3.0
1436424728,-36.87197688 174.69172662,MOTORWAY,HUNDRED,DAY,87.3,3.0
1436424729,-36.87197669 174.69145353,MOTORWAY,HUNDRED,DAY,86.4,3.0
1436424730,-36.87198469 174.69117733,MOTORWAY,HUNDRED,DAY,85.5,3.0
1436424731,-36.87198996 174.69091827,MOTORWAY,HUNDRED,DAY,84.60000000000001,3.0
1436424732,-36.87199974 174.69065455,MOTORWAY,HUNDRED,DAY,84.60000000000001,3.0
1436424733,-36.87200636 174.69039032,MOTORWAY,HUNDRED,DAY,83.7,3.0
1436424734,-36.87201034 174.69013636,MOTORWAY,HUNDRED,DAY,83.7,3.0
1436424735,-36.8720084 174.68988357,MOTORWAY,HUNDRED,DAY,83.7,9.0
1436424736,-36.8720134 174.68962319,MOTORWAY,HUNDRED,DAY,83.7,9.0
1436424737,-36.87201754 174.68936121,MOTORWAY,HUNDRED,DAY,83.7,9.0
1436424738,-36.87202377 174.68908829,MOTORWAY,HUNDRED,DAY,84.60000000000001,9.0
1436424739,-36.87202699 174.68881645,MOTORWAY,HUNDRED,DAY,85.5,9.0
1436424740,-36.87203444 174.6885559,MOTORWAY,HUNDRED,DAY,87.3,9.0
1436424741,-36.87204254 174.68827719,MOTORWAY,HUNDRED,DAY,87.3,9.0
1436424742,-36.87204805 174.68800855,MOTORWAY,HUNDRED,DAY,87.3,9.0
1436424743,-36.87206341 174.68771784,MOTORWAY,HUNDRED,DAY,87.3,9.0
1436424744,-36.87206554 174.68744829,MOTORWAY,HUNDRED,DAY,88.2,9.0
1436424745,-36.87206924 174.6871784,MOTORWAY,HUNDRED,DAY,87.3,9.0
1436424746,-36.87207218 174.68691485,MOTORWAY,HUNDRED,DAY,86.4,9.0
1436424747,-36.87207639 174.68664875,MOTORWAY,HUNDRED,DAY,86.4,10.0
1436424748,-36.87208851 174.68639941,MOTORWAY,HUNDRED,DAY,85.5,9.0
1436424749,-36.87209478 174.68612818,MOTORWAY,HUNDRED,DAY,85.5,10.0
1436424750,-36.87209961 174.68587128,MOTORWAY,HUNDRED,DAY,84.60000000000001,9.0
1436424751,-36.8720993 174.6856087,MOTORWAY,HUNDRED,DAY,84.60000000000001,10.0
1436424752,-36.87210514 174.68534825,MOTORWAY,HUNDRED,DAY,84.60000000000001,11.0
1436424753,-36.87207918 174.68510709,MOTORWAY,HUNDRED,DAY,81.0,10.0
1436424754,-36.87205135 174.68486797,MOTORWAY,HUNDRED,DAY,79.2,10.0
1436424755,-36.87204734 174.68461628,MOTORWAY,HUNDRED,DAY,80.10000000000001,10.0
1436424756,-36.87204899 174.68435757,MOTORWAY,HUNDRED,DAY,80.10000000000001,10.0
1436424757,-36.87205491 174.68410302,MOTORWAY,HUNDRED,DAY,80.10000000000001,10.0
1436424758,-36.87204221 174.68384832,MOTORWAY,HUNDRED,DAY,80.10000000000001,10.0
1436424759,-36.87202541 174.68360518,MOTORWAY,HUNDRED,DAY,80.10000000000001,10.0
1436424760,-36.87200449 174.68336451,MOTORWAY,HUNDRED,DAY,80.10000000000001,10.0
1436424761,-36.87199472 174.68311362,MOTORWAY,HUNDRED,DAY,81.0,9.0
1436424762,-36.87198795 174.68285161,MOTORWAY,HUNDRED,DAY,81.0,10.0
1436424763,-36.87197756 174.68259581,MOTORWAY,HUNDRED,DAY,81.0,9.0
1436424764,-36.87197238 174.68235919,MOTORWAY,HUNDRED,DAY,81.0,9.0
1436424765,-36.87196285 174.68210263,MOTORWAY,HUNDRED,DAY,80.10000000000001,10.0
1436424766,-36.87194179 174.68186005,MOTORWAY,HUNDRED,DAY,81.0,9.0
1436424767,-36.87192728 174.68160432,MOTORWAY,HUNDRED,DAY,81.9,10.0
1436424768,-36.87192961 174.68136945,MOTORWAY,HUNDRED,DAY,81.0,10.0
1436424769,-36.87192436 174.68111804,MOTORWAY,HUNDRED,DAY,81.9,9.0
1436424770,-36.87190543 174.68085239,MOTORWAY,HUNDRED,DAY,81.9,9.0
1436424771,-36.87189889 174.68060925,MOTORWAY,HUNDRED,DAY,81.9,9.0
1436424772,-36.87189092 174.68035636,MOTORWAY,HUNDRED,DAY,81.9,10.0
1436424773,-36.87187024 174.68009528,MOTORWAY,HUNDRED,DAY,81.0,10.0
1436424774,-36.87186633 174.67985484,MOTORWAY,HUNDRED,DAY,81.0,9.0
1436424775,-36.8718593 174.67960187,MOTORWAY,HUNDRED,DAY,80.10000000000001,10.0
1436424776,-36.87184725 174.67935951,MOTORWAY,HUNDRED,DAY,80.10000000000001,10.0
1436424777,-36.87183497 174.67909873,MOTORWAY,HUNDRED,DAY,79.2,10.0
1436424778,-36.87182393 174.67883838,MOTORWAY,HUNDRED,DAY,79.2,9.0
1436424779,-36.87179501 174.67858757,MOTORWAY,HUNDRED,DAY,78.3,9.0
1436424780,-36.87177832 174.67835956,MOTORWAY,HUNDRED,DAY,78.3,9.0
1436424781,-36.87174089 174.67811165,MOTORWAY,HUNDRED,DAY,77.4,9.0
1436424782,-36.87170273 174.67787239,MOTORWAY,HUNDRED,DAY,77.4,9.0
1436424783,-36.8716481 174.67764304,MOTORWAY,HUNDRED,DAY,76.5,9.0
1436424784,-36.87159338 174.67742277,MOTORWAY,HUNDRED,DAY,74.7,9.0
1436424785,-36.87152721 174.67720912,MOTORWAY,HUNDRED,DAY,73.8,9.0
1436424786,-36.87146608 174.67698639,MOTORWAY,HUNDRED,DAY,73.8,9.0
1436424787,-36.87139785 174.67678149,MOTORWAY,HUNDRED,DAY,73.8,9.0
1436424788,-36.87132962 174.67658435,MOTORWAY,HUNDRED,DAY,73.8,10.0
1436424789,-36.87123533 174.67636811,MOTORWAY,HUNDRED,DAY,74.7,10.0
1436424790,-36.87114683 174.67616238,MOTORWAY,HUNDRED,DAY,73.8,10.0
1436424791,-36.87103919 174.67595069,MOTORWAY,HUNDRED,DAY,74.7,10.0
1436424792,-36.87093545 174.67574676,MOTORWAY,HUNDRED,DAY,74.7,9.0
1436424793,-36.87085127 174.67555195,MOTORWAY,HUNDRED,DAY,74.7,9.0
1436424794,-36.87075323 174.67535513,MOTORWAY,HUNDRED,DAY,74.7,9.0
1436424795,-36.87065472 174.67515645,MOTORWAY,HUNDRED,DAY,75.60000000000001,9.0
1436424796,-36.87056626 174.67496083,MOTORWAY,HUNDRED,DAY,76.5,9.0
1436424797,-36.8704659 174.67474702,MOTORWAY,HUNDRED,DAY,76.5,9.0
1436424798,-36.87036035 174.6745371,MOTORWAY,HUNDRED,DAY,77.4,9.0
1436424799,-36.87025605 174.67432996,MOTORWAY,HUNDRED,DAY,78.3,9.0
1436424800,-36.87015371 174.67412925,MOTORWAY,HUNDRED,DAY,79.2,9.0
1436424801,-36.87005285 174.6739167,MOTORWAY,HUNDRED,DAY,79.2,9.0
1436424802,-36.86994474 174.67370797,MOTORWAY,HUNDRED,DAY,80.10000000000001,9.0
1436424803,-36.86983986 174.67349037,MOTORWAY,HUNDRED,DAY,81.0,10.0
1436424804,-36.86974691 174.6732727,MOTORWAY,HUNDRED,DAY,81.9,10.0
1436424805,-36.86963762 174.67306202,MOTORWAY,HUNDRED,DAY,80.10000000000001,9.0
1436424806,-36.86953577 174.67286058,MOTORWAY,HUNDRED,DAY,79.2,9.0
1436424807,-36.86943319 174.67265046,MOTORWAY,HUNDRED,DAY,78.3,9.0
1436424808,-36.86932593 174.67245185,MOTORWAY,HUNDRED,DAY,78.3,9.0
1436424809,-36.8692275 174.67224611,MOTORWAY,HUNDRED,DAY,77.4,9.0
1436424810,-36.86912361 174.67203884,MOTORWAY,HUNDRED,DAY,76.5,9.0
1436424811,-36.86902768 174.67183676,MOTORWAY,HUNDRED,DAY,75.60000000000001,9.0
1436424812,-36.86893231 174.67163715,MOTORWAY,HUNDRED,DAY,75.60000000000001,9.0
1436424813,-36.86883397 174.67142633,MOTORWAY,HUNDRED,DAY,74.7,9.0
1436424814,-36.86873542 174.67122559,MOTORWAY,HUNDRED,DAY,74.7,9.0
1436424815,-36.86863276 174.67102067,MOTORWAY,HUNDRED,DAY,73.8,9.0
1436424816,-36.868545 174.67082881,MOTORWAY,HUNDRED,DAY,73.8,9.0
1436424817,-36.86845069 174.67063052,MOTORWAY,HUNDRED,DAY,72.9,9.0
1436424818,-36.86835186 174.67043384,MOTORWAY,HUNDRED,DAY,72.0,9.0
1436424819,-36.86825507 174.67024099,MOTORWAY,HUNDRED,DAY,72.0,9.0
1436424820,-36.86816546 174.67006313,MOTORWAY,HUNDRED,DAY,72.9,9.0
1436424821,-36.86806271 174.66986124,MOTORWAY,HUNDRED,DAY,72.9,9.0
1436424822,-36.86796178 174.66967554,MOTORWAY,HUNDRED,DAY,72.9,9.0
1436424823,-36.86785508 174.669495,MOTORWAY,HUNDRED,DAY,72.0,10.0
1436424824,-36.86775967 174.66932813,MOTORWAY,HUNDRED,DAY,69.3,9.0
1436424825,-36.86766029 174.66915867,MOTORWAY,HUNDRED,DAY,68.4,10.0
1436424826,-36.86755021 174.66897991,MOTORWAY,HUNDRED,DAY,69.3,10.0
1436424827,-36.86744057 174.66881274,MOTORWAY,HUNDRED,DAY,68.4,11.0
1436424828,-36.86734719 174.66864683,MOTORWAY,HUNDRED,DAY,67.5,10.0
1436424829,-36.86725392 174.66849008,MOTORWAY,HUNDRED,DAY,66.60000000000001,10.0
1436424830,-36.86715107 174.66831722,MOTORWAY,HUNDRED,DAY,67.5,10.0
1436424831,-36.86704377 174.66815515,MOTORWAY,HUNDRED,DAY,68.4,5.0
1436424832,-36.86694453 174.66799786,MOTORWAY,HUNDRED,DAY,69.3,5.0
1436424833,-36.86683687 174.66782431,MOTORWAY,HUNDRED,DAY,68.4,4.0
1436424834,-36.86673406 174.66766186,MOTORWAY,HUNDRED,DAY,67.5,4.0
1436424835,-36.86663492 174.66751201,MOTORWAY,HUNDRED,DAY,64.8,3.0
1436424836,-36.86653286 174.6673769,MOTORWAY,HUNDRED,DAY,61.2,3.0
1436424837,-36.8664301 174.66724751,MOTORWAY,HUNDRED,DAY,56.7,4.0
1436424838,-36.86634607 174.66713556,MOTORWAY,HUNDRED,DAY,50.4,3.0
1436424839,-36.86625862 174.66704098,MOTORWAY,HUNDRED,DAY,45.9,4.0
1436424840,-36.86617577 174.666952,MOTORWAY,HUNDRED,DAY,41.4,3.0
1436424841,-36.86610188 174.66687516,MOTORWAY,HUNDRED,DAY,36.9,3.0
1436424842,-36.86603269 174.66680917,MOTORWAY,HUNDRED,DAY,34.2,3.0
1436424843,-36.86597696 174.6667356,MOTORWAY,HUNDRED,DAY,32.4,3.0
1436424844,-36.86591937 174.66667287,MOTORWAY,HUNDRED,DAY,30.6,3.0
1436424845,-36.86586968 174.66662697,MOTORWAY,HUNDRED,DAY,26.1,3.0
1436424846,-36.86583385 174.66659936,MOTORWAY,HUNDRED,DAY,19.8,3.0
1436424847,-36.86581175 174.66657012,MOTORWAY,HUNDRED,DAY,13.5,3.0
1436424848,-36.86579552 174.66655379,MOTORWAY,HUNDRED,DAY,9.9,4.0
1436424849,-36.86578913 174.66653449,MOTORWAY,HUNDRED,DAY,7.2,4.0
1436424850,-36.8657858 174.66652005,URBAN,HUNDRED,DAY,3.6,4.0
1436424851,-36.86577697 174.66651869,URBAN,HUNDRED,DAY,1.8,5.0
1436424852,-36.86577529 174.66651335,URBAN,HUNDRED,DAY,1.8,5.0
1436424853,-36.86578557 174.66649948,URBAN,HUNDRED,DAY,1.8,6.0
1436424854,-36.86578884 174.66649543,URBAN,HUNDRED,DAY,0.0,5.0
1436424855,-36.8657943 174.66649572,URBAN,HUNDRED,DAY,0.0,5.0
1436424856,-36.86579038 174.66649583,URBAN,HUNDRED,DAY,0.0,5.0
1436424857,-36.86578655 174.66649491,URBAN,HUNDRED,DAY,0.0,5.0
1436424858,-36.86579349 174.66649526,URBAN,HUNDRED,DAY,0.0,5.0
1436424859,-36.86579511 174.66649568,URBAN,HUNDRED,DAY,0.0,5.0
1436424860,-36.86580259 174.66650043,MOTORWAY,HUNDRED,DAY,0.0,6.0
1436424861,-36.86580164 174.66650092,MOTORWAY,HUNDRED,DAY,0.0,5.0
1436424862,-36.86580583 174.66650735,MOTORWAY,HUNDRED,DAY,0.0,5.0
1436424863,-36.86580501 174.66650637,MOTORWAY,HUNDRED,DAY,0.9,6.0
1436424864,-36.86580141 174.66650384,MOTORWAY,HUNDRED,DAY,1.8,5.0
1436424865,-36.86578431 174.66648591,URBAN,HUNDRED,DAY,4.5,5.0
1436424866,-36.86576704 174.66646292,URBAN,HUNDRED,DAY,7.2,5.0
1436424867,-36.86574396 174.66643973,URBAN,HUNDRED,DAY,9.0,5.0
1436424868,-36.8657152 174.6664154,URBAN,HUNDRED,DAY,9.9,5.0
1436424869,-36.8656749 174.6663855,MOTORWAY,HUNDRED,DAY,14.4,4.0
1436424870,-36.86563783 174.66635657,MOTORWAY,HUNDRED,DAY,14.4,4.0
1436424871,-36.86560284 174.66632777,MOTORWAY,HUNDRED,DAY,14.4,4.0
1436424872,-36.86556804 174.66630273,MOTORWAY,HUNDRED,DAY,13.5,4.0
1436424873,-36.86553444 174.66628043,MOTORWAY,HUNDRED,DAY,13.5,4.0
1436424874,-36.8655032 174.66625945,MOTORWAY,HUNDRED,DAY,12.6,3.0
1436424875,-36.86547861 174.66624322,MOTORWAY,HUNDRED,DAY,10.8,4.0
1436424876,-36.86545409 174.66622668,MOTORWAY,HUNDRED,DAY,10.8,3.0
1436424877,-36.86542735 174.66620697,MOTORWAY,HUNDRED,DAY,11.700000000000001,3.0
1436424878,-36.86539655 174.66618639,MOTORWAY,HUNDRED,DAY,12.6,3.0
1436424879,-36.86534439 174.6661486,MOTORWAY,HUNDRED,DAY,21.6,3.0
1436424880,-36.86527595 174.66610271,MOTORWAY,HUNDRED,DAY,27.0,3.0
1436424881,-36.86520117 174.66605145,MOTORWAY,HUNDRED,DAY,31.5,3.0
1436424882,-36.86511951 174.66599457,MOTORWAY,HUNDRED,DAY,35.1,3.0
1436424883,-36.86504044 174.66593338,MOTORWAY,HUNDRED,DAY,37.800000000000004,3.0
1436424884,-36.86495604 174.66586482,MOTORWAY,HUNDRED,DAY,41.4,3.0
1436424885,-36.86485302 174.66579378,MOTORWAY,HUNDRED,DAY,44.1,3.0
1436424886,-36.86475655 174.66572663,MOTORWAY,HUNDRED,DAY,44.1,3.0
1436424887,-36.86465744 174.66567186,MOTORWAY,HUNDRED,DAY,43.2,3.0
1436424888,-36.86456754 174.66560861,MOTORWAY,HUNDRED,DAY,43.2,4.0
1436424889,-36.86446517 174.66553503,MOTORWAY,HUNDRED,DAY,44.1,4.0
1436424890,-36.86436801 174.66545939,MOTORWAY,HUNDRED,DAY,45.9,4.0
1436424891,-36.86426943 174.66537986,MOTORWAY,HUNDRED,DAY,46.800000000000004,4.0
1436424892,-36.86416754 174.66531692,MOTORWAY,HUNDRED,DAY,47.7,4.0
1436424893,-36.86405826 174.66524914,MOTORWAY,HUNDRED,DAY,48.6,4.0
1436424894,-36.86395759 174.66521258,MOTORWAY,HUNDRED,DAY,47.7,4.0
1436424895,-36.8638527 174.6651574,MOTORWAY,HUNDRED,DAY,47.7,4.0
1436424896,-36.86375664 174.66509019,MOTORWAY,HUNDRED,DAY,47.7,4.0
1436424897,-36.86365296 174.66501778,MOTORWAY,HUNDRED,DAY,48.6,4.0
1436424898,-36.8635385 174.66493227,MOTORWAY,HUNDRED,DAY,49.5,4.0
1436424899,-36.8634259 174.66484829,MOTORWAY,HUNDRED,DAY,50.4,4.0
1436424900,-36.86332776 174.66476259,MOTORWAY,HUNDRED,DAY,50.4,4.0
1436424901,-36.86322265 174.66466431,MOTORWAY,HUNDRED,DAY,51.300000000000004,4.0
1436424902,-36.86311726 174.66458968,MOTORWAY,HUNDRED,DAY,53.1,4.0
1436424903,-36.86301112 174.66449109,MOTORWAY,HUNDRED,DAY,54.0,4.0
1436424904,-36.86291081 174.66438426,MOTORWAY,HUNDRED,DAY,54.0,4.0
1436424905,-36.86280193 174.66428201,MOTORWAY,HUNDRED,DAY,54.0,4.0
1436424906,-36.86269511 174.66416779,MOTORWAY,HUNDRED,DAY,53.1,4.0
1436424907,-36.86259514 174.66405578,MOTORWAY,HUNDRED,DAY,52.2,4.0
1436424908,-36.86249995 174.66395172,MOTORWAY,HUNDRED,DAY,50.4,4.0
1436424909,-36.86240673 174.66384412,MOTORWAY,HUNDRED,DAY,48.6,3.0
1436424910,-36.86232636 174.66373635,MOTORWAY,HUNDRED,DAY,46.800000000000004,3.0
1436424911,-36.86224912 174.66362875,MOTORWAY,HUNDRED,DAY,45.0,3.0
1436424912,-36.86218211 174.66353402,MOTORWAY,HUNDRED,DAY,43.2,3.0
1436424913,-36.86211348 174.66343789,MOTORWAY,HUNDRED,DAY,41.4,3.0
1436424914,-36.86204525 174.66333894,MOTORWAY,HUNDRED,DAY,38.7,3.0
1436424915,-36.86199244 174.6632637,MOTORWAY,HUNDRED,DAY,35.1,3.0
1436424916,-36.86194016 174.6631908,MOTORWAY,HUNDRED,DAY,31.5,3.0
1436424917,-36.86188996 174.66312466,MOTORWAY,HUNDRED,DAY,27.900000000000002,3.0
1436424918,-36.86185076 174.66305879,MOTORWAY,HUNDRED,DAY,26.1,3.0
1436424919,-36.86180987 174.66299463,MOTORWAY,HUNDRED,DAY,24.3,4.0
1436424920,-36.86176307 174.66293842,MOTORWAY,HUNDRED,DAY,25.2,4.0
1436424921,-36.86172644 174.66289756,MOTORWAY,HUNDRED,DAY,21.6,3.0
1436424922,-36.86170036 174.66284848,MOTORWAY,HUNDRED,DAY,21.6,3.0
1436424923,-36.86166891 174.66278233,MOTORWAY,HUNDRED,DAY,25.2,4.0
1436424924,-36.86163452 174.66271544,MOTORWAY,HUNDRED,DAY,27.0,3.0
1436424925,-36.86160017 174.66262657,MOTORWAY,HUNDRED,DAY,27.900000000000002,4.0
1436424926,-36.86156967 174.66256945,MOTORWAY,HUNDRED,DAY,25.2,4.0
1436424927,-36.86155012 174.66254276,MOTORWAY,HUNDRED,DAY,23.400000000000002,4.0
1436424928,-36.86151155 174.66247813,MOTORWAY,HUNDRED,DAY,21.6,4.0
1436424929,-36.8614861 174.66242826,MOTORWAY,HUNDRED,DAY,20.7,4.0
1436424930,-36.86145254 174.66237767,MOTORWAY,HUNDRED,DAY,20.7,4.0
1436424931,-36.86143369 174.66230017,MOTORWAY,HUNDRED,DAY,22.5,5.0
1436424932,-36.8613898 174.66223104,MOTORWAY,HUNDRED,DAY,24.3,5.0
1436424933,-36.86134516 174.66218339,MOTORWAY,HUNDRED,DAY,23.400000000000002,6.0
1436424934,-36.86131424 174.66212344,MOTORWAY,HUNDRED,DAY,25.2,5.0
1436424935,-36.86129615 174.66205337,MOTORWAY,HUNDRED,DAY,26.1,4.0
1436424936,-36.8612641 174.66198156,MOTORWAY,HUNDRED,DAY,26.1,5.0
1436424937,-36.86122751 174.66189175,MOTORWAY,HUNDRED,DAY,30.6,4.0
1436424938,-36.86119538 174.66181538,MOTORWAY,HUNDRED,DAY,32.4,4.0
1436424939,-36.86116437 174.66172096,MOTORWAY,HUNDRED,DAY,33.300000000000004,4.0
1436424940,-36.86112013 174.66162949,MOTORWAY,HUNDRED,DAY,33.300000000000004,4.0
1436424941,-36.86107731 174.6615296,MOTORWAY,HUNDRED,DAY,35.1,3.0
1436424942,-36.86104291 174.66142996,MOTORWAY,HUNDRED,DAY,35.1,4.0
1436424943,-36.86100445 174.66131921,MOTORWAY,HUNDRED,DAY,35.1,3.0
1436424944,-36.86096918 174.66121784,MOTORWAY,HUNDRED,DAY,36.0,3.0
1436424945,-36.8609308 174.6611104,MOTORWAY,HUNDRED,DAY,36.0,3.0
1436424946,-36.86089219 174.66100022,MOTORWAY,HUNDRED,DAY,36.9,3.0
1436424947,-36.8608552 174.6608902,MOTORWAY,HUNDRED,DAY,36.0,3.0
1436424948,-36.86082377 174.66079461,MOTORWAY,HUNDRED,DAY,35.1,3.0
1436424949,-36.86078284 174.66070022,MOTORWAY,HUNDRED,DAY,32.4,3.0
1436424950,-36.86075798 174.66061631,MOTORWAY,HUNDRED,DAY,29.7,3.0
1436424951,-36.8607337 174.66054379,MOTORWAY,HUNDRED,DAY,27.900000000000002,3.0
1436424952,-36.86071185 174.66047788,MOTORWAY,HUNDRED,DAY,24.3,3.0
1436424953,-36.86067853 174.66040622,MOTORWAY,HUNDRED,DAY,22.5,3.0
1436424954,-36.86065028 174.66033909,MOTORWAY,HUNDRED,DAY,22.5,3.0
1436424955,-36.86063152 174.6602726,MOTORWAY,HUNDRED,DAY,21.6,3.0
1436424956,-36.86060677 174.66021144,MOTORWAY,HUNDRED,DAY,20.7,3.0
1436424957,-36.86058136 174.66014962,MOTORWAY,HUNDRED,DAY,18.900000000000002,3.0
1436424958,-36.86055875 174.66010493,MOTORWAY,HUNDRED,DAY,18.0,3.0
1436424959,-36.86054248 174.66006088,MOTORWAY,HUNDRED,DAY,17.1,3.0
1436424960,-36.86052644 174.66001098,MOTORWAY,HUNDRED,DAY,16.2,3.0
1436424961,-36.8605056 174.65996209,MOTORWAY,HUNDRED,DAY,15.3,3.0
1436424962,-36.86049196 174.65991753,MOTORWAY,HUNDRED,DAY,14.4,3.0
1436424963,-36.86047932 174.65987258,MOTORWAY,HUNDRED,DAY,14.4,3.0
1436424964,-36.86045781 174.6598171,MOTORWAY,HUNDRED,DAY,18.900000000000002,3.0
1436424965,-36.86043509 174.65975631,MOTORWAY,HUNDRED,DAY,22.5,3.0
1436424966,-36.8604071 174.6596919,MOTORWAY,HUNDRED,DAY,23.400000000000002,3.0
1436424967,-36.86038085 174.65961909,MOTORWAY,HUNDRED,DAY,26.1,3.0
1436424968,-36.86035285 174.65955184,MOTORWAY,HUNDRED,DAY,28.8,3.0
1436424969,-36.86031332 174.65946423,MOTORWAY,HUNDRED,DAY,30.6,3.0
1436424970,-36.86027738 174.65936741,MOTORWAY,HUNDRED,DAY,32.4,3.0
1436424971,-36.8602329 174.65927372,MOTORWAY,HUNDRED,DAY,34.2,3.0
1436424972,-36.86019784 174.65917218,MOTORWAY,HUNDRED,DAY,35.1,4.0
1436424973,-36.86015988 174.65905317,MOTORWAY,HUNDRED,DAY,38.7,4.0
1436424974,-36.86011755 174.65893451,MOTORWAY,HUNDRED,DAY,40.5,4.0
1436424975,-36.86008145 174.65880722,MOTORWAY,HUNDRED,DAY,43.2,10.0
1436424976,-36.86004197 174.65868382,MOTORWAY,HUNDRED,DAY,43.2,10.0
1436424977,-36.85999415 174.65856116,MOTORWAY,HUNDRED,DAY,44.1,10.0
1436424978,-36.85992839 174.65842601,MOTORWAY,HUNDRED,DAY,45.9,11.0
1436424979,-36.85988128 174.65828098,MOTORWAY,HUNDRED,DAY,46.800000000000004,10.0
1436424980,-36.85983409 174.65815203,MOTORWAY,HUNDRED,DAY,47.7,9.0
1436424981,-36.85978664 174.65801307,MOTORWAY,HUNDRED,DAY,48.6,9.0
1436424982,-36.85973479 174.65787733,MOTORWAY,HUNDRED,DAY,49.5,9.0
1436424983,-36.85968421 174.65774042,MOTORWAY,HUNDRED,DAY,50.4,9.0
1436424984,-36.85963023 174.6576108,MOTORWAY,HUNDRED,DAY,51.300000000000004,9.0
1436424985,-36.85957019 174.65746764,MOTORWAY,HUNDRED,DAY,53.1,9.0
1436424986,-36.85951051 174.6573074,MOTORWAY,HUNDRED,DAY,54.9,9.0
1436424987,-36.85945577 174.65715067,MOTORWAY,HUNDRED,DAY,54.9,9.0
1436424988,-36.85939783 174.65699582,MOTORWAY,HUNDRED,DAY,55.800000000000004,9.0
1436424989,-36.85933778 174.65682821,MOTORWAY,HUNDRED,DAY,56.7,9.0
1436424990,-36.85928467 174.65666026,MOTORWAY,HUNDRED,DAY,56.7,9.0
1436424991,-36.85922293 174.65649507,MOTORWAY,HUNDRED,DAY,56.7,10.0
1436424992,-36.85916938 174.65633613,MOTORWAY,HUNDRED,DAY,56.7,10.0
1436424993,-36.85911707 174.6561757,MOTORWAY,HUNDRED,DAY,55.800000000000004,10.0
1436424994,-36.85906304 174.65600705,MOTORWAY,HUNDRED,DAY,56.7,10.0
1436424995,-36.85900671 174.65583878,MOTORWAY,HUNDRED,DAY,57.6,9.0
1436424996,-36.85894647 174.65567738,MOTORWAY,HUNDRED,DAY,58.5,10.0
1436424997,-36.85889086 174.65551377,MOTORWAY,HUNDRED,DAY,56.7,10.0
1436424998,-36.85883664 174.6553614,MOTORWAY,HUNDRED,DAY,56.7,10.0
1436424999,-36.85877528 174.65519565,URBAN,HUNDRED,DAY,56.7,10.0
1436425000,-36.85871469 174.655034,URBAN,HUNDRED,DAY,56.7,10.0
1436425001,-36.8586622 174.65487743,URBAN,HUNDRED,DAY,54.9,10.0
1436425002,-36.85861156 174.65471418,URBAN,HUNDRED,DAY,54.0,10.0
1436425003,-36.8585536 174.65457139,URBAN,HUNDRED,DAY,54.0,10.0
1436425004,-36.85853396 174.65440091,URBAN,HUNDRED,DAY,52.2,9.0
1436425005,-36.85850228 174.65423962,URBAN,HUNDRED,DAY,50.4,9.0
1436425006,-36.85847058 174.6541005,URBAN,HUNDRED,DAY,47.7,9.0
1436425007,-36.8584523 174.65397086,URBAN,HUNDRED,DAY,44.1,9.0
1436425008,-36.85844817 174.65383033,URBAN,HUNDRED,DAY,43.2,9.0
1436425009,-36.85844226 174.65371234,URBAN,HUNDRED,DAY,40.5,9.0
1436425010,-36.85843107 174.65358744,URBAN,FIFTY,DAY,37.800000000000004,9.0
1436425011,-36.85842397 174.65347456,URBAN,FIFTY,DAY,36.9,9.0
1436425012,-36.85841059 174.65337572,URBAN,FIFTY,DAY,34.2,9.0
1436425013,-36.85840144 174.65327244,URBAN,FIFTY,DAY,30.6,9.0
1436425014,-36.85839454 174.65319205,URBAN,FIFTY,DAY,27.0,9.0
1436425015,-36.85838877 174.65312431,URBAN,FIFTY,DAY,22.5,9.0
1436425016,-36.85838426 174.65306984,URBAN,FIFTY,DAY,18.0,9.0
1436425017,-36.85837938 174.65301761,URBAN,FIFTY,DAY,15.3,9.0
1436425018,-36.85837598 174.65298333,URBAN,FIFTY,DAY,10.8,9.0
1436425019,-36.85837903 174.65296246,URBAN,FIFTY,DAY,7.2,9.0
1436425020,-36.8583785 174.65295359,URBAN,FIFTY,DAY,4.5,9.0
1436425021,-36.85837907 174.65294119,URBAN,FIFTY,DAY,2.7,9.0
1436425022,-36.85838105 174.65293558,URBAN,FIFTY,DAY,0.9,9.0
1436425023,-36.85837749 174.65292907,URBAN,FIFTY,DAY,0.9,10.0
1436425024,-36.85837756 174.6529329,URBAN,FIFTY,DAY,0.9,9.0
1436425025,-36.85838732 174.65293977,URBAN,FIFTY,DAY,0.0,9.0
1436425026,-36.85838263 174.65293878,URBAN,FIFTY,DAY,0.0,10.0
1436425027,-36.85838201 174.65294032,URBAN,FIFTY,DAY,0.0,9.0
1436425028,-36.85838303 174.65294048,URBAN,FIFTY,DAY,0.0,9.0
1436425029,-36.85838453 174.65293843,URBAN,FIFTY,DAY,0.0,9.0
1436425030,-36.85838263 174.65293625,URBAN,FIFTY,DAY,0.0,9.0
1436425031,-36.85838068 174.65293704,URBAN,FIFTY,DAY,0.0,9.0
1436425032,-36.85837846 174.65294047,URBAN,FIFTY,DAY,0.0,9.0
1436425033,-36.85838104 174.65294306,URBAN,FIFTY,DAY,0.0,9.0
1436425034,-36.85837985 174.65294482,URBAN,FIFTY,DAY,0.0,9.0
1436425035,-36.85837902 174.65294853,URBAN,FIFTY,DAY,0.0,9.0
1436425036,-36.85837689 174.65295027,URBAN,FIFTY,DAY,0.0,9.0
1436425037,-36.85837629 174.65295009,URBAN,FIFTY,DAY,0.0,9.0
1436425038,-36.85837613 174.65294985,URBAN,FIFTY,DAY,0.0,9.0
1436425039,-36.85837611 174.65294999,URBAN,FIFTY,DAY,0.0,9.0
1436425040,-36.85837607 174.65294999,URBAN,FIFTY,DAY,0.0,9.0
1436425041,-36.85837609 174.65294973,URBAN,FIFTY,DAY,0.0,9.0
1436425042,-36.85837607 174.65294974,URBAN,FIFTY,DAY,0.0,9.0
1436425043,-36.85837603 174.65294978,URBAN,FIFTY,DAY,0.0,9.0
1436425044,-36.85837599 174.65294979,URBAN,FIFTY,DAY,0.0,9.0
1436425045,-36.85837596 174.6529498,URBAN,FIFTY,DAY,0.0,9.0
1436425046,-36.85837595 174.65294983,URBAN,FIFTY,DAY,0.0,9.0
1436425047,-36.85837594 174.65294985,URBAN,FIFTY,DAY,0.0,9.0
1436425048,-36.85837591 174.65294979,URBAN,FIFTY,DAY,0.0,9.0
1436425049,-36.85837574 174.65295041,URBAN,FIFTY,DAY,0.0,9.0
1436425050,-36.8583758 174.6529503,URBAN,FIFTY,DAY,0.0,9.0
1436425051,-36.85837543 174.65294172,URBAN,FIFTY,DAY,4.5,9.0
1436425052,-36.85837349 174.65291266,URBAN,FIFTY,DAY,7.2,9.0
1436425053,-36.85837193 174.65287443,URBAN,FIFTY,DAY,9.9,9.0
1436425054,-36.85837224 174.65282778,URBAN,FIFTY,DAY,11.700000000000001,9.0
1436425055,-36.85837814 174.65276228,URBAN,FIFTY,DAY,18.900000000000002,9.0
1436425056,-36.8584072 174.65269119,URBAN,FIFTY,DAY,22.5,9.0
1436425057,-36.85843274 174.65261907,URBAN,FIFTY,DAY,25.2,9.0
1436425058,-36.85846519 174.65254823,URBAN,FIFTY,DAY,26.1,9.0
1436425059,-36.85850237 174.65248814,URBAN,FIFTY,DAY,25.2,9.0
1436425060,-36.85854053 174.65243313,URBAN,FIFTY,DAY,26.1,3.0
1436425061,-36.85860302 174.65239297,URBAN,FIFTY,DAY,27.0,3.0
1436425062,-36.85866971 174.65236044,URBAN,FIFTY,DAY,28.8,3.0
1436425063,-36.85875305 174.65232914,URBAN,FIFTY,DAY,30.6,3.0
1436425064,-36.8588347 174.65230384,URBAN,FIFTY,DAY,34.2,3.0
1436425065,-36.85892176 174.65227036,URBAN,FIFTY,DAY,36.9,4.0
1436425066,-36.85902248 174.6522117,URBAN,FIFTY,DAY,38.7,4.0
1436425067,-36.85910784 174.65215325,URBAN,FIFTY,DAY,38.7,4.0
1436425068,-36.85918737 174.65209055,URBAN,FIFTY,DAY,38.7,3.0
1436425069,-36.85927064 174.65201953,URBAN,FIFTY,DAY,37.800000000000004,3.0
1436425070,-36.85933864 174.65194743,URBAN,FIFTY,DAY,36.0,3.0
1436425071,-36.85939612 174.6518799,URBAN,FIFTY,DAY,35.1,3.0
1436425072,-36.85946183 174.65180377,URBAN,FIFTY,DAY,35.1,3.0
1436425073,-36.85952852 174.65173739,URBAN,FIFTY,DAY,35.1,3.0
1436425074,-36.85960463 174.65165487,URBAN,FIFTY,DAY,36.9,3.0
1436425075,-36.85967073 174.65157225,URBAN,FIFTY,DAY,39.6,3.0
1436425076,-36.85974938 174.65149134,URBAN,FIFTY,DAY,39.6,3.0
1436425077,-36.85981185 174.65140541,URBAN,FIFTY,DAY,38.7,3.0
1436425078,-36.85988107 174.6513227,URBAN,FIFTY,DAY,38.7,5.0
1436425079,-36.85996036 174.65124919,URBAN,FIFTY,DAY,39.6,4.0
1436425080,-36.86003246 174.65116661,URBAN,FIFTY,DAY,39.6,5.0
1436425081,-36.86011965 174.6510783,URBAN,FIFTY,DAY,40.5,4.0
1436425082,-36.86019939 174.650991,URBAN,FIFTY,DAY,41.4,4.0
1436425083,-36.86027182 174.65090133,URBAN,FIFTY,DAY,41.4,4.0
1436425084,-36.86034955 174.65081368,URBAN,FIFTY,DAY,41.4,4.0
1436425085,-36.86042921 174.65072516,URBAN,FIFTY,DAY,41.4,4.0
1436425086,-36.86049875 174.65064075,URBAN,FIFTY,DAY,43.2,4.0
1436425087,-36.86058177 174.65055493,URBAN,FIFTY,DAY,43.2,4.0
1436425088,-36.86066613 174.65046096,URBAN,FIFTY,DAY,44.1,4.0
1436425089,-36.86075027 174.65037588,URBAN,FIFTY,DAY,41.4,4.0
1436425090,-36.86083109 174.65029049,URBAN,FIFTY,DAY,41.4,4.0
1436425091,-36.8609189 174.65022169,URBAN,FIFTY,DAY,37.800000000000004,4.0
1436425092,-36.86098481 174.6501624,URBAN,FIFTY,DAY,36.0,4.0
1436425093,-36.86106063 174.6500963,URBAN,FIFTY,DAY,36.0,4.0
1436425094,-36.86113022 174.65004741,URBAN,FIFTY,DAY,36.0,4.0
1436425095,-36.86121665 174.64999676,URBAN,FIFTY,DAY,37.800000000000004,4.0
1436425096,-36.86129849 174.64993295,URBAN,FIFTY,DAY,37.800000000000004,4.0
1436425097,-36.8613859 174.64987324,URBAN,FIFTY,DAY,37.800000000000004,4.0
1436425098,-36.86146994 174.64980464,URBAN,FIFTY,DAY,37.800000000000004,4.0
1436425099,-36.86156726 174.64974107,URBAN,FIFTY,DAY,38.7,5.0
1436425100,-36.86164444 174.64968678,URBAN,FIFTY,DAY,37.800000000000004,4.0
1436425101,-36.86171356 174.64963291,URBAN,FIFTY,DAY,36.9,4.0
1436425102,-36.86179878 174.64957625,URBAN,FIFTY,DAY,36.9,4.0
1436425103,-36.86187249 174.64952731,URBAN,FIFTY,DAY,36.9,4.0
1436425104,-36.86194675 174.64947347,URBAN,FIFTY,DAY,35.1,4.0
1436425105,-36.8620257 174.64941503,URBAN,FIFTY,DAY,33.300000000000004,3.0
1436425106,-36.86209579 174.64937283,URBAN,FIFTY,DAY,29.7,3.0
1436425107,-36.86214331 174.6493337,URBAN,FIFTY,DAY,26.1,3.0
1436425108,-36.86219033 174.64929972,URBAN,FIFTY,DAY,21.6,3.0
1436425109,-36.86223311 174.64927015,URBAN,FIFTY,DAY,18.900000000000002,3.0
1436425110,-36.8622628 174.6492446,URBAN,FIFTY,DAY,16.2,3.0
1436425111,-36.86229143 174.64922306,URBAN,FIFTY,DAY,11.700000000000001,3.0
1436425112,-36.86230435 174.64921754,URBAN,FIFTY,DAY,7.2,3.0
1436425113,-36.86231542 174.64921099,URBAN,FIFTY,DAY,3.6,3.0
1436425114,-36.86231378 174.64920673,URBAN,FIFTY,DAY,1.8,3.0
1436425115,-36.86231516 174.64921468,URBAN,FIFTY,DAY,0.0,3.0
1436425116,-36.86232128 174.64921217,URBAN,FIFTY,DAY,0.0,3.0
1436425117,-36.86232111 174.64921013,URBAN,FIFTY,DAY,0.0,3.0
1436425118,-36.86232084 174.64920894,URBAN,FIFTY,DAY,0.0,3.0
1436425119,-36.86232077 174.64920992,URBAN,FIFTY,DAY,0.0,3.0
1436425120,-36.86232408 174.6492077,URBAN,FIFTY,DAY,2.7,3.0
1436425121,-36.86233775 174.64919603,URBAN,FIFTY,DAY,7.2,3.0
1436425122,-36.8623686 174.64918712,URBAN,FIFTY,DAY,11.700000000000001,3.0
1436425123,-36.8623987 174.6491547,URBAN,FIFTY,DAY,14.4,3.0
1436425124,-36.86243334 174.64913073,URBAN,FIFTY,DAY,16.2,3.0
1436425125,-36.86247708 174.64910098,URBAN,FIFTY,DAY,18.0,3.0
1436425126,-36.86253801 174.6490576,URBAN,FIFTY,DAY,24.3,3.0
1436425127,-36.86259655 174.6490155,URBAN,FIFTY,DAY,27.0,4.0
1436425128,-36.86266637 174.64896873,URBAN,FIFTY,DAY,30.6,4.0
1436425129,-36.86273255 174.64892106,URBAN,FIFTY,DAY,33.300000000000004,3.0
1436425130,-36.86281378 174.64886334,URBAN,FIFTY,DAY,36.0,3.0
1436425131,-36.86289603 174.64880397,URBAN,FIFTY,DAY,37.800000000000004,3.0
1436425132,-36.86298659 174.64874866,URBAN,FIFTY,DAY,39.6,3.0
1436425133,-36.86308398 174.64867709,URBAN,FIFTY,DAY,41.4,3.0
1436425134,-36.86318094 174.64862,URBAN,FIFTY,DAY,43.2,3.0
1436425135,-36.86326751 174.64855634,URBAN,FIFTY,DAY,44.1,3.0
1436425136,-36.86336246 174.64848683,URBAN,FIFTY,DAY,44.1,3.0
1436425137,-36.86346782 174.64841381,URBAN,FIFTY,DAY,45.0,3.0
1436425138,-36.86356997 174.64834435,URBAN,FIFTY,DAY,44.1,4.0
1436425139,-36.86366701 174.64828606,URBAN,FIFTY,DAY,43.2,3.0
1436425140,-36.86376388 174.64822232,URBAN,FIFTY,DAY,43.2,3.0
1436425141,-36.8638605 174.64815021,URBAN,FIFTY,DAY,42.300000000000004,3.0
1436425142,-36.86395668 174.64808602,URBAN,FIFTY,DAY,42.300000000000004,4.0
1436425143,-36.8640501 174.648028,URBAN,FIFTY,DAY,41.4,3.0
1436425144,-36.86413447 174.64796611,URBAN,FIFTY,DAY,39.6,4.0
1436425145,-36.86421896 174.64790429,URBAN,FIFTY,DAY,37.800000000000004,3.0
1436425146,-36.86430225 174.64785056,URBAN,FIFTY,DAY,36.9,9.0
1436425147,-36.86438244 174.64778912,URBAN,FIFTY,DAY,36.0,9.0
1436425148,-36.86445536 174.64774001,URBAN,FIFTY,DAY,34.2,9.0
1436425149,-36.86452985 174.64768886,URBAN,FIFTY,DAY,33.300000000000004,9.0
1436425150,-36.86460261 174.64763821,URBAN,FIFTY,DAY,32.4,9.0
1436425151,-36.86467064 174.64760566,URBAN,FIFTY,DAY,31.5,9.0
1436425152,-36.86472887 174.64756105,URBAN,FIFTY,DAY,27.900000000000002,9.0
1436425153,-36.86476958 174.64752929,URBAN,FIFTY,DAY,21.6,9.0
1436425154,-36.86481427 174.64750653,URBAN,FIFTY,DAY,18.0,9.0
1436425155,-36.86485742 174.64747994,URBAN,FIFTY,DAY,17.1,9.0
1436425156,-36.86488924 174.64745444,URBAN,FIFTY,DAY,16.2,9.0
1436425157,-36.86492138 174.64742556,URBAN,FIFTY,DAY,15.3,9.0
1436425158,-36.86496302 174.64740264,URBAN,FIFTY,DAY,18.0,9.0
1436425159,-36.86500416 174.64737051,URBAN,FIFTY,DAY,20.7,9.0
1436425160,-36.86504712 174.64734007,URBAN,FIFTY,DAY,20.7,9.0
1436425161,-36.86509053 174.64730875,URBAN,FIFTY,DAY,21.6,9.0
1436425162,-36.86514499 174.64727019,URBAN,FIFTY,DAY,23.400000000000002,9.0
1436425163,-36.86520697 174.64723888,URBAN,FIFTY,DAY,27.0,3.0
1436425164,-36.8652723 174.64721969,URBAN,FIFTY,DAY,27.900000000000002,3.0
1436425165,-36.86534456 174.64720391,URBAN,FIFTY,DAY,28.8,3.0
1436425166,-36.86541125 174.64720095,URBAN,FIFTY,DAY,29.7,3.0
1436425167,-36.86548294 174.64719517,URBAN,FIFTY,DAY,30.6,3.0
1436425168,-36.8655729 174.64719664,URBAN,FIFTY,DAY,32.4,4.0
1436425169,-36.86566071 174.64719804,URBAN,FIFTY,DAY,34.2,4.0
1436425170,-36.86575553 174.6471885,URBAN,FIFTY,DAY,36.0,4.0
1436425171,-36.86585335 174.64719452,URBAN,FIFTY,DAY,38.7,3.0
1436425172,-36.86595595 174.64719957,URBAN,FIFTY,DAY,41.4,3.0
1436425173,-36.86607185 174.64721041,URBAN,FIFTY,DAY,43.2,3.0
1436425174,-36.86618302 174.64720954,URBAN,FIFTY,DAY,45.0,4.0
1436425175,-36.86630099 174.6472016,URBAN,FIFTY,DAY,47.7,3.0
1436425176,-36.86642923 174.64720898,URBAN,FIFTY,DAY,49.5,4.0
1436425177,-36.86654817 174.64720444,URBAN,FIFTY,DAY,49.5,4.0
1436425178,-36.86667682 174.64721056,URBAN,FIFTY,DAY,50.4,4.0
1436425179,-36.86679858 174.64722858,URBAN,FIFTY,DAY,50.4,4.0
1436425180,-36.86691595 174.64723013,URBAN,FIFTY,DAY,49.5,4.0
1436425181,-36.86704686 174.64723132,URBAN,FIFTY,DAY,49.5,4.0
1436425182,-36.8671794 174.64723899,URBAN,FIFTY,DAY,50.4,4.0
1436425183,-36.8673068 174.64725042,URBAN,FIFTY,DAY,51.300000000000004,4.0
1436425184,-36.86743858 174.6472586,URBAN,FIFTY,DAY,52.2,4.0
1436425185,-36.86756772 174.64726179,URBAN,FIFTY,DAY,53.1,4.0
1436425186,-36.86770654 174.64728412,URBAN,FIFTY,DAY,54.0,4.0
1436425187,-36.86783998 174.64729024,URBAN,FIFTY,DAY,53.1,4.0
1436425188,-36.86796116 174.6472789,URBAN,FIFTY,DAY,53.1,4.0
1436425189,-36.86809648 174.6472714,URBAN,FIFTY,DAY,52.2,4.0
1436425190,-36.86822634 174.64725736,URBAN,FIFTY,DAY,52.2,4.0
1436425191,-36.86835278 174.64723235,URBAN,FIFTY,DAY,51.300000000000004,5.0
1436425192,-36.8684727 174.64719923,URBAN,FIFTY,DAY,50.4,6.0
1436425193,-36.86860085 174.64715656,URBAN,FIFTY,DAY,51.300000000000004,6.0
1436425194,-36.86871496 174.64711106,URBAN,FIFTY,DAY,48.6,5.0
1436425195,-36.86883354 174.64705692,URBAN,FIFTY,DAY,48.6,4.0
1436425196,-36.86894379 174.64701089,URBAN,FIFTY,DAY,48.6,4.0
1436425197,-36.86906445 174.6469649,URBAN,FIFTY,DAY,49.5,4.0
1436425198,-36.86918459 174.64691299,URBAN,FIFTY,DAY,50.4,4.0
1436425199,-36.86930047 174.6468601,URBAN,FIFTY,DAY,50.4,4.0
1436425200,-36.86941827 174.64681138,URBAN,FIFTY,DAY,50.4,4.0
1436425201,-36.86953829 174.64676302,URBAN,FIFTY,DAY,50.4,4.0
1436425202,-36.86963878 174.64671088,URBAN,FIFTY,DAY,48.6,4.0
1436425203,-36.86975123 174.64666827,URBAN,FIFTY,DAY,47.7,4.0
1436425204,-36.86984687 174.64662564,URBAN,FIFTY,DAY,46.800000000000004,4.0
1436425205,-36.86995536 174.64657401,URBAN,FIFTY,DAY,45.9,4.0
1436425206,-36.87006292 174.64653483,URBAN,FIFTY,DAY,45.0,4.0
1436425207,-36.87016711 174.64650011,URBAN,FIFTY,DAY,43.2,4.0
1436425208,-36.87025852 174.64646532,URBAN,FIFTY,DAY,38.7,4.0
1436425209,-36.87034934 174.64643625,URBAN,FIFTY,DAY,35.1,4.0
1436425210,-36.87042706 174.64641147,URBAN,FIFTY,DAY,30.6,4.0
1436425211,-36.87049357 174.64637961,URBAN,FIFTY,DAY,28.8,4.0
1436425212,-36.87057503 174.64634882,URBAN,FIFTY,DAY,30.6,4.0
1436425213,-36.87064962 174.64631072,URBAN,FIFTY,DAY,34.2,4.0
1436425214,-36.87075111 174.64627724,URBAN,FIFTY,DAY,39.6,4.0
1436425215,-36.8708592 174.6462372,URBAN,FIFTY,DAY,43.2,4.0
1436425216,-36.87097466 174.64619493,URBAN,FIFTY,DAY,46.800000000000004,3.0
1436425217,-36.87109512 174.64614907,URBAN,FIFTY,DAY,49.5,4.0
1436425218,-36.87122242 174.64610498,URBAN,FIFTY,DAY,51.300000000000004,3.0
1436425219,-36.87135083 174.64605227,URBAN,FIFTY,DAY,53.1,3.0
1436425220,-36.87146595 174.64600558,URBAN,FIFTY,DAY,53.1,4.0
1436425221,-36.8715895 174.64595216,URBAN,FIFTY,DAY,54.0,4.0
1436425222,-36.87172433 174.64590579,URBAN,FIFTY,DAY,55.800000000000004,4.0
1436425223,-36.87184984 174.64585761,URBAN,FIFTY,DAY,54.9,4.0
1436425224,-36.87197795 174.64581108,URBAN,FIFTY,DAY,54.0,3.0
1436425225,-36.87210204 174.64576762,URBAN,FIFTY,DAY,54.0,3.0
1436425226,-36.87223225 174.64572356,URBAN,FIFTY,DAY,53.1,3.0
1436425227,-36.87235609 174.64567303,URBAN,FIFTY,DAY,52.2,4.0
1436425228,-36.87247076 174.64562764,URBAN,FIFTY,DAY,52.2,3.0
1436425229,-36.87259796 174.64557977,URBAN,FIFTY,DAY,52.2,4.0
1436425230,-36.872728 174.64552706,URBAN,FIFTY,DAY,52.2,4.0
1436425231,-36.8728517 174.64548058,URBAN,FIFTY,DAY,50.4,3.0
1436425232,-36.87296602 174.64543584,URBAN,FIFTY,DAY,49.5,4.0
1436425233,-36.87308237 174.64538904,URBAN,FIFTY,DAY,48.6,3.0
1436425234,-36.87317512 174.64536173,URBAN,FIFTY,DAY,49.5,3.0
1436425235,-36.87330031 174.64535894,URBAN,FIFTY,DAY,48.6,4.0
1436425236,-36.87343122 174.64537524,URBAN,FIFTY,DAY,50.4,4.0
1436425237,-36.87355982 174.64542687,URBAN,FIFTY,DAY,49.5,3.0
1436425238,-36.87367345 174.64548068,URBAN,FIFTY,DAY,50.4,3.0
1436425239,-36.87378309 174.64555121,URBAN,FIFTY,DAY,48.6,3.0
1436425240,-36.87388858 174.64560955,URBAN,FIFTY,DAY,46.800000000000004,3.0
1436425241,-36.87399388 174.64567431,URBAN,FIFTY,DAY,45.9,4.0
1436425242,-36.87410212 174.64573177,URBAN,FIFTY,DAY,45.0,4.0
1436425243,-36.87420179 174.64578535,URBAN,FIFTY,DAY,44.1,4.0
1436425244,-36.87429877 174.64584181,URBAN,FIFTY,DAY,43.2,5.0
1436425245,-36.87439506 174.64590651,URBAN,FIFTY,DAY,44.1,5.0
1436425246,-36.87450109 174.64594804,URBAN,FIFTY,DAY,44.1,5.0
1436425247,-36.87460289 174.6459918,URBAN,FIFTY,DAY,42.300000000000004,4.0
1436425248,-36.87469246 174.64604253,URBAN,FIFTY,DAY,40.5,4.0
1436425249,-36.87479682 174.64607635,URBAN,FIFTY,DAY,42.300000000000004,4.0
1436425250,-36.87489785 174.64612865,URBAN,FIFTY,DAY,43.2,4.0
1436425251,-36.87500164 174.64617884,URBAN,FIFTY,DAY,44.1,4.0
1436425252,-36.87509916 174.64622972,URBAN,FIFTY,DAY,43.2,3.0
1436425253,-36.87519919 174.64627828,URBAN,FIFTY,DAY,41.4,3.0
1436425254,-36.87529319 174.64631771,URBAN,FIFTY,DAY,40.5,3.0
1436425255,-36.87539086 174.64636747,URBAN,FIFTY,DAY,41.4,3.0
1436425256,-36.87548396 174.646421,URBAN,FIFTY,DAY,40.5,4.0
1436425257,-36.87558275 174.64646114,URBAN,FIFTY,DAY,41.4,3.0
1436425258,-36.87568859 174.64651635,URBAN,FIFTY,DAY,42.300000000000004,3.0
1436425259,-36.87578493 174.64656484,URBAN,FIFTY,DAY,41.4,3.0
1436425260,-36.87586741 174.6466149,URBAN,FIFTY,DAY,39.6,3.0
1436425261,-36.87594352 174.64665648,URBAN,FIFTY,DAY,34.2,3.0
1436425262,-36.87599784 174.64668524,URBAN,FIFTY,DAY,25.2,3.0
1436425263,-36.87603059 174.64669616,URBAN,FIFTY,DAY,16.2,3.0
1436425264,-36.8760569 174.6467038,URBAN,FIFTY,DAY,9.9,3.0
1436425265,-36.87606987 174.64670743,URBAN,FIFTY,DAY,4.5,3.0
1436425266,-36.87607341 174.64671148,URBAN,FIFTY,DAY,1.8,3.0
1436425267,-36.87607926 174.64670348,URBAN,FIFTY,DAY,0.9,4.0
1436425268,-36.87607976 174.64671155,URBAN,FIFTY,DAY,0.9,3.0
1436425269,-36.87607724 174.64671289,URBAN,FIFTY,DAY,0.0,3.0
1436425270,-36.87607656 174.64671509,URBAN,FIFTY,DAY,0.0,4.0
1436425271,-36.87607763 174.64671967,URBAN,FIFTY,DAY,0.9,4.0
1436425272,-36.87607524 174.64672417,URBAN,FIFTY,DAY,0.0,9.0
1436425273,-36.87607778 174.64672326,URBAN,FIFTY,DAY,0.0,9.0
1436425274,-36.87607434 174.64672504,URBAN,FIFTY,DAY,0.0,9.0
1436425275,-36.8760726 174.64672469,URBAN,FIFTY,DAY,0.0,9.0
1436425276,-36.87607094 174.64672484,URBAN,FIFTY,DAY,0.0,9.0
1436425277,-36.87607311 174.64672293,URBAN,FIFTY,DAY,0.0,9.0
1436425278,-36.87607474 174.64672131,URBAN,FIFTY,DAY,0.0,9.0
1436425279,-36.87607336 174.64672342,URBAN,FIFTY,DAY,0.0,9.0
1436425280,-36.8760732 174.64672399,URBAN,FIFTY,DAY,0.0,9.0
1436425281,-36.87607102 174.64672281,URBAN,FIFTY,DAY,0.0,9.0
1436425282,-36.87607139 174.64672366,URBAN,FIFTY,DAY,0.0,9.0
1436425283,-36.87607189 174.64672345,URBAN,FIFTY,DAY,0.0,9.0
1436425284,-36.87607174 174.64672409,URBAN,FIFTY,DAY,0.0,9.0
1436425285,-36.87607148 174.64672403,URBAN,FIFTY,DAY,0.0,9.0
1436425286,-36.87607151 174.64672395,URBAN,FIFTY,DAY,0.0,9.0
1436425287,-36.87607167 174.6467239,URBAN,FIFTY,DAY,0.0,9.0
1436425288,-36.87607164 174.64672391,URBAN,FIFTY,DAY,0.0,9.0
1436425289,-36.87607163 174.64672384,URBAN,FIFTY,DAY,0.0,9.0
1436425290,-36.87607178 174.64672312,URBAN,FIFTY,DAY,0.0,9.0
1436425291,-36.87607178 174.64672314,URBAN,FIFTY,DAY,0.0,9.0
1436425292,-36.87607435 174.64672371,URBAN,FIFTY,DAY,1.8,9.0
1436425293,-36.87608537 174.64672259,URBAN,FIFTY,DAY,2.7,10.0
1436425294,-36.87609876 174.64672531,URBAN,FIFTY,DAY,3.6,10.0
1436425295,-36.87611273 174.64672624,URBAN,FIFTY,DAY,4.5,10.0
1436425296,-36.87613732 174.64672571,URBAN,FIFTY,DAY,8.1,10.0
1436425297,-36.87616937 174.64672326,URBAN,FIFTY,DAY,10.8,10.0
1436425298,-36.87621237 174.64666326,URBAN,FIFTY,DAY,20.7,10.0
1436425299,-36.87623168 174.64653052,URBAN,FIFTY,DAY,30.6,9.0
1436425300,-36.87623933 174.64643648,URBAN,FIFTY,DAY,34.2,9.0
1436425301,-36.87624233 174.64632625,URBAN,FIFTY,DAY,37.800000000000004,9.0
1436425302,-36.87624653 174.64619968,URBAN,FIFTY,DAY,39.6,9.0
1436425303,-36.87625155 174.64606738,URBAN,FIFTY,DAY,40.5,9.0
1436425304,-36.87625929 174.64593788,URBAN,FIFTY,DAY,40.5,9.0
1436425305,-36.87626544 174.64580738,URBAN,FIFTY,DAY,41.4,9.0
1436425306,-36.87626867 174.64566371,URBAN,FIFTY,DAY,44.1,9.0
1436425307,-36.87627638 174.64552881,URBAN,FIFTY,DAY,45.9,9.0
1436425308,-36.87628162 174.64538667,URBAN,FIFTY,DAY,46.800000000000004,9.0
1436425309,-36.87628402 174.64523542,URBAN,FIFTY,DAY,45.9,9.0
1436425310,-36.87628845 174.6450893,URBAN,FIFTY,DAY,45.0,9.0
1436425311,-36.87629792 174.64496195,URBAN,FIFTY,DAY,43.2,9.0
1436425312,-36.87629955 174.64483037,URBAN,FIFTY,DAY,42.300000000000004,9.0
1436425313,-36.87630314 174.64469666,URBAN,FIFTY,DAY,41.4,9.0
1436425314,-36.87631701 174.6445633,URBAN,FIFTY,DAY,41.4,9.0
1436425315,-36.87632527 174.64443395,URBAN,FIFTY,DAY,40.5,9.0
1436425316,-36.87633393 174.6443173,URBAN,FIFTY,DAY,39.6,9.0
1436425317,-36.87634266 174.64419365,URBAN,FIFTY,DAY,38.7,9.0
1436425318,-36.87635254 174.64406899,URBAN,FIFTY,DAY,41.4,9.0
1436425319,-36.87635733 174.64393685,URBAN,FIFTY,DAY,42.300000000000004,9.0
1436425320,-36.8763623 174.64380855,URBAN,FIFTY,DAY,41.4,9.0
1436425321,-36.87638984 174.64368701,URBAN,FIFTY,DAY,38.7,9.0
1436425322,-36.8764333 174.64357208,URBAN,FIFTY,DAY,38.7,9.0
1436425323,-36.87648701 174.6434611,URBAN,FIFTY,DAY,39.6,9.0
1436425324,-36.87656998 174.64337925,URBAN,FIFTY,DAY,42.300000000000004,4.0
1436425325,-36.87668173 174.64330831,URBAN,FIFTY,DAY,46.800000000000004,3.0
1436425326,-36.87679011 174.64323238,URBAN,FIFTY,DAY,48.6,4.0
1436425327,-36.87688264 174.64315834,URBAN,FIFTY,DAY,47.7,4.0
1436425328,-36.87698499 174.64308782,URBAN,FIFTY,DAY,45.0,4.0
1436425329,-36.87708048 174.64302541,URBAN,FIFTY,DAY,43.2,4.0
1436425330,-36.87716624 174.64296501,URBAN,FIFTY,DAY,40.5,3.0
1436425331,-36.87725421 174.64290415,URBAN,FIFTY,DAY,39.6,3.0
1436425332,-36.87734122 174.64284416,URBAN,FIFTY,DAY,39.6,3.0
1436425333,-36.87743626 174.64277671,URBAN,FIFTY,DAY,41.4,4.0
1436425334,-36.87753406 174.64269805,URBAN,FIFTY,DAY,45.9,4.0
1436425335,-36.87763873 174.64262221,URBAN,FIFTY,DAY,48.6,4.0
1436425336,-36.87775281 174.64253426,URBAN,FIFTY,DAY,51.300000000000004,4.0
1436425337,-36.87786769 174.6424459,URBAN,FIFTY,DAY,53.1,4.0
1436425338,-36.87799267 174.64235819,URBAN,FIFTY,DAY,54.0,4.0
1436425339,-36.87810318 174.64227935,URBAN,FIFTY,DAY,54.9,3.0
1436425340,-36.87822806 174.64219832,URBAN,FIFTY,DAY,55.800000000000004,4.0
1436425341,-36.87836648 174.64210024,URBAN,FIFTY,DAY,56.7,4.0
1436425342,-36.87849237 174.64201358,URBAN,FIFTY,DAY,56.7,4.0
1436425343,-36.878615 174.64192282,URBAN,FIFTY,DAY,57.6,4.0
1436425344,-36.87873384 174.6418434,URBAN,FIFTY,DAY,56.7,4.0
1436425345,-36.87885847 174.64175657,URBAN,FIFTY,DAY,56.7,5.0
1436425346,-36.87899013 174.64167024,URBAN,FIFTY,DAY,56.7,5.0
1436425347,-36.87911302 174.64157442,URBAN,FIFTY,DAY,56.7,5.0
1436425348,-36.87923003 174.64148901,URBAN,FIFTY,DAY,54.9,4.0
1436425349,-36.87936449 174.64137972,URBAN,FIFTY,DAY,56.7,5.0
1436425350,-36.87947835 174.64130443,URBAN,FIFTY,DAY,54.0,5.0
1436425351,-36.87958528 174.64122975,URBAN,FIFTY,DAY,52.2,5.0
1436425352,-36.87970251 174.64115508,URBAN,FIFTY,DAY,51.300000000000004,5.0
1436425353,-36.87982314 174.64106289,URBAN,FIFTY,DAY,52.2,6.0
1436425354,-36.8799576 174.64096978,URBAN,FIFTY,DAY,53.1,5.0
1436425355,-36.88007432 174.64087667,URBAN,FIFTY,DAY,53.1,5.0
1436425356,-36.88018132 174.64080066,URBAN,FIFTY,DAY,52.2,5.0
1436425357,-36.88029857 174.64071994,URBAN,FIFTY,DAY,51.300000000000004,5.0
1436425358,-36.88040666 174.640638,URBAN,FIFTY,DAY,51.300000000000004,4.0
1436425359,-36.88051138 174.64056119,URBAN,FIFTY,DAY,50.4,4.0
1436425360,-36.88061087 174.64048607,URBAN,FIFTY,DAY,49.5,3.0
1436425361,-36.88071726 174.64041358,URBAN,FIFTY,DAY,48.6,3.0
1436425362,-36.88081338 174.64034379,URBAN,FIFTY,DAY,47.7,3.0
1436425363,-36.88092334 174.64027064,URBAN,FIFTY,DAY,47.7,3.0
1436425364,-36.88101691 174.64019491,URBAN,FIFTY,DAY,46.800000000000004,3.0
1436425365,-36.88111867 174.64011833,URBAN,FIFTY,DAY,45.9,4.0
1436425366,-36.88121526 174.64005168,URBAN,FIFTY,DAY,44.1,3.0
1436425367,-36.88130475 174.63998906,URBAN,FIFTY,DAY,41.4,3.0
1436425368,-36.88138081 174.63993123,URBAN,FIFTY,DAY,38.7,4.0
1436425369,-36.88144941 174.63988198,URBAN,FIFTY,DAY,33.300000000000004,3.0
1436425370,-36.88149953 174.63984444,URBAN,FIFTY,DAY,26.1,3.0
1436425371,-36.88154224 174.63981486,URBAN,FIFTY,DAY,18.0,3.0
1436425372,-36.88156244 174.63979974,URBAN,FIFTY,DAY,11.700000000000001,4.0
1436425373,-36.88157959 174.6397895,URBAN,FIFTY,DAY,7.2,4.0
1436425374,-36.88158063 174.63978267,URBAN,FIFTY,DAY,3.6,4.0
1436425375,-36.88157756 174.63977637,URBAN,FIFTY,DAY,1.8,4.0
1436425376,-36.88158352 174.63977925,URBAN,FIFTY,DAY,1.8,3.0
1436425377,-36.88158762 174.63977813,URBAN,FIFTY,DAY,0.9,3.0
1436425378,-36.88159281 174.63977402,URBAN,FIFTY,DAY,0.0,3.0
1436425379,-36.88159369 174.63977143,URBAN,FIFTY,DAY,0.0,3.0
1436425380,-36.88159465 174.63977263,URBAN,FIFTY,DAY,0.0,3.0
1436425381,-36.88159161 174.63976736,URBAN,FIFTY,DAY,0.0,3.0
1436425382,-36.88159321 174.63976458,URBAN,FIFTY,DAY,0.0,3.0
1436425383,-36.88159275 174.63976627,URBAN,FIFTY,DAY,0.0,3.0
1436425384,-36.8815903 174.63976706,URBAN,FIFTY,DAY,0.0,3.0
1436425385,-36.88159317 174.63976738,URBAN,FIFTY,DAY,0.0,3.0
1436425386,-36.88159552 174.63976629,URBAN,FIFTY,DAY,0.0,9.0
1436425387,-36.88159296 174.63976987,URBAN,FIFTY,DAY,0.0,9.0
1436425388,-36.8815922 174.63977242,URBAN,FIFTY,DAY,0.0,9.0
1436425389,-36.88159224 174.63977206,URBAN,FIFTY,DAY,0.0,9.0
1436425390,-36.88159227 174.63977195,URBAN,FIFTY,DAY,0.0,9.0
1436425391,-36.88159233 174.63977184,URBAN,FIFTY,DAY,0.0,9.0
1436425392,-36.88159232 174.63977186,URBAN,FIFTY,DAY,0.0,9.0
1436425393,-36.88159233 174.63977186,URBAN,FIFTY,DAY,0.0,9.0
1436425394,-36.88159232 174.63977187,URBAN,FIFTY,DAY,0.0,9.0
1436425395,-36.88159216 174.63977195,URBAN,FIFTY,DAY,0.0,9.0
1436425396,-36.88159213 174.63977195,URBAN,FIFTY,DAY,0.0,9.0
1436425397,-36.88159689 174.63976801,URBAN,FIFTY,DAY,3.6,9.0
1436425398,-36.88161098 174.63975203,URBAN,FIFTY,DAY,6.3,3.0
1436425399,-36.88162727 174.63973668,URBAN,FIFTY,DAY,9.9,3.0
1436425400,-36.88163191 174.63971769,URBAN,FIFTY,DAY,7.2,3.0
1436425401,-36.88163238 174.63969657,URBAN,FIFTY,DAY,8.1,3.0
1436425402,-36.88163181 174.63966418,URBAN,FIFTY,DAY,9.9,3.0
1436425403,-36.88162537 174.63962759,URBAN,FIFTY,DAY,10.8,4.0
1436425404,-36.88160836 174.63956973,URBAN,FIFTY,DAY,18.0,4.0
1436425405,-36.88153592 174.63947386,URBAN,FIFTY,DAY,26.1,5.0
1436425406,-36.88145742 174.63932435,URBAN,FIFTY,DAY,41.4,5.0
1436425407,-36.881388 174.63920284,URBAN,FIFTY,DAY,45.9,4.0
1436425408,-36.88132473 174.63905004,URBAN,FIFTY,DAY,48.6,4.0
1436425409,-36.88122922 174.63891504,URBAN,FIFTY,DAY,49.5,5.0
1436425410,-36.88117833 174.63882362,URBAN,FIFTY,DAY,47.7,4.0
1436425411,-36.88109933 174.63870029,URBAN,FIFTY,DAY,49.5,4.0
1436425412,-36.88102304 174.63855175,URBAN,FIFTY,DAY,50.4,4.0
1436425413,-36.88095056 174.63842169,URBAN,FIFTY,DAY,47.7,4.0
1436425414,-36.88088417 174.63828805,URBAN,FIFTY,DAY,47.7,4.0
1436425415,-36.8808048 174.63816871,URBAN,FIFTY,DAY,47.7,3.0
1436425416,-36.88073374 174.63803292,URBAN,FIFTY,DAY,46.800000000000004,3.0
1436425417,-36.880673 174.63792583,URBAN,FIFTY,DAY,47.7,3.0
1436425418,-36.88059844 174.63780359,URBAN,FIFTY,DAY,47.7,3.0
1436425419,-36.88052747 174.63768544,URBAN,FIFTY,DAY,45.9,3.0
1436425420,-36.88046219 174.6375829,URBAN,FIFTY,DAY,45.9,3.0
1436425421,-36.88039314 174.63745614,URBAN,FIFTY,DAY,45.9,3.0
1436425422,-36.88032831 174.63733202,URBAN,FIFTY,DAY,45.9,4.0
1436425423,-36.8802765 174.63720777,URBAN,FIFTY,DAY,45.0,3.0
1436425424,-36.88022115 174.63707874,URBAN,FIFTY,DAY,45.0,3.0
1436425425,-36.8801788 174.63694344,URBAN,FIFTY,DAY,45.0,3.0
1436425426,-36.88014314 174.63679843,URBAN,FIFTY,DAY,45.9,4.0
1436425427,-36.88011324 174.63664403,URBAN,FIFTY,DAY,48.6,4.0
1436425428,-36.88007618 174.63649903,URBAN,FIFTY,DAY,50.4,3.0
1436425429,-36.88003821 174.63634254,URBAN,FIFTY,DAY,49.5,3.0
1436425430,-36.87999473 174.63620334,URBAN,FIFTY,DAY,45.9,3.0
1436425431,-36.87996763 174.63608848,URBAN,FIFTY,DAY,42.300000000000004,3.0
1436425432,-36.87994016 174.63598037,URBAN,FIFTY,DAY,36.0,3.0
1436425433,-36.8799123 174.63588787,URBAN,FIFTY,DAY,29.7,3.0
1436425434,-36.87989338 174.63581406,URBAN,FIFTY,DAY,24.3,3.0
1436425435,-36.87987645 174.63575807,URBAN,FIFTY,DAY,19.8,3.0
1436425436,-36.87987518 174.63571452,URBAN,FIFTY,DAY,14.4,4.0
1436425437,-36.87986743 174.6356919,URBAN,FIFTY,DAY,9.9,3.0
1436425438,-36.87985727 174.63567402,URBAN,FIFTY,DAY,6.3,3.0
1436425439,-36.87985332 174.63565862,URBAN,FIFTY,DAY,6.3,4.0
1436425440,-36.87984398 174.63561897,URBAN,FIFTY,DAY,9.0,4.0
1436425441,-36.87983621 174.63558125,URBAN,FIFTY,DAY,11.700000000000001,5.0
1436425442,-36.87981653 174.63550787,URBAN,FIFTY,DAY,19.8,4.0
1436425443,-36.8797992 174.63544365,URBAN,FIFTY,DAY,22.5,4.0
1436425444,-36.87977701 174.63535889,URBAN,FIFTY,DAY,27.0,4.0
1436425445,-36.87975556 174.63526376,URBAN,FIFTY,DAY,30.6,4.0
1436425446,-36.87973047 174.63519361,URBAN,FIFTY,DAY,30.6,4.0
1436425447,-36.87971381 174.63510583,URBAN,FIFTY,DAY,31.5,4.0
1436425448,-36.87969047 174.63500703,URBAN,FIFTY,DAY,30.6,5.0
1436425449,-36.87968759 174.63492323,URBAN,FIFTY,DAY,25.2,4.0
1436425450,-36.87967522 174.6348669,URBAN,FIFTY,DAY,19.8,4.0
1436425451,-36.87967943 174.63481298,URBAN,FIFTY,DAY,18.0,4.0
1436425452,-36.87968591 174.63478269,URBAN,FIFTY,DAY,15.3,3.0
1436425453,-36.87968561 174.63473441,URBAN,FIFTY,DAY,14.4,3.0
1436425454,-36.87969123 174.63468464,URBAN,FIFTY,DAY,13.5,4.0
1436425455,-36.87968881 174.63465243,URBAN,FIFTY,DAY,12.6,4.0
1436425456,-36.87968911 174.63460165,URBAN,FIFTY,DAY,15.3,4.0
1436425457,-36.87969254 174.63453406,URBAN,FIFTY,DAY,18.0,3.0
1436425458,-36.87970273 174.63445312,URBAN,FIFTY,DAY,22.5,3.0
1436425459,-36.87969317 174.63437042,URBAN,FIFTY,DAY,25.2,3.0
1436425460,-36.87969644 174.63429151,URBAN,FIFTY,DAY,27.0,9.0
1436425461,-36.87969862 174.63420363,URBAN,FIFTY,DAY,25.2,9.0
1436425462,-36.879695 174.63414049,URBAN,FIFTY,DAY,22.5,9.0
1436425463,-36.87969281 174.63407861,URBAN,FIFTY,DAY,20.7,9.0
1436425464,-36.87970454 174.63402147,URBAN,FIFTY,DAY,18.0,9.0
1436425465,-36.87971665 174.63399793,URBAN,FIFTY,DAY,14.4,9.0
1436425466,-36.87972847 174.63395843,URBAN,FIFTY,DAY,13.5,9.0
1436425467,-36.8797447 174.63391753,URBAN,FIFTY,DAY,17.1,9.0
1436425468,-36.87976158 174.63385695,URBAN,FIFTY,DAY,19.8,3.0
1436425469,-36.87978226 174.63377649,URBAN,FIFTY,DAY,24.3,3.0
1436425470,-36.87979648 174.63369552,URBAN,FIFTY,DAY,26.1,3.0
1436425471,-36.87980711 174.63361605,URBAN,FIFTY,DAY,27.900000000000002,3.0
1436425472,-36.87981849 174.63352825,URBAN,FIFTY,DAY,27.900000000000002,3.0
1436425473,-36.87982719 174.63344087,URBAN,FIFTY,DAY,27.0,3.0
1436425474,-36.87983716 174.63336565,URBAN,FIFTY,DAY,25.2,4.0
1436425475,-36.87982343 174.63329972,URBAN,FIFTY,DAY,21.6,3.0
1436425476,-36.87981972 174.63324695,URBAN,FIFTY,DAY,18.0,3.0
1436425477,-36.87982157 174.63319523,URBAN,FIFTY,DAY,18.0,3.0
1436425478,-36.87982287 174.63312046,URBAN,FIFTY,DAY,22.5,3.0
1436425479,-36.87982743 174.63303642,URBAN,FIFTY,DAY,26.1,4.0
1436425480,-36.87982583 174.63292971,URBAN,FIFTY,DAY,32.4,4.0
1436425481,-36.87981928 174.63283117,URBAN,FIFTY,DAY,30.6,4.0
1436425482,-36.87980221 174.63274247,URBAN,FIFTY,DAY,29.7,4.0
1436425483,-36.87979673 174.6326491,URBAN,FIFTY,DAY,29.7,4.0
1436425484,-36.8797865 174.63255974,URBAN,FIFTY,DAY,29.7,5.0
1436425485,-36.87977503 174.63247938,URBAN,FIFTY,DAY,27.900000000000002,4.0
1436425486,-36.87975344 174.63240651,URBAN,FIFTY,DAY,26.1,4.0
1436425487,-36.87974757 174.63234825,URBAN,FIFTY,DAY,18.900000000000002,4.0
1436425488,-36.87973142 174.63228693,URBAN,FIFTY,DAY,17.1,4.0
1436425489,-36.87971785 174.63225232,URBAN,FIFTY,DAY,12.6,4.0
1436425490,-36.87970148 174.63221227,URBAN,FIFTY,DAY,12.6,5.0
1436425491,-36.87969332 174.63219305,URBAN,FIFTY,DAY,7.2,5.0
1436425492,-36.87968941 174.63218962,URBAN,FIFTY,DAY,3.6,5.0
1436425493,-36.87969132 174.63219087,URBAN,FIFTY,DAY,1.8,5.0
1436425494,-36.87969369 174.63220209,URBAN,FIFTY,DAY,0.0,4.0
1436425495,-36.87969163 174.63219649,URBAN,FIFTY,DAY,0.0,4.0
1436425496,-36.87969146 174.63219332,URBAN,FIFTY,DAY,0.0,4.0
1436425497,-36.87969143 174.6321903,URBAN,FIFTY,DAY,0.0,4.0
1436425498,-36.87969118 174.63218727,URBAN,FIFTY,DAY,0.0,4.0
1436425499,-36.87968492 174.63218284,URBAN,FIFTY,DAY,0.0,4.0
1436425500,-36.87968444 174.63217643,URBAN,FIFTY,DAY,0.0,4.0
1436425501,-36.87968341 174.63217328,URBAN,FIFTY,DAY,0.0,4.0
1436425502,-36.8796823 174.63217071,URBAN,FIFTY,DAY,0.0,4.0
1436425503,-36.87968295 174.63217112,URBAN,FIFTY,DAY,0.0,3.0
1436425504,-36.87968277 174.63217014,URBAN,FIFTY,DAY,0.0,3.0
1436425505,-36.87968227 174.63217082,URBAN,FIFTY,DAY,0.0,3.0
1436425506,-36.87968221 174.63217208,URBAN,FIFTY,DAY,0.0,3.0
1436425507,-36.87968214 174.63217254,URBAN,FIFTY,DAY,0.0,3.0
1436425508,-36.8796821 174.63217256,URBAN,FIFTY,DAY,0.0,3.0
1436425509,-36.87968208 174.63217254,URBAN,FIFTY,DAY,0.0,3.0
1436425510,-36.87968198 174.63217281,URBAN,FIFTY,DAY,0.0,3.0
1436425511,-36.87968197 174.63217286,URBAN,FIFTY,DAY,0.0,3.0
1436425512,-36.87968197 174.63217282,URBAN,FIFTY,DAY,0.0,3.0
1436425513,-36.87968204 174.63217276,URBAN,FIFTY,DAY,0.0,3.0
1436425514,-36.87968203 174.63217269,URBAN,FIFTY,DAY,0.0,3.0
1436425515,-36.87968204 174.63217263,URBAN,FIFTY,DAY,0.0,3.0
1436425516,-36.87968084 174.63217282,URBAN,FIFTY,DAY,0.0,3.0
1436425517,-36.87968083 174.63217285,URBAN,FIFTY,DAY,0.0,3.0
1436425518,-36.87968083 174.63217284,URBAN,FIFTY,DAY,0.0,3.0
1436425519,-36.87967681 174.63216586,URBAN,FIFTY,DAY,4.5,4.0
1436425520,-36.87966885 174.63213411,URBAN,FIFTY,DAY,5.4,4.0
1436425521,-36.8796617 174.63207268,URBAN,FIFTY,DAY,12.6,4.0
1436425522,-36.87963776 174.63200665,URBAN,FIFTY,DAY,16.2,4.0
1436425523,-36.87960082 174.63194844,URBAN,FIFTY,DAY,19.8,4.0
1436425524,-36.87952857 174.63187809,URBAN,FIFTY,DAY,27.0,5.0
1436425525,-36.87944976 174.63181244,URBAN,FIFTY,DAY,33.300000000000004,4.0
1436425526,-36.87937377 174.63175098,URBAN,FIFTY,DAY,34.2,4.0
1436425527,-36.87931253 174.63168897,URBAN,FIFTY,DAY,33.300000000000004,4.0
1436425528,-36.87924855 174.63163042,URBAN,FIFTY,DAY,31.5,4.0
1436425529,-36.87917335 174.63157587,URBAN,FIFTY,DAY,28.8,4.0
1436425530,-36.8791263 174.63151522,URBAN,FIFTY,DAY,25.2,4.0
1436425531,-36.87908975 174.6314766,URBAN,FIFTY,DAY,20.7,4.0
1436425532,-36.87905518 174.63144547,URBAN,FIFTY,DAY,17.1,4.0
1436425533,-36.87902286 174.63141717,URBAN,FIFTY,DAY,16.2,9.0
1436425534,-36.87898414 174.63139318,URBAN,FIFTY,DAY,17.1,9.0
1436425535,-36.87894532 174.63136191,URBAN,FIFTY,DAY,17.1,9.0
1436425536,-36.87890036 174.63133403,URBAN,FIFTY,DAY,18.900000000000002,9.0
1436425537,-36.87885636 174.63130241,URBAN,FIFTY,DAY,21.6,9.0
1436425538,-36.87881304 174.63125833,URBAN,FIFTY,DAY,22.5,10.0
1436425539,-36.87876443 174.63121565,URBAN,FIFTY,DAY,22.5,9.0
1436425540,-36.87872787 174.63116648,URBAN,FIFTY,DAY,22.5,9.0
1436425541,-36.8786872 174.63113164,URBAN,FIFTY,DAY,19.8,9.0
1436425542,-36.87865797 174.63110629,URBAN,FIFTY,DAY,15.3,9.0
1436425543,-36.87864078 174.63108919,URBAN,FIFTY,DAY,9.9,9.0
1436425544,-36.87862447 174.6310787,URBAN,FIFTY,DAY,7.2,9.0
1436425545,-36.878611 174.63106724,URBAN,FIFTY,DAY,5.4,9.0
1436425546,-36.87860513 174.63106079,URBAN,FIFTY,DAY,3.6,10.0
1436425547,-36.87860191 174.63105407,URBAN,FIFTY,DAY,2.7,10.0
1436425548,-36.87860112 174.63104804,URBAN,FIFTY,DAY,1.8,9.0
1436425549,-36.87860025 174.6310487,URBAN,FIFTY,DAY,0.0,9.0
1436425550,-36.87859829 174.63105085,URBAN,FIFTY,DAY,0.0,9.0
1436425551,-36.87859945 174.63104707,URBAN,FIFTY,DAY,0.0,9.0
1436425552,-36.87859961 174.63104544,URBAN,FIFTY,DAY,0.0,9.0
1436425553,-36.87859856 174.63104557,URBAN,FIFTY,DAY,0.0,9.0
1436425554,-36.8785967 174.63104567,URBAN,FIFTY,DAY,0.0,9.0
1436425555,-36.87859613 174.63104487,URBAN,FIFTY,DAY,0.0,9.0
1436425556,-36.87859735 174.63104397,URBAN,FIFTY,DAY,0.0,9.0
1436425557,-36.87859419 174.63104217,URBAN,FIFTY,DAY,2.7,9.0
1436425558,-36.87858531 174.63103131,URBAN,FIFTY,DAY,4.5,9.0
1436425559,-36.87858163 174.63101294,URBAN,FIFTY,DAY,6.3,9.0
1436425560,-36.87855223 174.63099104,URBAN,FIFTY,DAY,10.8,9.0
1436425561,-36.87851912 174.63096318,URBAN,FIFTY,DAY,13.5,9.0
1436425562,-36.87846038 174.63090751,URBAN,FIFTY,DAY,22.5,9.0
1436425563,-36.87840983 174.63086052,URBAN,FIFTY,DAY,26.1,9.0
1436425564,-36.87834383 174.6308221,URBAN,FIFTY,DAY,29.7,10.0
1436425565,-36.8782677 174.63077898,URBAN,FIFTY,DAY,32.4,9.0
1436425566,-36.87819421 174.63072303,URBAN,FIFTY,DAY,34.2,9.0
1436425567,-36.87811514 174.63064854,URBAN,FIFTY,DAY,35.1,9.0
1436425568,-36.87804455 174.63056946,URBAN,FIFTY,DAY,36.0,9.0
1436425569,-36.87797096 174.63047997,URBAN,FIFTY,DAY,37.800000000000004,9.0
1436425570,-36.87790296 174.63039349,URBAN,FIFTY,DAY,38.7,10.0
1436425571,-36.87783415 174.63030825,URBAN,FIFTY,DAY,40.5,10.0
1436425572,-36.87777006 174.63020646,URBAN,FIFTY,DAY,41.4,10.0
1436425573,-36.87769215 174.63009274,URBAN,FIFTY,DAY,44.1,10.0
1436425574,-36.87761956 174.62999706,URBAN,FIFTY,DAY,45.0,10.0
1436425575,-36.87754325 174.62989339,URBAN,FIFTY,DAY,45.9,9.0
1436425576,-36.87745977 174.6297833,URBAN,FIFTY,DAY,47.7,9.0
1436425577,-36.87739606 174.62968275,URBAN,FIFTY,DAY,47.7,9.0
1436425578,-36.87731082 174.62956576,URBAN,FIFTY,DAY,47.7,9.0
1436425579,-36.87722785 174.62946766,URBAN,FIFTY,DAY,46.800000000000004,9.0
1436425580,-36.87714675 174.62937426,URBAN,FIFTY,DAY,45.0,9.0
1436425581,-36.87706598 174.62928568,URBAN,FIFTY,DAY,42.300000000000004,9.0
1436425582,-36.8769816 174.62921207,URBAN,FIFTY,DAY,40.5,9.0
1436425583,-36.876903 174.62914127,URBAN,FIFTY,DAY,41.4,9.0
1436425584,-36.87681679 174.62905832,URBAN,FIFTY,DAY,43.2,9.0
1436425585,-36.87673544 174.62898337,URBAN,FIFTY,DAY,41.4,9.0
1436425586,-36.87665197 174.62891149,URBAN,FIFTY,DAY,39.6,9.0
1436425587,-36.87656951 174.62884592,URBAN,FIFTY,DAY,37.800000000000004,9.0
1436425588,-36.87648723 174.62878563,URBAN,FIFTY,DAY,37.800000000000004,9.0
1436425589,-36.8764132 174.6287175,URBAN,FIFTY,DAY,37.800000000000004,9.0
1436425590,-36.87633386 174.62865025,URBAN,FIFTY,DAY,36.9,9.0
1436425591,-36.8762533 174.62858898,URBAN,FIFTY,DAY,38.7,9.0
1436425592,-36.87617867 174.62851455,URBAN,FIFTY,DAY,38.7,9.0
1436425593,-36.87609273 174.62845077,URBAN,FIFTY,DAY,38.7,9.0
1436425594,-36.87600896 174.62837744,URBAN,FIFTY,DAY,39.6,9.0
1436425595,-36.87593173 174.6283039,URBAN,FIFTY,DAY,41.4,9.0
1436425596,-36.87585048 174.62824333,URBAN,FIFTY,DAY,41.4,9.0
1436425597,-36.87577019 174.6281396,URBAN,FIFTY,DAY,40.5,9.0
1436425598,-36.87570361 174.62805141,URBAN,FIFTY,DAY,38.7,10.0
1436425599,-36.87564029 174.62796476,URBAN,FIFTY,DAY,36.9,10.0
1436425600,-36.87558192 174.62789437,URBAN,FIFTY,DAY,34.2,9.0
1436425601,-36.87551497 174.62782124,URBAN,FIFTY,DAY,33.300000000000004,9.0
1436425602,-36.87544501 174.62775263,URBAN,FIFTY,DAY,31.5,9.0
1436425603,-36.87539161 174.62769982,URBAN,FIFTY,DAY,28.8,9.0
1436425604,-36.87534347 174.62766726,URBAN,FIFTY,DAY,26.1,9.0
1436425605,-36.87528489 174.62761397,URBAN,FIFTY,DAY,27.0,9.0
1436425606,-36.87523769 174.62756386,URBAN,FIFTY,DAY,27.900000000000002,9.0
1436425607,-36.87518175 174.62750507,URBAN,FIFTY,DAY,28.8,3.0
1436425608,-36.87512379 174.62744926,URBAN,FIFTY,DAY,30.6,3.0
1436425609,-36.87506845 174.62738608,URBAN,FIFTY,DAY,28.8,3.0
1436425610,-36.87501394 174.62732453,URBAN,FIFTY,DAY,27.900000000000002,4.0
1436425611,-36.87497629 174.62726342,URBAN,FIFTY,DAY,26.1,4.0
1436425612,-36.87494084 174.62720599,URBAN,FIFTY,DAY,25.2,4.0
1436425613,-36.87491136 174.62716829,URBAN,FIFTY,DAY,24.3,4.0
1436425614,-36.87487165 174.62709735,URBAN,FIFTY,DAY,23.400000000000002,3.0
1436425615,-36.87484778 174.62703772,URBAN,FIFTY,DAY,20.7,4.0
1436425616,-36.87482689 174.62698112,URBAN,FIFTY,DAY,18.0,3.0
1436425617,-36.8747994 174.62694334,URBAN,FIFTY,DAY,16.2,4.0
1436425618,-36.87477645 174.62689761,URBAN,FIFTY,DAY,15.3,4.0
1436425619,-36.8747535 174.62685667,URBAN,FIFTY,DAY,13.5,4.0
1436425620,-36.87473687 174.62682498,URBAN,FIFTY,DAY,13.5,4.0
1436425621,-36.87472147 174.6267874,URBAN,FIFTY,DAY,12.6,4.0
1436425622,-36.87469872 174.62674603,URBAN,FIFTY,DAY,15.3,4.0
1436425623,-36.87465975 174.62668752,URBAN,FIFTY,DAY,20.7,4.0
1436425624,-36.87461911 174.62661758,URBAN,FIFTY,DAY,24.3,4.0
1436425625,-36.87458513 174.62656714,URBAN,FIFTY,DAY,25.2,4.0
1436425626,-36.87453862 174.62649598,URBAN,FIFTY,DAY,25.2,4.0
1436425627,-36.87450204 174.62643547,URBAN,FIFTY,DAY,25.2,4.0
1436425628,-36.87447408 174.62637794,URBAN,FIFTY,DAY,26.1,3.0
1436425629,-36.87443595 174.62631453,URBAN,FIFTY,DAY,26.1,3.0
1436425630,-36.87439662 174.62623508,URBAN,FIFTY,DAY,28.8,3.0
1436425631,-36.87435475 174.62615712,URBAN,FIFTY,DAY,30.6,3.0
1436425632,-36.87431483 174.62607035,URBAN,FIFTY,DAY,33.300000000000004,3.0
1436425633,-36.87426954 174.62597584,URBAN,FIFTY,DAY,34.2,3.0
1436425634,-36.87423068 174.62588098,URBAN,FIFTY,DAY,36.0,3.0
1436425635,-36.8741846 174.62577356,URBAN,FIFTY,DAY,37.800000000000004,3.0
1436425636,-36.87414175 174.62566485,URBAN,FIFTY,DAY,39.6,4.0
1436425637,-36.87408359 174.62555564,URBAN,FIFTY,DAY,41.4,3.0
1436425638,-36.87402545 174.62544661,URBAN,FIFTY,DAY,41.4,4.0
1436425639,-36.87396645 174.62533882,URBAN,FIFTY,DAY,40.5,4.0
1436425640,-36.87391135 174.62523398,URBAN,FIFTY,DAY,40.5,4.0
1436425641,-36.8738526 174.62512481,URBAN,FIFTY,DAY,40.5,4.0
1436425642,-36.87380397 174.62500973,URBAN,FIFTY,DAY,38.7,4.0
1436425643,-36.87375768 174.62490893,URBAN,FIFTY,DAY,36.0,4.0
1436425644,-36.87370931 174.62482601,URBAN,FIFTY,DAY,34.2,4.0
1436425645,-36.87366016 174.62474895,URBAN,FIFTY,DAY,32.4,5.0
1436425646,-36.87361946 174.62468062,URBAN,FIFTY,DAY,29.7,5.0
1436425647,-36.87359015 174.62461873,URBAN,FIFTY,DAY,23.400000000000002,5.0
1436425648,-36.87357892 174.62455673,URBAN,FIFTY,DAY,18.900000000000002,5.0
1436425649,-36.87355755 174.62452474,URBAN,FIFTY,DAY,14.4,4.0
1436425650,-36.87354987 174.62449924,URBAN,FIFTY,DAY,9.0,5.0
1436425651,-36.87355053 174.62448297,URBAN,FIFTY,DAY,4.5,5.0
1436425652,-36.87356896 174.62447224,URBAN,FIFTY,DAY,0.0,4.0
1436425653,-36.87356934 174.62446833,URBAN,FIFTY,DAY,0.0,4.0
1436425654,-36.87356232 174.62446727,URBAN,FIFTY,DAY,2.7,5.0
1436425655,-36.87355503 174.62444487,URBAN,FIFTY,DAY,9.0,4.0
1436425656,-36.87353957 174.62441841,URBAN,FIFTY,DAY,12.6,5.0
1436425657,-36.87352865 174.62436945,URBAN,FIFTY,DAY,15.3,5.0
1436425658,-36.87353513 174.62431403,URBAN,FIFTY,DAY,17.1,4.0
1436425659,-36.87355855 174.62425674,URBAN,FIFTY,DAY,18.900000000000002,4.0
1436425660,-36.87358657 174.62417134,URBAN,FIFTY,DAY,26.1,5.0
1436425661,-36.87363403 174.62409189,URBAN,FIFTY,DAY,28.8,7.0
1436425662,-36.87365594 174.62398231,URBAN,FIFTY,DAY,33.300000000000004,7.0
1436425663,-36.87368956 174.62385623,URBAN,FIFTY,DAY,38.7,7.0
1436425664,-36.87376165 174.62373536,URBAN,FIFTY,DAY,40.5,7.0
1436425665,-36.87382511 174.62362502,URBAN,FIFTY,DAY,42.300000000000004,7.0
1436425666,-36.87388706 174.62352134,URBAN,FIFTY,DAY,43.2,6.0
1436425667,-36.87392506 174.62339814,URBAN,FIFTY,DAY,44.1,5.0
1436425668,-36.87398127 174.62328306,URBAN,FIFTY,DAY,45.0,5.0
1436425669,-36.87402403 174.62315782,URBAN,FIFTY,DAY,43.2,10.0
1436425670,-36.87406815 174.62303894,URBAN,FIFTY,DAY,43.2,10.0
1436425671,-36.87411142 174.62292103,URBAN,FIFTY,DAY,43.2,11.0
1436425672,-36.87416285 174.62279833,URBAN,FIFTY,DAY,45.0,10.0
1436425673,-36.87421413 174.62266985,URBAN,FIFTY,DAY,45.0,9.0
1436425674,-36.87429415 174.62257205,URBAN,FIFTY,DAY,43.2,10.0
1436425675,-36.87436904 174.62247981,URBAN,FIFTY,DAY,43.2,9.0
1436425676,-36.87444981 174.62237682,URBAN,FIFTY,DAY,45.0,9.0
1436425677,-36.87453025 174.62226761,URBAN,FIFTY,DAY,46.800000000000004,9.0
1436425678,-36.8746235 174.62217056,URBAN,FIFTY,DAY,46.800000000000004,9.0
1436425679,-36.8747112 174.62207496,URBAN,FIFTY,DAY,46.800000000000004,9.0
1436425680,-36.87479661 174.62197928,URBAN,FIFTY,DAY,45.9,9.0
1436425681,-36.87487127 174.62189278,URBAN,FIFTY,DAY,40.5,9.0
1436425682,-36.87492705 174.62181313,URBAN,FIFTY,DAY,32.4,9.0
1436425683,-36.87497221 174.62176825,URBAN,FIFTY,DAY,26.1,9.0
1436425684,-36.87501991 174.62173315,URBAN,FIFTY,DAY,22.5,9.0
1436425685,-36.87506834 174.62174394,URBAN,FIFTY,DAY,18.900000000000002,9.0
1436425686,-36.8751129 174.62177079,URBAN,FIFTY,DAY,18.900000000000002,9.0
1436425687,-36.87514982 174.62181092,URBAN,FIFTY,DAY,21.6,9.0
1436425688,-36.87519415 174.62186915,URBAN,FIFTY,DAY,26.1,9.0
1436425689,-36.87524252 174.62193046,URBAN,FIFTY,DAY,28.8,9.0
1436425690,-36.87531466 174.62201884,URBAN,FIFTY,DAY,31.5,9.0
1436425691,-36.87537432 174.62209846,URBAN,FIFTY,DAY,34.2,9.0
1436425692,-36.87543551 174.62217086,URBAN,FIFTY,DAY,34.2,9.0
1436425693,-36.87549743 174.62224531,URBAN,FIFTY,DAY,34.2,9.0
1436425694,-36.87555517 174.62232447,URBAN,FIFTY,DAY,32.4,9.0
1436425695,-36.87561189 174.62238892,URBAN,FIFTY,DAY,31.5,9.0
1436425696,-36.87567629 174.62245256,URBAN,FIFTY,DAY,31.5,9.0
1436425697,-36.87573425 174.62249404,URBAN,FIFTY,DAY,28.8,9.0
1436425698,-36.87580683 174.62252913,URBAN,FIFTY,DAY,29.7,10.0
1436425699,-36.8758839 174.62253949,URBAN,FIFTY,DAY,32.4,9.0
1436425700,-36.87596237 174.62255575,URBAN,FIFTY,DAY,32.4,11.0
1436425701,-36.87607208 174.62256059,URBAN,FIFTY,DAY,36.9,11.0
1436425702,-36.87617288 174.62255241,URBAN,FIFTY,DAY,36.9,10.0
1436425703,-36.8762632 174.62255233,URBAN,FIFTY,DAY,37.800000000000004,10.0
1436425704,-36.87635895 174.62254804,URBAN,FIFTY,DAY,37.800000000000004,10.0
1436425705,-36.87646145 174.62253632,URBAN,FIFTY,DAY,38.7,10.0
1436425706,-36.87656833 174.62251356,URBAN,FIFTY,DAY,37.800000000000004,10.0
1436425707,-36.87664692 174.62247691,URBAN,FIFTY,DAY,39.6,10.0
1436425708,-36.87674326 174.62244181,URBAN,FIFTY,DAY,40.5,10.0
1436425709,-36.87683764 174.62239321,URBAN,FIFTY,DAY,40.5,9.0
1436425710,-36.87693594 174.62232602,URBAN,FIFTY,DAY,42.300000000000004,10.0
1436425711,-36.87700895 174.62227188,URBAN,FIFTY,DAY,38.7,10.0
1436425712,-36.87708899 174.62222465,URBAN,FIFTY,DAY,37.800000000000004,10.0
1436425713,-36.87718393 174.62219744,URBAN,FIFTY,DAY,36.0,10.0
1436425714,-36.87726805 174.62216469,URBAN,FIFTY,DAY,33.300000000000004,10.0
1436425715,-36.87734466 174.62216018,URBAN,FIFTY,DAY,30.6,10.0
1436425716,-36.87743282 174.62215057,URBAN,FIFTY,DAY,31.5,9.0
1436425717,-36.87752004 174.62215742,URBAN,FIFTY,DAY,33.300000000000004,9.0
1436425718,-36.87760781 174.62216266,URBAN,FIFTY,DAY,35.1,9.0
1436425719,-36.87770312 174.62215915,URBAN,FIFTY,DAY,36.9,9.0
1436425720,-36.87779444 174.62216217,URBAN,FIFTY,DAY,36.0,9.0
1436425721,-36.8778894 174.62215635,URBAN,FIFTY,DAY,37.800000000000004,9.0
1436425722,-36.87799251 174.62216518,URBAN,FIFTY,DAY,40.5,9.0
1436425723,-36.87810077 174.62216728,URBAN,FIFTY,DAY,42.300000000000004,9.0
1436425724,-36.87819812 174.62216933,URBAN,FIFTY,DAY,42.300000000000004,9.0
1436425725,-36.87829367 174.62217432,URBAN,FIFTY,DAY,40.5,10.0
1436425726,-36.87840544 174.62218847,URBAN,FIFTY,DAY,39.6,9.0
1436425727,-36.878496 174.62218489,URBAN,FIFTY,DAY,37.800000000000004,9.0
1436425728,-36.87858121 174.62216351,URBAN,FIFTY,DAY,35.1,9.0
1436425729,-36.87865416 174.62212885,URBAN,FIFTY,DAY,31.5,9.0
1436425730,-36.87871406 174.6220678,URBAN,FIFTY,DAY,29.7,9.0
1436425731,-36.87874201 174.62200557,URBAN,FIFTY,DAY,24.3,9.0
1436425732,-36.87877088 174.62194735,URBAN,FIFTY,DAY,22.5,9.0
1436425733,-36.87879667 174.62188733,URBAN,FIFTY,DAY,21.6,9.0
1436425734,-36.87882432 174.62182305,URBAN,FIFTY,DAY,20.7,9.0
1436425735,-36.87885525 174.6217677,URBAN,FIFTY,DAY,20.7,9.0
1436425736,-36.87889076 174.62170458,URBAN,FIFTY,DAY,22.5,9.0
1436425737,-36.87892451 174.62165227,URBAN,FIFTY,DAY,25.2,9.0
1436425738,-36.87895939 174.62158829,URBAN,FIFTY,DAY,25.2,9.0
1436425739,-36.87899878 174.62152351,URBAN,FIFTY,DAY,25.2,10.0
1436425740,-36.87903007 174.62148471,URBAN,FIFTY,DAY,19.8,9.0
1436425741,-36.8790497 174.62146376,URBAN,FIFTY,DAY,13.5,9.0
1436425742,-36.87907267 174.62143849,URBAN,FIFTY,DAY,11.700000000000001,10.0
1436425743,-36.87909144 174.62143213,URBAN,FIFTY,DAY,8.1,10.0
1436425744,-36.87911305 174.62142811,URBAN,FIFTY,DAY,8.1,9.0
1436425745,-36.87914136 174.6214278,URBAN,FIFTY,DAY,9.0,9.0
1436425746,-36.87916382 174.62144977,URBAN,FIFTY,DAY,10.8,10.0
1436425747,-36.87917797 174.62147401,URBAN,FIFTY,DAY,12.6,9.0
1436425748,-36.87920757 174.6215049,URBAN,FIFTY,DAY,12.6,9.0
1436425749,-36.87922981 174.6215278,URBAN,FIFTY,DAY,9.9,9.0
1436425750,-36.87923722 174.62154444,URBAN,FIFTY,DAY,7.2,9.0
1436425751,-36.87924424 174.62156208,URBAN,FIFTY,DAY,7.2,9.0
1436425752,-36.87925672 174.62157987,URBAN,FIFTY,DAY,8.1,9.0
1436425753,-36.87926973 174.62159941,URBAN,FIFTY,DAY,8.1,9.0
1436425754,-36.87928372 174.62161772,URBAN,FIFTY,DAY,8.1,9.0
1436425755,-36.87929553 174.62163139,URBAN,FIFTY,DAY,7.2,9.0
1436425756,-36.87930727 174.62164435,URBAN,FIFTY,DAY,7.2,9.0
1436425757,-36.87932063 174.62165942,URBAN,FIFTY,DAY,7.2,9.0
1436425758,-36.87933311 174.62167246,URBAN,FIFTY,DAY,7.2,9.0
1436425759,-36.8793455 174.62168176,URBAN,FIFTY,DAY,7.2,9.0
1436425760,-36.87935845 174.62168917,URBAN,FIFTY,DAY,6.3,9.0
1436425761,-36.87937127 174.62169104,URBAN,FIFTY,DAY,6.3,9.0
1436425762,-36.8793744 174.62168733,URBAN,FIFTY,DAY,2.7,9.0
1436425763,-36.87937956 174.62168341,URBAN,FIFTY,DAY,2.7,9.0
1436425764,-36.87938467 174.62167691,URBAN,FIFTY,DAY,2.7,9.0
1436425765,-36.87939092 174.62166973,URBAN,FIFTY,DAY,3.6,10.0
1436425766,-36.87939743 174.62165991,URBAN,FIFTY,DAY,3.6,9.0
1436425767,-36.87940215 174.62164924,URBAN,FIFTY,DAY,3.6,9.0
1436425768,-36.87940301 174.62163776,URBAN,FIFTY,DAY,3.6,9.0
1436425769,-36.87939649 174.62163093,URBAN,FIFTY,DAY,0.0,9.0
1436425770,-36.87939509 174.6216229,URBAN,FIFTY,DAY,1.8,9.0
1436425771,-36.8793917 174.6216127,URBAN,FIFTY,DAY,2.7,9.0
1436425772,-36.87938768 174.62160397,URBAN,FIFTY,DAY,2.7,9.0
1436425773,-36.87938299 174.62159477,URBAN,FIFTY,DAY,2.7,9.0
1436425774,-36.87937619 174.6215852,URBAN,FIFTY,DAY,3.6,9.0
1436425775,-36.87936433 174.62156808,URBAN,FIFTY,DAY,6.3,9.0
1436425776,-36.87935043 174.62155077,URBAN,FIFTY,DAY,6.3,9.0
1436425777,-36.87933605 174.62153244,URBAN,FIFTY,DAY,7.2,9.0
1436425778,-36.87932006 174.62151296,URBAN,FIFTY,DAY,7.2,9.0
1436425779,-36.87930422 174.62149479,URBAN,FIFTY,DAY,7.2,9.0
1436425780,-36.87928967 174.62147971,URBAN,FIFTY,DAY,6.3,9.0
1436425781,-36.87927416 174.62146522,URBAN,FIFTY,DAY,6.3,9.0
1436425782,-36.87925866 174.62145364,URBAN,FIFTY,DAY,6.3,10.0
1436425783,-36.87924325 174.62144261,URBAN,FIFTY,DAY,6.3,10.0
1436425784,-36.87922506 174.62143275,URBAN,FIFTY,DAY,7.2,10.0
1436425785,-36.87920548 174.62142344,URBAN,FIFTY,DAY,7.2,9.0
1436425786,-36.87918317 174.62141516,URBAN,FIFTY,DAY,7.2,9.0
1436425787,-36.87916335 174.62140499,URBAN,FIFTY,DAY,7.2,9.0
1436425788,-36.87914754 174.62139164,URBAN,FIFTY,DAY,7.2,9.0
1436425789,-36.87913273 174.62137984,URBAN,FIFTY,DAY,6.3,9.0
1436425790,-36.87912814 174.62137541,URBAN,FIFTY,DAY,2.7,9.0
1436425791,-36.87912335 174.62136933,URBAN,FIFTY,DAY,2.7,9.0
1436425792,-36.87911935 174.62136355,URBAN,FIFTY,DAY,2.7,9.0
1436425793,-36.87911551 174.62135856,URBAN,FIFTY,DAY,2.7,9.0
1436425794,-36.87911132 174.62135442,URBAN,FIFTY,DAY,2.7,9.0
1436425795,-36.87910596 174.62134968,URBAN,FIFTY,DAY,2.7,9.0
1436425796,-36.8790983 174.6213475,URBAN,FIFTY,DAY,2.7,9.0
1436425797,-36.87908615 174.62134662,URBAN,FIFTY,DAY,3.6,9.0
1436425798,-36.87906291 174.62135162,URBAN,FIFTY,DAY,8.1,9.0
1436425799,-36.8790385 174.62136339,URBAN,FIFTY,DAY,9.0,4.0
1436425800,-36.8790107 174.6213933,URBAN,FIFTY,DAY,12.6,3.0
1436425801,-36.87898753 174.62142844,URBAN,FIFTY,DAY,13.5,3.0
1436425802,-36.87896519 174.62146789,URBAN,FIFTY,DAY,13.5,4.0
1436425803,-36.87894374 174.62150765,URBAN,FIFTY,DAY,13.5,4.0
1436425804,-36.87892245 174.62154598,URBAN,FIFTY,DAY,13.5,4.0
1436425805,-36.87890121 174.62158458,URBAN,FIFTY,DAY,13.5,4.0
1436425806,-36.87888251 174.62161605,URBAN,FIFTY,DAY,13.5,4.0
1436425807,-36.87886442 174.6216447,URBAN,FIFTY,DAY,12.6,4.0
1436425808,-36.87885912 174.62165638,URBAN,FIFTY,DAY,6.3,3.0
1436425809,-36.87885542 174.6216712,URBAN,FIFTY,DAY,6.3,3.0
1436425810,-36.87885773 174.62168755,URBAN,FIFTY,DAY,6.3,3.0
1436425811,-36.87886534 174.62170538,URBAN,FIFTY,DAY,6.3,3.0
1436425812,-36.87887512 174.62172078,URBAN,FIFTY,DAY,5.4,3.0
1436425813,-36.87888486 174.6217334,URBAN,FIFTY,DAY,5.4,3.0
1436425814,-36.87888838 174.62173401,URBAN,FIFTY,DAY,1.8,3.0
1436425815,-36.87889359 174.62173103,URBAN,FIFTY,DAY,0.0,3.0
1436425816,-36.87889613 174.6217313,URBAN,FIFTY,DAY,0.0,3.0
1436425817,-36.87889471 174.62172768,URBAN,FIFTY,DAY,0.9,3.0
1436425818,-36.87889228 174.62172413,URBAN,FIFTY,DAY,0.9,3.0
1436425819,-36.8788897 174.62171996,URBAN,FIFTY,DAY,0.9,3.0
1436425820,-36.87888724 174.62171546,URBAN,FIFTY,DAY,0.9,3.0
1436425821,-36.87888408 174.62171015,URBAN,FIFTY,DAY,0.0,3.0
1436425822,-36.87888166 174.62170657,URBAN,FIFTY,DAY,0.9,3.0
1436425823,-36.87888011 174.62170469,URBAN,FIFTY,DAY,0.0,3.0
1436425824,-36.87887911 174.62170191,URBAN,FIFTY,DAY,0.9,3.0
1436425825,-36.87888239 174.62170001,URBAN,FIFTY,DAY,0.9,4.0
1436425826,-36.87888984 174.62169707,URBAN,FIFTY,DAY,2.7,3.0
1436425827,-36.87889863 174.62169023,URBAN,FIFTY,DAY,2.7,4.0
1436425828,-36.87891163 174.62167705,URBAN,FIFTY,DAY,5.4,4.0
1436425829,-36.87892444 174.62166024,URBAN,FIFTY,DAY,5.4,3.0
1436425830,-36.87893504 174.62164713,URBAN,FIFTY,DAY,5.4,3.0
1436425831,-36.87894331 174.62163642,URBAN,FIFTY,DAY,4.5,3.0
1436425832,-36.87894672 174.62164041,URBAN,FIFTY,DAY,0.0,3.0
1436425833,-36.87894962 174.62164282,URBAN,FIFTY,DAY,0.0,3.0
1436425834,-36.87895133 174.62164446,URBAN,FIFTY,DAY,0.0,3.0
1436425835,-36.87895229 174.62164568,URBAN,FIFTY,DAY,0.0,3.0
1436425836,-36.87895285 174.62164722,URBAN,FIFTY,DAY,0.0,3.0
1436425837,-36.87895275 174.62164796,URBAN,FIFTY,DAY,0.0,3.0
1436425838,-36.87895205 174.62164775,URBAN,FIFTY,DAY,0.0,3.0
1436425839,-36.8789511 174.62164721,URBAN,FIFTY,DAY,0.0,3.0
1436425840,-36.87895026 174.62164721,URBAN,FIFTY,DAY,0.0,3.0
1436425841,-36.87894959 174.6216477,URBAN,FIFTY,DAY,0.0,3.0
1436425842,-36.87894894 174.62164757,URBAN,FIFTY,DAY,0.0,3.0
1436425843,-36.87894834 174.62164764,URBAN,FIFTY,DAY,0.0,3.0
1436425844,-36.87894825 174.62164781,URBAN,FIFTY,DAY,0.0,3.0
1436425845,-36.87894825 174.62164789,URBAN,FIFTY,DAY,0.0,3.0
1436425846,-36.87894816 174.62164792,URBAN,FIFTY,DAY,0.0,3.0
1436425847,-36.87894814 174.62164793,URBAN,FIFTY,DAY,0.0,3.0
1436425848,-36.87894928 174.62164608,URBAN,FIFTY,DAY,0.9,3.0
1436425849,-36.878947 174.6216455,URBAN,FIFTY,DAY,0.0,3.0
1436425850,-36.87894782 174.62164316,URBAN,FIFTY,DAY,0.0,3.0
1436425851,-36.87894701 174.62164604,URBAN,FIFTY,DAY,0.9,3.0
1436425852,-36.87894613 174.62164965,URBAN,FIFTY,DAY,0.9,3.0
1436425853,-36.87894524 174.62165446,URBAN,FIFTY,DAY,0.0,3.0
1436425854,-36.87894401 174.62165602,URBAN,FIFTY,DAY,0.0,3.0
1436425855,-36.87894357 174.6216569,URBAN,FIFTY,DAY,0.0,3.0
1436425856,-36.87894241 174.62165798,URBAN,FIFTY,DAY,0.0,3.0
1436425857,-36.87894237 174.62165878,URBAN,FIFTY,DAY,0.0,3.0
1436425858,-36.87894144 174.62165955,URBAN,FIFTY,DAY,0.0,3.0
1436425859,-36.8789422 174.62166013,URBAN,FIFTY,DAY,0.0,3.0
1436425860,-36.8789427 174.62165983,URBAN,FIFTY,DAY,0.0,3.0
1436425861,-36.87894256 174.62165786,URBAN,FIFTY,DAY,0.0,3.0
1436425862,-36.87894182 174.62165793,URBAN,FIFTY,DAY,0.0,3.0
1436425863,-36.87894141 174.62165817,URBAN,FIFTY,DAY,0.0,3.0
1436425864,-36.87894084 174.62165855,URBAN,FIFTY,DAY,0.0,3.0
1436425865,-36.87894048 174.62165892,URBAN,FIFTY,DAY,0.0,3.0
1436425866,-36.87894026 174.62165916,URBAN,FIFTY,DAY,0.0,3.0
1436425867,-36.87894015 174.62165929,URBAN,FIFTY,DAY,0.0,3.0
1436425868,-36.87894007 174.62165938,URBAN,FIFTY,DAY,0.0,3.0
1436425869,-36.87894003 174.62165943,URBAN,FIFTY,DAY,0.0,3.0
1436425870,-36.87893937 174.62165836,URBAN,FIFTY,DAY,0.0,3.0
1436425871,-36.878939 174.62165788,URBAN,FIFTY,DAY,0.0,3.0
1436425872,-36.87893882 174.62165763,URBAN,FIFTY,DAY,0.0,3.0
1436425873,-36.87893873 174.62165749,URBAN,FIFTY,DAY,0.0,3.0
1436425874,-36.87893869 174.62165743,URBAN,FIFTY,DAY,0.0,3.0
1436425875,-36.87893869 174.62165743,URBAN,FIFTY,DAY,0.0,3.0
1436425876,-36.87893868 174.62165735,URBAN,FIFTY,DAY,0.0,3.0
1436425877,-36.87893872 174.62165732,URBAN,FIFTY,DAY,0.0,3.0
1436425878,-36.87893876 174.62165731,URBAN,FIFTY,DAY,0.0,3.0
1436425880,-36.87893863 174.62165725,URBAN,FIFTY,DAY,0.0,3.0
1436425880,-36.87893868 174.6216574,URBAN,FIFTY,DAY,0.0,3.0
