1436405222,-36.88115299 174.8521554,URBAN,FIFTY,DAY,2.0124612,11.0
1436405223,-36.88116029 174.85225229,URBAN,FIFTY,DAY,0.0,11.0
1436405223,-36.88117191 174.8521964,URBAN,FIFTY,DAY,0.0,6.0
1436405224,-36.88120119 174.85219206,URBAN,FIFTY,DAY,0.0,6.0
1436405225,-36.88121631 174.85218883,URBAN,FIFTY,DAY,0.0,4.0
1436405226,-36.88123608 174.85217264,URBAN,FIFTY,DAY,0.0,5.0
1436405227,-36.88123759 174.85219247,URBAN,FIFTY,DAY,0.0,5.0
1436405228,-36.88124183 174.85219944,URBAN,FIFTY,DAY,0.0,5.0
1436405229,-36.88123123 174.85219266,URBAN,FIFTY,DAY,0.0,4.0
1436405230,-36.88122848 174.85219197,URBAN,FIFTY,DAY,0.0,5.0
1436405231,-36.88122405 174.85218811,URBAN,FIFTY,DAY,0.0,4.0
1436405232,-36.88122501 174.85219343,URBAN,FIFTY,DAY,0.0,4.0
1436405233,-36.88122279 174.85218918,URBAN,FIFTY,DAY,0.0,4.0
1436405234,-36.88121967 174.85218981,URBAN,FIFTY,DAY,0.0,4.0
1436405235,-36.88121941 174.85219029,URBAN,FIFTY,DAY,0.0,4.0
1436405236,-36.88121886 174.85219025,URBAN,FIFTY,DAY,0.0,3.0
1436405237,-36.88121953 174.85218998,URBAN,FIFTY,DAY,0.0,3.0
1436405238,-36.88121956 174.85219001,URBAN,FIFTY,DAY,0.0,3.0
1436405239,-36.88121956 174.85219006,URBAN,FIFTY,DAY,0.0,3.0
1436405240,-36.88121956 174.85219011,URBAN,FIFTY,DAY,0.0,3.0
1436405241,-36.88121957 174.85219015,URBAN,FIFTY,DAY,0.0,3.0
1436405242,-36.88121961 174.85219022,URBAN,FIFTY,DAY,0.0,3.0
1436405243,-36.88121963 174.85219023,URBAN,FIFTY,DAY,0.0,3.0
1436405244,-36.88121992 174.85219036,URBAN,FIFTY,DAY,0.0,3.0
1436405245,-36.88121991 174.85219047,URBAN,FIFTY,DAY,0.0,3.0
1436405246,-36.88121999 174.85219054,URBAN,FIFTY,DAY,0.0,3.0
1436405247,-36.88122 174.85219066,URBAN,FIFTY,DAY,0.0,3.0
1436405248,-36.88122007 174.8521907,URBAN,FIFTY,DAY,0.0,3.0
1436405249,-36.88122015 174.85219076,URBAN,FIFTY,DAY,0.0,3.0
1436405250,-36.88122009 174.85219079,URBAN,FIFTY,DAY,0.0,3.0
1436405251,-36.88122009 174.85219081,URBAN,FIFTY,DAY,0.0,3.0
1436405252,-36.88122014 174.85219097,URBAN,FIFTY,DAY,0.0,3.0
1436405253,-36.88122023 174.85219121,URBAN,FIFTY,DAY,0.0,3.0
1436405254,-36.88122015 174.8521913,URBAN,FIFTY,DAY,0.0,3.0
1436405255,-36.88122009 174.85219146,URBAN,FIFTY,DAY,0.0,3.0
1436405256,-36.88122011 174.85219155,URBAN,FIFTY,DAY,0.0,3.0
1436405257,-36.88122011 174.85219155,URBAN,FIFTY,DAY,0.0,3.0
1436405258,-36.88122009 174.85219171,URBAN,FIFTY,DAY,0.0,3.0
1436405259,-36.88122016 174.85219185,URBAN,FIFTY,DAY,0.0,3.0
1436405260,-36.88122018 174.85219192,URBAN,FIFTY,DAY,0.0,3.0
1436405261,-36.88122022 174.85219191,URBAN,FIFTY,DAY,0.0,3.0
1436405262,-36.88122013 174.85219193,URBAN,FIFTY,DAY,0.0,3.0
1436405263,-36.88122015 174.85219184,URBAN,FIFTY,DAY,0.0,3.0
1436405264,-36.88122016 174.85219197,URBAN,FIFTY,DAY,0.0,3.0
1436405265,-36.88122006 174.852192,URBAN,FIFTY,DAY,0.0,3.0
1436405266,-36.88122018 174.85219197,URBAN,FIFTY,DAY,0.0,3.0
1436405267,-36.88122018 174.85219197,URBAN,FIFTY,DAY,0.0,4.0
1436405268,-36.8812203 174.85219208,URBAN,FIFTY,DAY,0.0,3.0
1436405269,-36.88122026 174.85219211,URBAN,FIFTY,DAY,0.0,3.0
1436405270,-36.88122026 174.85219211,URBAN,FIFTY,DAY,0.0,4.0
1436405271,-36.88122046 174.85219227,URBAN,FIFTY,DAY,0.0,3.0
1436405272,-36.88122056 174.85219217,URBAN,FIFTY,DAY,0.0,3.0
1436405273,-36.88122049 174.85219221,URBAN,FIFTY,DAY,0.0,3.0
1436405274,-36.8812204 174.85219223,URBAN,FIFTY,DAY,0.0,3.0
1436405275,-36.88122045 174.85219236,URBAN,FIFTY,DAY,0.0,3.0
1436405276,-36.88122056 174.85219248,URBAN,FIFTY,DAY,0.0,3.0
1436405277,-36.88122063 174.85219254,URBAN,FIFTY,DAY,0.0,3.0
1436405278,-36.88122063 174.85219254,URBAN,FIFTY,DAY,0.0,3.0
1436405279,-36.88122066 174.85219273,URBAN,FIFTY,DAY,0.0,4.0
1436405280,-36.88122054 174.85219276,URBAN,FIFTY,DAY,0.0,3.0
1436405281,-36.88122031 174.85219292,URBAN,FIFTY,DAY,0.0,3.0
1436405282,-36.88122045 174.85219293,URBAN,FIFTY,DAY,0.0,3.0
1436405283,-36.88122042 174.85219278,URBAN,FIFTY,DAY,0.0,3.0
1436405284,-36.88122038 174.85219284,URBAN,FIFTY,DAY,0.0,9.0
1436405285,-36.88122028 174.85219297,URBAN,FIFTY,DAY,0.0,3.0
1436405286,-36.88122036 174.85219299,URBAN,FIFTY,DAY,0.0,3.0
1436405287,-36.88122027 174.85219291,URBAN,FIFTY,DAY,0.0,3.0
1436405288,-36.88122009 174.85219285,URBAN,FIFTY,DAY,0.0,3.0
1436405289,-36.88122011 174.85219281,URBAN,FIFTY,DAY,0.0,3.0
1436405290,-36.88122012 174.85219279,URBAN,FIFTY,DAY,0.0,3.0
1436405291,-36.88122012 174.85219279,URBAN,FIFTY,DAY,0.0,4.0
1436405292,-36.88122006 174.85219271,URBAN,FIFTY,DAY,0.0,3.0
1436405293,-36.88121994 174.85219289,URBAN,FIFTY,DAY,0.0,3.0
1436405294,-36.88122008 174.85219293,URBAN,FIFTY,DAY,0.0,3.0
1436405295,-36.88122014 174.85219289,URBAN,FIFTY,DAY,0.0,3.0
1436405296,-36.88122013 174.85219267,URBAN,FIFTY,DAY,0.0,3.0
1436405297,-36.88121993 174.85219268,URBAN,FIFTY,DAY,0.0,3.0
1436405298,-36.88121992 174.85219268,URBAN,FIFTY,DAY,0.0,3.0
1436405299,-36.88121999 174.85219278,URBAN,FIFTY,DAY,0.0,3.0
1436405300,-36.8812199 174.85219276,URBAN,FIFTY,DAY,0.0,3.0
1436405301,-36.88121983 174.85219298,URBAN,FIFTY,DAY,0.0,3.0
1436405302,-36.88121989 174.85219292,URBAN,FIFTY,DAY,0.0,3.0
1436405303,-36.88121992 174.8521928,URBAN,FIFTY,DAY,0.0,3.0
1436405304,-36.88121993 174.85219287,URBAN,FIFTY,DAY,0.0,3.0
1436405305,-36.88121979 174.85219294,URBAN,FIFTY,DAY,0.0,3.0
1436405306,-36.88121981 174.85219301,URBAN,FIFTY,DAY,0.0,3.0
1436405307,-36.88121984 174.85219315,URBAN,FIFTY,DAY,0.0,3.0
1436405308,-36.88121983 174.85219318,URBAN,FIFTY,DAY,0.0,3.0
1436405309,-36.8812198 174.85219327,URBAN,FIFTY,DAY,0.0,3.0
1436405310,-36.88121982 174.85219323,URBAN,FIFTY,DAY,0.0,3.0
1436405311,-36.88121984 174.85219316,URBAN,FIFTY,DAY,0.0,3.0
1436405312,-36.88121969 174.85219314,URBAN,FIFTY,DAY,0.0,3.0
1436405313,-36.88121962 174.85219311,URBAN,FIFTY,DAY,0.0,3.0
1436405314,-36.88121958 174.85219305,URBAN,FIFTY,DAY,0.0,3.0
1436405315,-36.88121959 174.85219296,URBAN,FIFTY,DAY,0.0,3.0
1436405316,-36.88121968 174.85219322,URBAN,FIFTY,DAY,0.0,3.0
1436405317,-36.88121963 174.85219323,URBAN,FIFTY,DAY,0.0,3.0
1436405318,-36.88121967 174.8521932,URBAN,FIFTY,DAY,0.0,3.0
1436405319,-36.8812198 174.85219327,URBAN,FIFTY,DAY,0.0,3.0
1436405320,-36.88121984 174.85219318,URBAN,FIFTY,DAY,0.0,3.0
1436405321,-36.88121984 174.85219318,URBAN,FIFTY,DAY,0.0,3.0
1436405322,-36.88121981 174.85219314,URBAN,FIFTY,DAY,0.0,3.0
1436405323,-36.8812198 174.85219327,URBAN,FIFTY,DAY,0.0,3.0
1436405324,-36.88121979 174.85219321,URBAN,FIFTY,DAY,0.0,3.0
1436405325,-36.88121978 174.85219318,URBAN,FIFTY,DAY,0.0,3.0
1436405326,-36.88121963 174.85219291,URBAN,FIFTY,DAY,0.0,3.0
1436405327,-36.88121952 174.85219266,URBAN,FIFTY,DAY,0.0,3.0
1436405328,-36.88121949 174.85219264,URBAN,FIFTY,DAY,0.0,3.0
1436405329,-36.88121959 174.85219268,URBAN,FIFTY,DAY,0.0,3.0
1436405330,-36.88121963 174.85219266,URBAN,FIFTY,DAY,0.0,3.0
1436405331,-36.88121975 174.85219275,URBAN,FIFTY,DAY,0.0,3.0
1436405332,-36.88121974 174.85219273,URBAN,FIFTY,DAY,0.0,3.0
1436405333,-36.88121962 174.8521929,URBAN,FIFTY,DAY,0.0,3.0
1436405334,-36.88121977 174.85219291,URBAN,FIFTY,DAY,0.0,3.0
1436405335,-36.88121978 174.85219288,URBAN,FIFTY,DAY,0.0,3.0
1436405336,-36.88121974 174.85219298,URBAN,FIFTY,DAY,0.0,3.0
1436405337,-36.88121958 174.85219305,URBAN,FIFTY,DAY,0.0,3.0
1436405338,-36.88121964 174.85219294,URBAN,FIFTY,DAY,0.0,3.0
1436405339,-36.88121959 174.85219288,URBAN,FIFTY,DAY,0.0,3.0
1436405340,-36.88121953 174.85219295,URBAN,FIFTY,DAY,0.0,3.0
1436405341,-36.8812196 174.8521929,URBAN,FIFTY,DAY,0.0,3.0
1436405342,-36.88121958 174.85219283,URBAN,FIFTY,DAY,0.0,3.0
1436405343,-36.88121975 174.85219278,URBAN,FIFTY,DAY,0.0,3.0
1436405344,-36.88121977 174.85219276,URBAN,FIFTY,DAY,0.0,3.0
1436405345,-36.88121994 174.85219275,URBAN,FIFTY,DAY,0.0,3.0
1436405346,-36.88122 174.85219261,URBAN,FIFTY,DAY,0.0,3.0
1436405347,-36.88121982 174.85219258,URBAN,FIFTY,DAY,0.0,3.0
1436405348,-36.8812198 174.85219266,URBAN,FIFTY,DAY,0.0,3.0
1436405349,-36.88121984 174.85219269,URBAN,FIFTY,DAY,0.0,3.0
1436405350,-36.88121979 174.85219271,URBAN,FIFTY,DAY,0.0,3.0
1436405351,-36.88121972 174.85219276,URBAN,FIFTY,DAY,0.0,3.0
1436405352,-36.88121975 174.85219286,URBAN,FIFTY,DAY,0.0,3.0
1436405353,-36.88121958 174.85219298,URBAN,FIFTY,DAY,0.0,3.0
1436405354,-36.88121959 174.85219312,URBAN,FIFTY,DAY,0.0,3.0
1436405355,-36.8812195 174.85219313,URBAN,FIFTY,DAY,0.0,3.0
1436405356,-36.88121952 174.85219316,URBAN,FIFTY,DAY,0.0,3.0
1436405357,-36.88121959 174.85219335,URBAN,FIFTY,DAY,0.0,3.0
1436405358,-36.88121968 174.8521934,URBAN,FIFTY,DAY,0.0,4.0
1436405359,-36.88121991 174.85219347,URBAN,FIFTY,DAY,0.0,4.0
1436405360,-36.88121971 174.85219374,URBAN,FIFTY,DAY,0.0,4.0
1436405361,-36.88121971 174.85219377,URBAN,FIFTY,DAY,0.0,4.0
1436405362,-36.88121964 174.85219396,URBAN,FIFTY,DAY,0.0,3.0
1436405363,-36.88121969 174.85219403,URBAN,FIFTY,DAY,0.0,3.0
1436405364,-36.88121957 174.85219419,URBAN,FIFTY,DAY,0.0,3.0
1436405365,-36.88121953 174.85219426,URBAN,FIFTY,DAY,0.0,3.0
1436405366,-36.88121951 174.85219439,URBAN,FIFTY,DAY,0.0,3.0
1436405367,-36.8812195 174.85219443,URBAN,FIFTY,DAY,0.0,3.0
1436405368,-36.88121928 174.8521945,URBAN,FIFTY,DAY,0.0,3.0
1436405369,-36.88121934 174.85219457,URBAN,FIFTY,DAY,0.0,3.0
1436405370,-36.88121934 174.85219474,URBAN,FIFTY,DAY,0.0,3.0
1436405371,-36.88121931 174.85219471,URBAN,FIFTY,DAY,0.0,3.0
1436405372,-36.88121926 174.85219489,URBAN,FIFTY,DAY,0.0,3.0
1436405373,-36.88121924 174.85219501,URBAN,FIFTY,DAY,0.0,3.0
1436405374,-36.88121918 174.85219512,URBAN,FIFTY,DAY,0.0,3.0
1436405375,-36.8812192 174.85219507,URBAN,FIFTY,DAY,0.0,3.0
1436405376,-36.88121932 174.8521951,URBAN,FIFTY,DAY,0.0,3.0
1436405377,-36.88121927 174.85219514,URBAN,FIFTY,DAY,0.0,3.0
1436405378,-36.88121929 174.85219518,URBAN,FIFTY,DAY,0.0,3.0
1436405379,-36.88121943 174.8521952,URBAN,FIFTY,DAY,0.0,3.0
1436405380,-36.88121946 174.85219517,URBAN,FIFTY,DAY,0.0,3.0
1436405381,-36.88121949 174.85219519,URBAN,FIFTY,DAY,0.0,3.0
1436405382,-36.88121938 174.8521953,URBAN,FIFTY,DAY,0.0,3.0
1436405383,-36.88121943 174.85219542,URBAN,FIFTY,DAY,0.0,3.0
1436405384,-36.88121944 174.85219554,URBAN,FIFTY,DAY,0.0,3.0
1436405385,-36.88121957 174.8521956,URBAN,FIFTY,DAY,0.0,3.0
1436405386,-36.88121958 174.85219567,URBAN,FIFTY,DAY,0.0,3.0
1436405387,-36.88121967 174.85219573,URBAN,FIFTY,DAY,0.0,3.0
1436405388,-36.88121976 174.85219579,URBAN,FIFTY,DAY,0.0,3.0
1436405389,-36.88121994 174.85219456,URBAN,FIFTY,DAY,0.9,3.0
1436405390,-36.88121961 174.85218925,URBAN,FIFTY,DAY,0.0,3.0
1436405391,-36.88121878 174.85219073,URBAN,FIFTY,DAY,0.0,3.0
1436405392,-36.88122013 174.85218944,URBAN,FIFTY,DAY,0.9,3.0
1436405393,-36.88122199 174.85219351,URBAN,FIFTY,DAY,1.8,3.0
1436405394,-36.88122729 174.85218853,URBAN,FIFTY,DAY,2.7,3.0
1436405395,-36.88123397 174.85218087,URBAN,FIFTY,DAY,2.7,3.0
1436405396,-36.88124275 174.85217562,URBAN,FIFTY,DAY,2.7,3.0
1436405397,-36.88124866 174.85216715,URBAN,FIFTY,DAY,2.7,3.0
1436405398,-36.88124956 174.85216841,URBAN,FIFTY,DAY,2.7,3.0
1436405399,-36.88125276 174.85216596,URBAN,FIFTY,DAY,0.9,3.0
1436405400,-36.88125691 174.85215951,URBAN,FIFTY,DAY,1.8,3.0
1436405401,-36.88126067 174.85215461,URBAN,FIFTY,DAY,1.8,3.0
1436405402,-36.88126194 174.85215091,URBAN,FIFTY,DAY,1.8,3.0
1436405403,-36.88126301 174.85214887,URBAN,FIFTY,DAY,1.8,4.0
1436405404,-36.88126315 174.85215813,URBAN,FIFTY,DAY,1.8,4.0
1436405405,-36.88126526 174.85216967,URBAN,FIFTY,DAY,2.7,4.0
1436405406,-36.88126943 174.85218401,URBAN,FIFTY,DAY,2.7,4.0
1436405407,-36.88128007 174.85220726,URBAN,FIFTY,DAY,6.3,4.0
1436405408,-36.88129354 174.85222821,URBAN,FIFTY,DAY,6.3,3.0
1436405409,-36.88131132 174.85224678,URBAN,FIFTY,DAY,7.2,3.0
1436405410,-36.88133392 174.85226151,URBAN,FIFTY,DAY,8.1,3.0
1436405411,-36.881369 174.8522699,URBAN,FIFTY,DAY,11.700000000000001,3.0
1436405412,-36.88140527 174.85226759,URBAN,FIFTY,DAY,11.700000000000001,4.0
1436405413,-36.88143858 174.85225651,URBAN,FIFTY,DAY,11.700000000000001,4.0
1436405414,-36.88146761 174.85224168,URBAN,FIFTY,DAY,11.700000000000001,4.0
1436405415,-36.88149204 174.85222576,URBAN,FIFTY,DAY,10.8,4.0
1436405416,-36.88151665 174.85220908,URBAN,FIFTY,DAY,10.8,5.0
1436405417,-36.88154177 174.85219096,URBAN,FIFTY,DAY,10.8,4.0
1436405418,-36.8815664 174.85217354,URBAN,FIFTY,DAY,10.8,4.0
1436405419,-36.88158937 174.85215729,URBAN,FIFTY,DAY,10.8,4.0
1436405420,-36.88161174 174.85214283,URBAN,FIFTY,DAY,10.8,3.0
1436405421,-36.88163116 174.85213058,URBAN,FIFTY,DAY,9.9,4.0
1436405422,-36.88163874 174.85212601,URBAN,FIFTY,DAY,5.4,3.0
1436405423,-36.88164955 174.85211968,URBAN,FIFTY,DAY,5.4,3.0
1436405424,-36.88166189 174.85211152,URBAN,FIFTY,DAY,6.3,4.0
1436405425,-36.88167728 174.85210247,URBAN,FIFTY,DAY,6.3,4.0
1436405426,-36.88169437 174.85209305,URBAN,FIFTY,DAY,6.3,4.0
1436405427,-36.8817111 174.85208528,URBAN,FIFTY,DAY,7.2,5.0
1436405428,-36.88172575 174.85207704,URBAN,FIFTY,DAY,6.3,4.0
1436405429,-36.88173748 174.8520711,URBAN,FIFTY,DAY,6.3,4.0
1436405430,-36.88174792 174.85206315,URBAN,FIFTY,DAY,5.4,4.0
1436405431,-36.88175652 174.85205644,URBAN,FIFTY,DAY,3.6,4.0
1436405432,-36.88176661 174.85204851,URBAN,FIFTY,DAY,3.6,4.0
1436405433,-36.88177367 174.85203476,URBAN,FIFTY,DAY,4.5,4.0
1436405434,-36.88177731 174.85201566,URBAN,FIFTY,DAY,5.4,4.0
1436405435,-36.88177702 174.85198893,URBAN,FIFTY,DAY,7.2,4.0
1436405436,-36.88177092 174.85193166,URBAN,FIFTY,DAY,15.3,4.0
1436405437,-36.88175368 174.85187278,URBAN,FIFTY,DAY,18.0,4.0
1436405438,-36.88170684 174.85181159,URBAN,FIFTY,DAY,18.900000000000002,4.0
1436405439,-36.88167764 174.85176702,URBAN,FIFTY,DAY,18.0,5.0
1436405440,-36.88164555 174.85173047,URBAN,FIFTY,DAY,17.1,6.0
1436405441,-36.88164328 174.85171181,URBAN,FIFTY,DAY,12.6,7.0
1436405442,-36.88166365 174.8516863,URBAN,FIFTY,DAY,9.9,9.0
1436405443,-36.88165512 174.85164021,URBAN,FIFTY,DAY,9.9,7.0
1436405444,-36.881647 174.85161865,URBAN,FIFTY,DAY,10.8,6.0
1436405445,-36.88165041 174.85159539,URBAN,FIFTY,DAY,10.8,6.0
1436405446,-36.88163138 174.85156142,URBAN,FIFTY,DAY,10.8,6.0
1436405447,-36.88161461 174.8515203,URBAN,FIFTY,DAY,13.5,5.0
1436405448,-36.88159969 174.85147265,URBAN,FIFTY,DAY,15.3,5.0
1436405449,-36.88158523 174.85141806,URBAN,FIFTY,DAY,17.1,4.0
1436405450,-36.88157098 174.85137017,URBAN,FIFTY,DAY,16.2,4.0
1436405451,-36.88155902 174.85132332,URBAN,FIFTY,DAY,15.3,4.0
1436405452,-36.8815461 174.85127904,URBAN,FIFTY,DAY,14.4,4.0
1436405453,-36.88153645 174.85124383,URBAN,FIFTY,DAY,12.6,4.0
1436405454,-36.88152755 174.85121407,URBAN,FIFTY,DAY,10.8,4.0
1436405455,-36.881521 174.85119189,URBAN,FIFTY,DAY,8.1,4.0
1436405456,-36.8815177 174.85118082,URBAN,FIFTY,DAY,4.5,4.0
1436405457,-36.88151733 174.85118897,URBAN,FIFTY,DAY,0.0,4.0
1436405458,-36.88151372 174.85119404,URBAN,FIFTY,DAY,0.0,4.0
1436405459,-36.88151213 174.8511945,URBAN,FIFTY,DAY,0.0,3.0
1436405460,-36.88150678 174.85118662,URBAN,FIFTY,DAY,2.7,3.0
1436405461,-36.88149725 174.85117059,URBAN,FIFTY,DAY,4.5,9.0
1436405462,-36.88147103 174.85113278,URBAN,FIFTY,DAY,13.5,9.0
1436405463,-36.88143433 174.85110535,URBAN,FIFTY,DAY,15.3,10.0
1436405464,-36.88135242 174.85109181,URBAN,FIFTY,DAY,27.900000000000002,9.0
1436405465,-36.88121526 174.85114864,URBAN,FIFTY,DAY,31.5,10.0
1436405466,-36.88110956 174.85117211,URBAN,FIFTY,DAY,37.800000000000004,9.0
1436405467,-36.8810079 174.85119584,URBAN,FIFTY,DAY,40.5,9.0
1436405468,-36.88090193 174.85120735,URBAN,FIFTY,DAY,40.5,10.0
1436405469,-36.88080567 174.85123479,URBAN,FIFTY,DAY,38.7,9.0
1436405470,-36.88073529 174.85124911,URBAN,FIFTY,DAY,33.300000000000004,9.0
1436405471,-36.88066214 174.85126921,URBAN,FIFTY,DAY,29.7,10.0
1436405472,-36.88061641 174.85127774,URBAN,FIFTY,DAY,20.7,9.0
1436405473,-36.88057983 174.85127477,URBAN,FIFTY,DAY,11.700000000000001,9.0
1436405474,-36.88056844 174.85126921,URBAN,FIFTY,DAY,5.4,9.0
1436405475,-36.88056784 174.85126195,URBAN,FIFTY,DAY,1.8,9.0
1436405476,-36.88056451 174.85127049,URBAN,FIFTY,DAY,0.0,9.0
1436405477,-36.88056322 174.85126727,URBAN,FIFTY,DAY,0.0,9.0
1436405478,-36.88055546 174.85127231,URBAN,FIFTY,DAY,0.0,9.0
1436405479,-36.88055456 174.85127352,URBAN,FIFTY,DAY,0.0,9.0
1436405480,-36.88055702 174.85127207,URBAN,FIFTY,DAY,0.0,9.0
1436405481,-36.88055459 174.85127277,URBAN,FIFTY,DAY,0.0,9.0
1436405482,-36.88055621 174.85127041,URBAN,FIFTY,DAY,0.0,9.0
1436405483,-36.88055701 174.85127109,URBAN,FIFTY,DAY,0.0,9.0
1436405484,-36.88054516 174.85126741,URBAN,FIFTY,DAY,8.1,9.0
1436405485,-36.88051763 174.85124283,URBAN,FIFTY,DAY,8.1,10.0
1436405486,-36.88047446 174.8512138,URBAN,FIFTY,DAY,12.6,10.0
1436405487,-36.88043758 174.85111416,URBAN,FIFTY,DAY,24.3,9.0
1436405488,-36.88040851 174.85102972,URBAN,FIFTY,DAY,30.6,10.0
1436405489,-36.8803915 174.85091883,URBAN,FIFTY,DAY,33.300000000000004,10.0
1436405490,-36.8803689 174.85081225,URBAN,FIFTY,DAY,35.1,10.0
1436405491,-36.88034177 174.85070341,URBAN,FIFTY,DAY,36.9,10.0
1436405492,-36.88032446 174.85058205,URBAN,FIFTY,DAY,38.7,10.0
1436405493,-36.88030582 174.8504617,URBAN,FIFTY,DAY,38.7,10.0
1436405494,-36.88027921 174.85034369,URBAN,FIFTY,DAY,39.6,10.0
1436405495,-36.8802587 174.85021431,URBAN,FIFTY,DAY,40.5,10.0
1436405496,-36.88023271 174.85009206,URBAN,FIFTY,DAY,40.5,10.0
1436405497,-36.88020418 174.84997618,URBAN,FIFTY,DAY,39.6,9.0
1436405498,-36.88018656 174.84986366,URBAN,FIFTY,DAY,38.7,9.0
1436405499,-36.88016511 174.84973863,URBAN,FIFTY,DAY,38.7,10.0
1436405500,-36.88014391 174.84961856,URBAN,FIFTY,DAY,38.7,10.0
1436405501,-36.88011952 174.8495096,URBAN,FIFTY,DAY,37.800000000000004,10.0
1436405502,-36.88009957 174.84937134,URBAN,FIFTY,DAY,40.5,11.0
1436405503,-36.88008547 174.84927861,URBAN,FIFTY,DAY,38.7,11.0
1436405504,-36.88006914 174.84915332,URBAN,FIFTY,DAY,38.7,10.0
1436405505,-36.88004545 174.84904847,URBAN,FIFTY,DAY,36.9,10.0
1436405506,-36.88002645 174.84893536,URBAN,FIFTY,DAY,34.2,10.0
1436405507,-36.88000802 174.84884157,URBAN,FIFTY,DAY,32.4,10.0
1436405508,-36.88000356 174.84874489,URBAN,FIFTY,DAY,28.8,10.0
1436405509,-36.88000077 174.84867139,URBAN,FIFTY,DAY,25.2,10.0
1436405510,-36.87996733 174.84859632,URBAN,FIFTY,DAY,22.5,10.0
1436405511,-36.8799066 174.84857045,URBAN,FIFTY,DAY,21.6,10.0
1436405512,-36.87983602 174.84854167,URBAN,FIFTY,DAY,24.3,9.0
1436405513,-36.87974912 174.84851353,URBAN,FIFTY,DAY,27.900000000000002,9.0
1436405514,-36.8796543 174.8484976,URBAN,FIFTY,DAY,31.5,10.0
1436405515,-36.87957004 174.84848093,URBAN,FIFTY,DAY,34.2,9.0
1436405516,-36.87948255 174.84845419,URBAN,FIFTY,DAY,36.9,9.0
1436405517,-36.87939107 174.84843622,URBAN,FIFTY,DAY,37.800000000000004,10.0
1436405518,-36.87930777 174.84839682,URBAN,FIFTY,DAY,37.800000000000004,10.0
1436405519,-36.87922523 174.84836037,URBAN,FIFTY,DAY,36.0,10.0
1436405520,-36.87914562 174.84833269,URBAN,FIFTY,DAY,30.6,10.0
1436405521,-36.8790864 174.84828924,URBAN,FIFTY,DAY,27.900000000000002,9.0
1436405522,-36.87902766 174.84823934,URBAN,FIFTY,DAY,27.0,9.0
1436405523,-36.87900596 174.84815785,URBAN,FIFTY,DAY,30.6,9.0
1436405524,-36.87897437 174.84805062,URBAN,FIFTY,DAY,35.1,9.0
1436405525,-36.87894738 174.84794305,URBAN,FIFTY,DAY,38.7,9.0
1436405526,-36.87891633 174.84781773,URBAN,FIFTY,DAY,40.5,9.0
1436405527,-36.87888547 174.84769685,URBAN,FIFTY,DAY,43.2,9.0
1436405528,-36.87884658 174.84757282,URBAN,FIFTY,DAY,44.1,9.0
1436405529,-36.87881271 174.847437,URBAN,FIFTY,DAY,45.0,10.0
1436405530,-36.87878343 174.84731202,URBAN,FIFTY,DAY,45.0,10.0
1436405531,-36.87876307 174.84717929,URBAN,FIFTY,DAY,44.1,10.0
1436405532,-36.87872676 174.84704297,URBAN,FIFTY,DAY,44.1,10.0
1436405533,-36.87869545 174.84690735,URBAN,FIFTY,DAY,45.0,9.0
1436405534,-36.87864454 174.84677051,URBAN,FIFTY,DAY,46.800000000000004,9.0
1436405535,-36.87859874 174.84663326,URBAN,FIFTY,DAY,47.7,9.0
1436405536,-36.87857113 174.84648398,URBAN,FIFTY,DAY,49.5,9.0
1436405537,-36.87853594 174.84633709,URBAN,FIFTY,DAY,49.5,9.0
1436405538,-36.87849373 174.84618943,URBAN,FIFTY,DAY,50.4,9.0
1436405539,-36.87844464 174.84604695,URBAN,FIFTY,DAY,51.300000000000004,9.0
1436405540,-36.87837459 174.84589928,URBAN,FIFTY,DAY,52.2,9.0
1436405541,-36.87830679 174.8457551,URBAN,FIFTY,DAY,53.1,9.0
1436405542,-36.87824853 174.84560836,URBAN,FIFTY,DAY,53.1,10.0
1436405543,-36.878186 174.84546589,URBAN,FIFTY,DAY,54.0,10.0
1436405544,-36.8781101 174.845326,URBAN,FIFTY,DAY,54.0,11.0
1436405545,-36.8780304 174.84516724,URBAN,FIFTY,DAY,54.9,10.0
1436405546,-36.87796925 174.84501663,URBAN,FIFTY,DAY,55.800000000000004,9.0
1436405547,-36.87790554 174.8448719,URBAN,FIFTY,DAY,55.800000000000004,10.0
1436405548,-36.87782822 174.84470729,URBAN,FIFTY,DAY,56.7,11.0
1436405549,-36.87775907 174.84456887,URBAN,FIFTY,DAY,54.9,11.0
1436405550,-36.87770222 174.84441837,URBAN,FIFTY,DAY,52.2,11.0
1436405551,-36.87765607 174.84429926,URBAN,FIFTY,DAY,47.7,11.0
1436405552,-36.8775967 174.84417331,URBAN,FIFTY,DAY,45.9,11.0
1436405553,-36.87750725 174.84405831,URBAN,FIFTY,DAY,46.800000000000004,10.0
1436405554,-36.87743758 174.84393704,URBAN,FIFTY,DAY,47.7,10.0
1436405555,-36.87737959 174.8438118,URBAN,FIFTY,DAY,46.800000000000004,10.0
1436405556,-36.87733139 174.84367781,URBAN,FIFTY,DAY,45.0,10.0
1436405557,-36.87727744 174.84354744,URBAN,FIFTY,DAY,45.9,9.0
1436405558,-36.87722396 174.84342211,URBAN,FIFTY,DAY,45.9,10.0
1436405559,-36.87716315 174.84330247,URBAN,FIFTY,DAY,45.9,4.0
1436405560,-36.87710479 174.84316913,URBAN,FIFTY,DAY,46.800000000000004,4.0
1436405561,-36.87704414 174.84303969,URBAN,FIFTY,DAY,46.800000000000004,4.0
1436405562,-36.87697803 174.8429365,URBAN,FIFTY,DAY,43.2,4.0
1436405563,-36.87693194 174.84284255,URBAN,FIFTY,DAY,38.7,4.0
1436405564,-36.87688798 174.842754,URBAN,FIFTY,DAY,33.300000000000004,5.0
1436405565,-36.87685371 174.84268708,URBAN,FIFTY,DAY,27.0,4.0
1436405566,-36.87683503 174.84263599,URBAN,FIFTY,DAY,18.900000000000002,5.0
1436405567,-36.87682857 174.84259672,URBAN,FIFTY,DAY,11.700000000000001,4.0
1436405568,-36.876817 174.84259361,URBAN,FIFTY,DAY,6.3,4.0
1436405569,-36.87680705 174.84258793,URBAN,FIFTY,DAY,1.8,4.0
1436405570,-36.8768012 174.84258948,URBAN,FIFTY,DAY,0.9,3.0
1436405571,-36.87680073 174.84258283,URBAN,FIFTY,DAY,0.0,3.0
1436405572,-36.87680454 174.84258468,URBAN,FIFTY,DAY,0.0,3.0
1436405573,-36.87680942 174.84258002,URBAN,FIFTY,DAY,0.0,3.0
1436405574,-36.8768123 174.84258022,URBAN,FIFTY,DAY,0.0,3.0
1436405575,-36.8768113 174.84258062,URBAN,FIFTY,DAY,0.0,3.0
1436405576,-36.87680829 174.84257968,URBAN,FIFTY,DAY,0.0,3.0
1436405577,-36.87680727 174.84257948,URBAN,FIFTY,DAY,0.0,3.0
1436405578,-36.87680727 174.84257948,URBAN,FIFTY,DAY,0.0,4.0
1436405579,-36.87680716 174.84258103,URBAN,FIFTY,DAY,0.0,3.0
1436405580,-36.87680668 174.84258102,URBAN,FIFTY,DAY,0.0,3.0
1436405581,-36.87680668 174.84258102,URBAN,FIFTY,DAY,0.0,4.0
1436405582,-36.87680787 174.84258007,URBAN,FIFTY,DAY,0.0,3.0
1436405583,-36.87680804 174.84258043,URBAN,FIFTY,DAY,0.0,3.0
1436405584,-36.87680811 174.84258049,URBAN,FIFTY,DAY,0.0,3.0
1436405585,-36.87680815 174.84258057,URBAN,FIFTY,DAY,0.0,3.0
1436405586,-36.87680882 174.84258132,URBAN,FIFTY,DAY,1.8,3.0
1436405587,-36.87678493 174.84260597,URBAN,FIFTY,DAY,0.0,3.0
1436405588,-36.87678375 174.84261095,URBAN,FIFTY,DAY,0.0,3.0
1436405589,-36.87678563 174.84261148,URBAN,FIFTY,DAY,0.0,3.0
1436405590,-36.8767857 174.8426137,URBAN,FIFTY,DAY,0.0,3.0
1436405591,-36.87678556 174.84261298,URBAN,FIFTY,DAY,0.0,3.0
1436405592,-36.87678556 174.84261298,URBAN,FIFTY,DAY,0.0,4.0
1436405593,-36.87678631 174.84261405,URBAN,FIFTY,DAY,0.0,3.0
1436405594,-36.87678759 174.84261472,URBAN,FIFTY,DAY,0.0,3.0
1436405595,-36.87678967 174.84261536,URBAN,FIFTY,DAY,0.0,4.0
1436405596,-36.87678913 174.8426092,URBAN,FIFTY,DAY,0.0,4.0
1436405597,-36.87678896 174.84260986,URBAN,FIFTY,DAY,0.0,4.0
1436405598,-36.87678717 174.84260774,URBAN,FIFTY,DAY,0.0,3.0
1436405599,-36.87675873 174.84261742,URBAN,FIFTY,DAY,20.7,3.0
1436405600,-36.87669733 174.84265023,URBAN,FIFTY,DAY,27.0,4.0
1436405601,-36.87660875 174.8426989,URBAN,FIFTY,DAY,35.1,3.0
1436405602,-36.87650205 174.84274739,URBAN,FIFTY,DAY,38.7,4.0
1436405603,-36.87639606 174.8428065,URBAN,FIFTY,DAY,43.2,4.0
1436405604,-36.87628734 174.84286022,URBAN,FIFTY,DAY,45.9,5.0
1436405605,-36.87614974 174.84288635,URBAN,FIFTY,DAY,51.300000000000004,5.0
1436405606,-36.87602674 174.84288809,URBAN,FIFTY,DAY,51.300000000000004,4.0
1436405607,-36.8758605 174.84286431,URBAN,FIFTY,DAY,51.300000000000004,4.0
1436405608,-36.87571843 174.84284586,URBAN,FIFTY,DAY,53.1,3.0
1436405609,-36.87558292 174.84281787,URBAN,FIFTY,DAY,52.2,3.0
1436405610,-36.87546609 174.84277817,URBAN,FIFTY,DAY,52.2,3.0
1436405611,-36.87534438 174.84274679,URBAN,FIFTY,DAY,51.300000000000004,3.0
1436405612,-36.87521918 174.84270508,URBAN,FIFTY,DAY,50.4,4.0
1436405613,-36.87510582 174.84267109,URBAN,FIFTY,DAY,47.7,3.0
1436405614,-36.87501012 174.84263983,URBAN,FIFTY,DAY,41.4,3.0
1436405615,-36.87492311 174.84260572,URBAN,FIFTY,DAY,36.9,4.0
1436405616,-36.87487007 174.84256248,URBAN,FIFTY,DAY,27.900000000000002,3.0
1436405617,-36.87482739 174.84251036,URBAN,FIFTY,DAY,25.2,4.0
1436405618,-36.87481397 174.84244347,URBAN,FIFTY,DAY,24.3,4.0
1436405619,-36.87479317 174.84238027,URBAN,FIFTY,DAY,21.6,3.0
1436405620,-36.87477063 174.84231997,URBAN,FIFTY,DAY,23.400000000000002,3.0
1436405621,-36.87474092 174.84223025,URBAN,FIFTY,DAY,29.7,4.0
1436405622,-36.87470496 174.84214393,URBAN,FIFTY,DAY,32.4,4.0
1436405623,-36.87466578 174.84203629,URBAN,FIFTY,DAY,35.1,4.0
1436405624,-36.87463467 174.84191763,URBAN,FIFTY,DAY,38.7,4.0
1436405625,-36.87459615 174.84178868,URBAN,FIFTY,DAY,42.300000000000004,4.0
1436405626,-36.87456227 174.84165616,URBAN,FIFTY,DAY,45.0,4.0
1436405627,-36.87452462 174.84152007,URBAN,FIFTY,DAY,46.800000000000004,4.0
1436405628,-36.87448833 174.84137601,URBAN,FIFTY,DAY,47.7,4.0
1436405629,-36.87444935 174.84124407,URBAN,FIFTY,DAY,47.7,4.0
1436405630,-36.87440525 174.8411071,URBAN,FIFTY,DAY,48.6,5.0
1436405631,-36.87436924 174.84095974,URBAN,FIFTY,DAY,49.5,5.0
1436405632,-36.87432099 174.8408137,URBAN,FIFTY,DAY,51.300000000000004,6.0
1436405633,-36.87429248 174.84065968,URBAN,FIFTY,DAY,51.300000000000004,7.0
1436405634,-36.87427326 174.840507,URBAN,FIFTY,DAY,52.2,7.0
1436405635,-36.87422528 174.84036234,URBAN,FIFTY,DAY,52.2,8.0
1436405636,-36.8741679 174.84018228,URBAN,FIFTY,DAY,54.9,7.0
1436405637,-36.87413097 174.84003553,URBAN,FIFTY,DAY,54.9,7.0
1436405638,-36.87409866 174.83988339,URBAN,FIFTY,DAY,55.800000000000004,7.0
1436405639,-36.87404562 174.83971427,URBAN,FIFTY,DAY,55.800000000000004,8.0
1436405640,-36.87403343 174.83953157,URBAN,FIFTY,DAY,55.800000000000004,8.0
1436405641,-36.87398855 174.83936411,URBAN,FIFTY,DAY,55.800000000000004,8.0
1436405642,-36.87390946 174.83920405,URBAN,FIFTY,DAY,58.5,8.0
1436405643,-36.87387509 174.83903064,URBAN,FIFTY,DAY,57.6,8.0
1436405644,-36.87380364 174.83886707,URBAN,FIFTY,DAY,58.5,8.0
1436405645,-36.87374954 174.83870375,URBAN,FIFTY,DAY,58.5,8.0
1436405646,-36.87368547 174.8385382,URBAN,FIFTY,DAY,59.4,8.0
1436405647,-36.87361807 174.8383568,URBAN,FIFTY,DAY,60.300000000000004,7.0
1436405648,-36.87357301 174.83817564,URBAN,FIFTY,DAY,59.4,7.0
1436405649,-36.87351567 174.83798979,URBAN,FIFTY,DAY,59.4,6.0
1436405650,-36.87347002 174.83781986,URBAN,FIFTY,DAY,59.4,5.0
1436405651,-36.87342822 174.83763568,URBAN,FIFTY,DAY,59.4,5.0
1436405652,-36.87337162 174.83745507,URBAN,FIFTY,DAY,59.4,5.0
1436405653,-36.87333408 174.83728289,URBAN,FIFTY,DAY,57.6,10.0
1436405654,-36.8733096 174.83711572,URBAN,FIFTY,DAY,56.7,10.0
1436405655,-36.87329957 174.83694479,URBAN,FIFTY,DAY,55.800000000000004,9.0
1436405656,-36.87329155 174.83677148,URBAN,FIFTY,DAY,55.800000000000004,10.0
1436405657,-36.87328191 174.83659178,URBAN,FIFTY,DAY,54.9,10.0
1436405658,-36.87327383 174.83642031,URBAN,FIFTY,DAY,54.0,9.0
1436405659,-36.87326151 174.8362643,URBAN,FIFTY,DAY,53.1,9.0
1436405660,-36.87324361 174.83609424,URBAN,FIFTY,DAY,53.1,9.0
1436405661,-36.87321987 174.83593178,URBAN,FIFTY,DAY,53.1,9.0
1436405662,-36.87320559 174.835789,URBAN,FIFTY,DAY,53.1,9.0
1436405663,-36.87319327 174.83562629,URBAN,FIFTY,DAY,52.2,10.0
1436405664,-36.87317507 174.83546353,URBAN,FIFTY,DAY,52.2,9.0
1436405665,-36.8731642 174.83530336,URBAN,FIFTY,DAY,51.300000000000004,9.0
1436405666,-36.87315008 174.83515469,URBAN,FIFTY,DAY,50.4,10.0
1436405667,-36.87313922 174.83500087,URBAN,FIFTY,DAY,47.7,9.0
1436405668,-36.87311718 174.8348532,URBAN,FIFTY,DAY,46.800000000000004,9.0
1436405669,-36.87309413 174.83470996,URBAN,FIFTY,DAY,45.9,9.0
1436405670,-36.87307838 174.83455858,URBAN,FIFTY,DAY,45.9,9.0
1436405671,-36.87306774 174.83442138,URBAN,FIFTY,DAY,45.9,9.0
1436405672,-36.87305034 174.83428256,URBAN,FIFTY,DAY,45.9,9.0
1436405673,-36.87303888 174.83413524,URBAN,FIFTY,DAY,45.9,9.0
1436405674,-36.87301916 174.83400391,URBAN,FIFTY,DAY,45.0,9.0
1436405675,-36.87299325 174.83386597,URBAN,FIFTY,DAY,45.0,9.0
1436405676,-36.87297414 174.83372332,URBAN,FIFTY,DAY,45.0,9.0
1436405677,-36.8729577 174.83359774,URBAN,FIFTY,DAY,43.2,9.0
1436405678,-36.87295025 174.8334749,URBAN,FIFTY,DAY,39.6,9.0
1436405679,-36.87293535 174.83335402,URBAN,FIFTY,DAY,39.6,9.0
1436405680,-36.87292586 174.83321981,URBAN,FIFTY,DAY,41.4,9.0
1436405681,-36.87290966 174.83308335,URBAN,FIFTY,DAY,44.1,9.0
1436405682,-36.87289664 174.8329437,URBAN,FIFTY,DAY,45.0,9.0
1436405683,-36.87288146 174.83281641,URBAN,FIFTY,DAY,44.1,9.0
1436405684,-36.87287094 174.83267996,URBAN,FIFTY,DAY,40.5,9.0
1436405685,-36.87285454 174.83255964,URBAN,FIFTY,DAY,40.5,9.0
1436405686,-36.87284963 174.83243607,URBAN,FIFTY,DAY,41.4,9.0
1436405687,-36.87285458 174.83230396,URBAN,FIFTY,DAY,43.2,9.0
1436405688,-36.87286813 174.832166,URBAN,FIFTY,DAY,44.1,9.0
1436405689,-36.87290576 174.83201182,URBAN,FIFTY,DAY,47.7,9.0
1436405690,-36.87293754 174.83186282,URBAN,FIFTY,DAY,49.5,9.0
1436405691,-36.87297151 174.83170365,URBAN,FIFTY,DAY,50.4,10.0
1436405692,-36.87300385 174.83155294,URBAN,FIFTY,DAY,49.5,10.0
1436405693,-36.87303105 174.83140483,URBAN,FIFTY,DAY,48.6,10.0
1436405694,-36.87306161 174.8312617,URBAN,FIFTY,DAY,48.6,10.0
1436405695,-36.87309154 174.83112183,URBAN,FIFTY,DAY,46.800000000000004,10.0
1436405696,-36.87311969 174.83098293,URBAN,FIFTY,DAY,45.0,10.0
1436405697,-36.8731523 174.83083316,URBAN,FIFTY,DAY,45.0,10.0
1436405698,-36.87318607 174.83069986,URBAN,FIFTY,DAY,45.0,11.0
1436405699,-36.87321784 174.83056392,URBAN,FIFTY,DAY,45.9,10.0
1436405700,-36.87325195 174.83041425,URBAN,FIFTY,DAY,46.800000000000004,10.0
1436405701,-36.87328391 174.83028268,URBAN,FIFTY,DAY,45.0,10.0
1436405702,-36.87331978 174.83019754,URBAN,FIFTY,DAY,45.0,9.0
1436405703,-36.87335404 174.83005926,URBAN,FIFTY,DAY,44.1,9.0
1436405704,-36.87338541 174.82993109,URBAN,FIFTY,DAY,44.1,10.0
1436405705,-36.87342817 174.82980114,URBAN,FIFTY,DAY,45.0,9.0
1436405706,-36.87344516 174.82966844,URBAN,FIFTY,DAY,45.9,10.0
1436405707,-36.8734804 174.82952873,URBAN,FIFTY,DAY,45.9,10.0
1436405708,-36.8735115 174.82938283,URBAN,FIFTY,DAY,46.800000000000004,10.0
1436405709,-36.87354195 174.82923734,URBAN,FIFTY,DAY,45.9,10.0
1436405710,-36.87359901 174.82910864,URBAN,FIFTY,DAY,45.9,10.0
1436405711,-36.87366106 174.82898374,URBAN,FIFTY,DAY,45.0,10.0
1436405712,-36.87375491 174.82888039,URBAN,FIFTY,DAY,45.9,10.0
1436405713,-36.87385476 174.82878961,URBAN,FIFTY,DAY,45.0,9.0
1436405714,-36.87393741 174.82872496,URBAN,FIFTY,DAY,43.2,10.0
1436405715,-36.87402473 174.82865774,URBAN,FIFTY,DAY,42.300000000000004,10.0
1436405716,-36.87412987 174.82859301,URBAN,FIFTY,DAY,40.5,10.0
1436405717,-36.87422415 174.82855672,URBAN,FIFTY,DAY,38.7,10.0
1436405718,-36.87430834 174.82850287,URBAN,FIFTY,DAY,38.7,9.0
1436405719,-36.87439755 174.82846142,URBAN,FIFTY,DAY,36.9,9.0
1436405720,-36.87447571 174.82841136,URBAN,FIFTY,DAY,36.0,10.0
1436405721,-36.87455215 174.82837187,URBAN,FIFTY,DAY,36.0,11.0
1436405722,-36.87463295 174.82832854,URBAN,FIFTY,DAY,36.9,10.0
1436405723,-36.87473793 174.82826862,URBAN,FIFTY,DAY,37.800000000000004,10.0
1436405724,-36.87482361 174.82820554,URBAN,FIFTY,DAY,36.9,10.0
1436405725,-36.87490682 174.82814568,URBAN,FIFTY,DAY,38.7,10.0
1436405726,-36.87500716 174.82808622,URBAN,FIFTY,DAY,40.5,10.0
1436405727,-36.87510922 174.82802538,URBAN,FIFTY,DAY,41.4,10.0
1436405728,-36.87519863 174.82796973,URBAN,FIFTY,DAY,41.4,10.0
1436405729,-36.87529574 174.8279039,URBAN,FIFTY,DAY,40.5,10.0
1436405730,-36.87538138 174.82783468,URBAN,FIFTY,DAY,40.5,10.0
1436405731,-36.87545656 174.82774442,URBAN,FIFTY,DAY,39.6,10.0
1436405732,-36.87554233 174.82766977,URBAN,FIFTY,DAY,39.6,11.0
1436405733,-36.87561931 174.82759108,URBAN,FIFTY,DAY,37.800000000000004,10.0
1436405734,-36.87567753 174.82752009,URBAN,FIFTY,DAY,36.9,10.0
1436405735,-36.87573065 174.82743603,URBAN,FIFTY,DAY,36.9,10.0
1436405736,-36.87578587 174.82734284,URBAN,FIFTY,DAY,37.800000000000004,10.0
1436405737,-36.8758366 174.82726014,URBAN,FIFTY,DAY,35.1,10.0
1436405738,-36.87588563 174.82717922,URBAN,FIFTY,DAY,36.0,9.0
1436405739,-36.87593705 174.82708552,URBAN,FIFTY,DAY,36.9,10.0
1436405740,-36.87599356 174.82699013,URBAN,FIFTY,DAY,36.9,10.0
1436405741,-36.87603476 174.8268942,URBAN,FIFTY,DAY,35.1,10.0
1436405742,-36.87609228 174.82681881,URBAN,FIFTY,DAY,33.300000000000004,10.0
1436405743,-36.87613538 174.82673003,URBAN,FIFTY,DAY,32.4,10.0
1436405744,-36.87618355 174.82665204,URBAN,FIFTY,DAY,31.5,10.0
1436405745,-36.87621321 174.82658559,URBAN,FIFTY,DAY,29.7,11.0
1436405746,-36.87623734 174.82652262,URBAN,FIFTY,DAY,27.900000000000002,10.0
1436405747,-36.87625535 174.82645267,URBAN,FIFTY,DAY,27.0,11.0
1436405748,-36.87631997 174.82635141,URBAN,FIFTY,DAY,31.5,11.0
1436405749,-36.87635133 174.82627509,URBAN,FIFTY,DAY,31.5,11.0
1436405750,-36.87640712 174.82618166,URBAN,FIFTY,DAY,34.2,11.0
1436405751,-36.87646691 174.82610182,URBAN,FIFTY,DAY,33.300000000000004,11.0
1436405752,-36.87651868 174.82600675,URBAN,FIFTY,DAY,36.0,11.0
1436405753,-36.87655224 174.82591346,URBAN,FIFTY,DAY,37.800000000000004,11.0
1436405754,-36.87662651 174.82580996,URBAN,FIFTY,DAY,40.5,11.0
1436405755,-36.87667189 174.82571072,URBAN,FIFTY,DAY,42.300000000000004,10.0
1436405756,-36.87674589 174.8255922,URBAN,FIFTY,DAY,44.1,10.0
1436405757,-36.87680997 174.82547187,URBAN,FIFTY,DAY,44.1,10.0
1436405758,-36.87687611 174.82535757,URBAN,FIFTY,DAY,45.0,10.0
1436405759,-36.87694166 174.82523818,URBAN,FIFTY,DAY,46.800000000000004,10.0
1436405760,-36.87700722 174.82511964,URBAN,FIFTY,DAY,46.800000000000004,9.0
1436405761,-36.87707579 174.82500205,URBAN,FIFTY,DAY,47.7,9.0
1436405762,-36.87716088 174.82489613,URBAN,FIFTY,DAY,46.800000000000004,9.0
1436405763,-36.87723436 174.82477757,URBAN,FIFTY,DAY,47.7,9.0
1436405764,-36.87731878 174.82466068,URBAN,FIFTY,DAY,48.6,9.0
1436405765,-36.87741209 174.82453794,URBAN,FIFTY,DAY,50.4,9.0
1436405766,-36.87749186 174.82442925,URBAN,FIFTY,DAY,50.4,9.0
1436405767,-36.8775692 174.82432096,URBAN,FIFTY,DAY,49.5,9.0
1436405768,-36.87765155 174.82420696,URBAN,FIFTY,DAY,49.5,9.0
1436405769,-36.87773359 174.82409903,URBAN,FIFTY,DAY,47.7,9.0
1436405770,-36.87781222 174.82398167,URBAN,FIFTY,DAY,45.9,9.0
1436405771,-36.87789205 174.82387606,URBAN,FIFTY,DAY,45.9,9.0
1436405772,-36.87796708 174.82376891,URBAN,FIFTY,DAY,45.9,9.0
1436405773,-36.87804886 174.82366398,URBAN,FIFTY,DAY,45.0,9.0
1436405774,-36.87812027 174.82356886,URBAN,FIFTY,DAY,44.1,9.0
1436405775,-36.87819343 174.82347466,URBAN,FIFTY,DAY,45.0,9.0
1436405776,-36.87825817 174.82336724,URBAN,FIFTY,DAY,45.0,10.0
1436405777,-36.87834079 174.82326848,URBAN,FIFTY,DAY,45.0,9.0
1436405778,-36.87842532 174.82317112,URBAN,FIFTY,DAY,45.9,10.0
1436405779,-36.87851324 174.82307053,URBAN,FIFTY,DAY,47.7,10.0
1436405780,-36.87859725 174.82295831,URBAN,FIFTY,DAY,50.4,10.0
1436405781,-36.87868683 174.82284999,URBAN,FIFTY,DAY,51.300000000000004,10.0
1436405782,-36.87877984 174.82273826,URBAN,FIFTY,DAY,51.300000000000004,10.0
1436405783,-36.87888053 174.82262555,URBAN,FIFTY,DAY,51.300000000000004,10.0
1436405784,-36.87897029 174.82251246,URBAN,FIFTY,DAY,49.5,9.0
1436405785,-36.87906891 174.82240136,URBAN,FIFTY,DAY,48.6,9.0
1436405786,-36.87915152 174.82229355,URBAN,FIFTY,DAY,47.7,9.0
1436405787,-36.87923328 174.82218516,URBAN,FIFTY,DAY,46.800000000000004,10.0
1436405788,-36.87931382 174.82206383,URBAN,FIFTY,DAY,46.800000000000004,10.0
1436405789,-36.87939122 174.82194378,URBAN,FIFTY,DAY,47.7,9.0
1436405790,-36.87945816 174.82181947,URBAN,FIFTY,DAY,48.6,9.0
1436405791,-36.87953587 174.821684,URBAN,FIFTY,DAY,51.300000000000004,10.0
1436405792,-36.8795902 174.82155355,URBAN,FIFTY,DAY,51.300000000000004,9.0
1436405793,-36.87963201 174.82139474,URBAN,FIFTY,DAY,51.300000000000004,9.0
1436405794,-36.87964922 174.8212452,URBAN,FIFTY,DAY,52.2,9.0
1436405795,-36.87966751 174.82107825,URBAN,FIFTY,DAY,52.2,9.0
1436405796,-36.87966871 174.82092551,URBAN,FIFTY,DAY,51.300000000000004,9.0
1436405797,-36.87965237 174.82077225,URBAN,FIFTY,DAY,51.300000000000004,9.0
1436405798,-36.87964335 174.82061977,URBAN,FIFTY,DAY,51.300000000000004,10.0
1436405799,-36.87962331 174.82047853,URBAN,FIFTY,DAY,50.4,10.0
1436405800,-36.87959997 174.82031816,URBAN,FIFTY,DAY,52.2,10.0
1436405801,-36.87958814 174.82015054,URBAN,FIFTY,DAY,51.300000000000004,10.0
1436405802,-36.87957657 174.81999638,URBAN,FIFTY,DAY,50.4,9.0
1436405803,-36.879558 174.81985148,URBAN,FIFTY,DAY,49.5,10.0
1436405804,-36.87953954 174.81969257,URBAN,FIFTY,DAY,49.5,10.0
1436405805,-36.87951894 174.81954279,URBAN,FIFTY,DAY,49.5,10.0
1436405806,-36.87950427 174.81939291,URBAN,FIFTY,DAY,49.5,11.0
1436405807,-36.87948491 174.81925654,URBAN,FIFTY,DAY,48.6,10.0
1436405808,-36.87946002 174.81911849,URBAN,FIFTY,DAY,48.6,9.0
1436405809,-36.8794361 174.81895205,URBAN,FIFTY,DAY,49.5,9.0
1436405810,-36.87943684 174.81879728,URBAN,FIFTY,DAY,49.5,9.0
1436405811,-36.8794375 174.81863961,URBAN,FIFTY,DAY,48.6,9.0
1436405812,-36.87944998 174.8184862,URBAN,FIFTY,DAY,48.6,10.0
1436405813,-36.87948273 174.81833714,URBAN,FIFTY,DAY,48.6,10.0
1436405814,-36.8795198 174.81819249,URBAN,FIFTY,DAY,49.5,9.0
1436405815,-36.87956604 174.81804165,URBAN,FIFTY,DAY,50.4,9.0
1436405816,-36.87961005 174.81788846,URBAN,FIFTY,DAY,51.300000000000004,10.0
1436405817,-36.87964862 174.81773199,URBAN,FIFTY,DAY,51.300000000000004,10.0
1436405818,-36.87969215 174.81757333,URBAN,FIFTY,DAY,52.2,10.0
1436405819,-36.87973256 174.81741008,URBAN,FIFTY,DAY,52.2,10.0
1436405820,-36.87977305 174.81725705,URBAN,FIFTY,DAY,52.2,11.0
1436405821,-36.87982219 174.81709856,URBAN,FIFTY,DAY,52.2,11.0
1436405822,-36.87987227 174.81693652,URBAN,FIFTY,DAY,52.2,11.0
1436405823,-36.87992598 174.81677571,URBAN,FIFTY,DAY,52.2,11.0
1436405824,-36.8799675 174.81662635,URBAN,FIFTY,DAY,50.4,11.0
1436405825,-36.88000461 174.81648043,URBAN,FIFTY,DAY,48.6,11.0
1436405826,-36.88003728 174.81635154,URBAN,FIFTY,DAY,46.800000000000004,11.0
1436405827,-36.88008985 174.8162086,URBAN,FIFTY,DAY,46.800000000000004,11.0
1436405828,-36.88012946 174.81607043,URBAN,FIFTY,DAY,46.800000000000004,11.0
1436405829,-36.88017503 174.8159348,URBAN,FIFTY,DAY,46.800000000000004,11.0
1436405830,-36.8802202 174.8157908,URBAN,FIFTY,DAY,48.6,11.0
1436405831,-36.88026384 174.81564876,URBAN,FIFTY,DAY,49.5,11.0
1436405832,-36.8802993 174.81550076,URBAN,FIFTY,DAY,50.4,11.0
1436405833,-36.88035478 174.81535498,URBAN,FIFTY,DAY,51.300000000000004,9.0
1436405834,-36.88039335 174.81520724,URBAN,FIFTY,DAY,50.4,9.0
1436405835,-36.88043392 174.81506216,URBAN,FIFTY,DAY,49.5,10.0
1436405836,-36.88044823 174.81493429,URBAN,FIFTY,DAY,46.800000000000004,9.0
1436405837,-36.88047463 174.81479998,URBAN,FIFTY,DAY,45.9,10.0
1436405838,-36.88048847 174.81465718,URBAN,FIFTY,DAY,45.9,9.0
1436405839,-36.88049132 174.81451179,URBAN,FIFTY,DAY,45.9,9.0
1436405840,-36.88048207 174.81436923,URBAN,FIFTY,DAY,46.800000000000004,10.0
1436405841,-36.88046469 174.81422822,URBAN,FIFTY,DAY,45.9,11.0
1436405842,-36.8804315 174.81409521,URBAN,FIFTY,DAY,45.0,10.0
1436405843,-36.88040884 174.81396713,URBAN,FIFTY,DAY,43.2,10.0
1436405844,-36.88040219 174.81382141,URBAN,FIFTY,DAY,41.4,10.0
1436405845,-36.88038455 174.81370255,URBAN,FIFTY,DAY,40.5,10.0
1436405846,-36.88036928 174.81357022,URBAN,FIFTY,DAY,40.5,10.0
1436405847,-36.88034676 174.81344153,URBAN,FIFTY,DAY,41.4,10.0
1436405848,-36.88031736 174.81332142,URBAN,FIFTY,DAY,42.300000000000004,10.0
1436405849,-36.88029694 174.81318618,URBAN,FIFTY,DAY,42.300000000000004,10.0
1436405850,-36.88028032 174.8130683,URBAN,FIFTY,DAY,42.300000000000004,10.0
1436405851,-36.88026112 174.81294463,URBAN,FIFTY,DAY,41.4,10.0
1436405852,-36.88023573 174.81282808,URBAN,FIFTY,DAY,38.7,10.0
1436405853,-36.88021831 174.81272844,URBAN,FIFTY,DAY,34.2,10.0
1436405854,-36.8802193 174.81264194,URBAN,FIFTY,DAY,32.4,10.0
1436405855,-36.88022349 174.81253027,URBAN,FIFTY,DAY,33.300000000000004,10.0
1436405856,-36.88023489 174.81241974,URBAN,FIFTY,DAY,36.0,10.0
1436405857,-36.88025175 174.81230494,URBAN,FIFTY,DAY,36.9,10.0
1436405858,-36.8802856 174.81219953,URBAN,FIFTY,DAY,36.9,10.0
1436405859,-36.88029545 174.81210335,URBAN,FIFTY,DAY,36.9,10.0
1436405860,-36.88033775 174.81199961,URBAN,FIFTY,DAY,37.800000000000004,10.0
1436405861,-36.88038239 174.81189569,URBAN,FIFTY,DAY,37.800000000000004,10.0
1436405862,-36.88043159 174.81178096,URBAN,FIFTY,DAY,39.6,11.0
1436405863,-36.88048943 174.81167177,URBAN,FIFTY,DAY,40.5,12.0
1436405864,-36.8805499 174.81155936,URBAN,FIFTY,DAY,42.300000000000004,12.0
1436405865,-36.88063387 174.81142839,URBAN,FIFTY,DAY,45.0,12.0
1436405866,-36.88070044 174.81134355,URBAN,FIFTY,DAY,45.9,11.0
1436405867,-36.88076879 174.81123328,URBAN,FIFTY,DAY,45.0,11.0
1436405868,-36.88084068 174.81111275,URBAN,FIFTY,DAY,44.1,11.0
1436405869,-36.88092739 174.81101805,URBAN,FIFTY,DAY,44.1,11.0
1436405870,-36.88097668 174.81091709,URBAN,FIFTY,DAY,43.2,11.0
1436405871,-36.88106551 174.81082179,URBAN,FIFTY,DAY,43.2,10.0
1436405872,-36.88114673 174.81071955,URBAN,FIFTY,DAY,42.300000000000004,10.0
1436405873,-36.88121261 174.81061709,URBAN,FIFTY,DAY,41.4,10.0
1436405874,-36.88127188 174.81053796,URBAN,FIFTY,DAY,38.7,10.0
1436405875,-36.88132715 174.81044193,URBAN,FIFTY,DAY,36.9,9.0
1436405876,-36.88138113 174.81034896,URBAN,FIFTY,DAY,35.1,9.0
1436405877,-36.88144186 174.81026551,URBAN,FIFTY,DAY,33.300000000000004,9.0
1436405878,-36.88149344 174.81019858,URBAN,FIFTY,DAY,32.4,9.0
1436405879,-36.88154846 174.81012368,URBAN,FIFTY,DAY,32.4,9.0
1436405880,-36.88160441 174.81004982,URBAN,FIFTY,DAY,31.5,9.0
1436405881,-36.88165082 174.80997796,URBAN,FIFTY,DAY,31.5,9.0
1436405882,-36.8816863 174.80989458,URBAN,FIFTY,DAY,30.6,9.0
1436405883,-36.88173338 174.80983391,URBAN,FIFTY,DAY,27.900000000000002,10.0
1436405884,-36.88178125 174.80979178,URBAN,FIFTY,DAY,25.2,9.0
1436405885,-36.88182798 174.80972859,URBAN,FIFTY,DAY,23.400000000000002,9.0
1436405886,-36.88185836 174.80967759,URBAN,FIFTY,DAY,22.5,9.0
1436405887,-36.88188845 174.80961505,URBAN,FIFTY,DAY,22.5,9.0
1436405888,-36.88194064 174.80955625,URBAN,FIFTY,DAY,25.2,10.0
1436405889,-36.88198045 174.80949776,URBAN,FIFTY,DAY,24.3,10.0
1436405890,-36.88200863 174.80943829,URBAN,FIFTY,DAY,23.400000000000002,10.0
1436405891,-36.88203553 174.80939803,URBAN,FIFTY,DAY,19.8,10.0
1436405892,-36.88206507 174.80934966,URBAN,FIFTY,DAY,18.900000000000002,10.0
1436405893,-36.88208711 174.80931882,URBAN,FIFTY,DAY,15.3,9.0
1436405894,-36.88210946 174.80928036,URBAN,FIFTY,DAY,12.6,10.0
1436405895,-36.88212055 174.80926228,URBAN,FIFTY,DAY,8.1,10.0
1436405896,-36.88212988 174.80925198,URBAN,FIFTY,DAY,4.5,10.0
1436405897,-36.88213389 174.80925095,URBAN,FIFTY,DAY,2.7,10.0
1436405898,-36.88213543 174.80923055,URBAN,FIFTY,DAY,1.8,10.0
1436405899,-36.88214385 174.80923766,URBAN,FIFTY,DAY,1.8,10.0
1436405900,-36.88214893 174.80924281,URBAN,FIFTY,DAY,0.9,10.0
1436405901,-36.88215273 174.80923874,URBAN,FIFTY,DAY,0.0,10.0
1436405902,-36.88215682 174.809235,URBAN,FIFTY,DAY,0.0,10.0
1436405903,-36.88215032 174.80923426,URBAN,FIFTY,DAY,0.0,10.0
1436405904,-36.88214528 174.80922673,URBAN,FIFTY,DAY,0.0,10.0
1436405905,-36.88214643 174.80923001,URBAN,FIFTY,DAY,0.0,10.0
1436405906,-36.88215089 174.8092262,URBAN,FIFTY,DAY,0.0,9.0
1436405907,-36.88215434 174.80922464,URBAN,FIFTY,DAY,0.0,9.0
1436405908,-36.88215666 174.80922137,URBAN,FIFTY,DAY,0.0,10.0
1436405909,-36.88215951 174.80922091,URBAN,FIFTY,DAY,0.0,10.0
1436405910,-36.88215938 174.80921917,URBAN,FIFTY,DAY,0.0,10.0
1436405911,-36.88216163 174.80921994,URBAN,FIFTY,DAY,0.0,10.0
1436405912,-36.8821614 174.80921983,URBAN,FIFTY,DAY,0.0,10.0
1436405913,-36.88216213 174.80921981,URBAN,FIFTY,DAY,0.0,10.0
1436405914,-36.88216272 174.80922149,URBAN,FIFTY,DAY,0.0,10.0
1436405915,-36.88216228 174.80922115,URBAN,FIFTY,DAY,0.0,10.0
1436405916,-36.88216347 174.80922027,URBAN,FIFTY,DAY,0.0,10.0
1436405917,-36.88216318 174.8092195,URBAN,FIFTY,DAY,0.0,11.0
1436405918,-36.88216297 174.80922043,URBAN,FIFTY,DAY,0.0,10.0
1436405919,-36.88216288 174.80921984,URBAN,FIFTY,DAY,0.0,10.0
1436405920,-36.88216289 174.80921993,URBAN,FIFTY,DAY,0.0,10.0
1436405921,-36.88216288 174.80921998,URBAN,FIFTY,DAY,0.0,10.0
1436405922,-36.88216274 174.80921941,URBAN,FIFTY,DAY,0.0,9.0
1436405923,-36.88216248 174.80921859,URBAN,FIFTY,DAY,0.0,9.0
1436405924,-36.88216228 174.80921839,URBAN,FIFTY,DAY,0.0,9.0
1436405925,-36.88216224 174.80921816,URBAN,FIFTY,DAY,0.0,9.0
1436405926,-36.88216267 174.80921816,URBAN,FIFTY,DAY,0.0,9.0
1436405927,-36.88216271 174.80921795,URBAN,FIFTY,DAY,0.0,9.0
1436405928,-36.8821629 174.80921834,URBAN,FIFTY,DAY,0.0,9.0
1436405929,-36.88216258 174.80921834,URBAN,FIFTY,DAY,0.0,9.0
1436405930,-36.88216258 174.80921831,URBAN,FIFTY,DAY,0.0,9.0
1436405931,-36.88216256 174.80921833,URBAN,FIFTY,DAY,0.0,9.0
1436405932,-36.88216278 174.80921821,URBAN,FIFTY,DAY,0.0,9.0
1436405933,-36.88216279 174.80921824,URBAN,FIFTY,DAY,0.0,9.0
1436405934,-36.8821626 174.80921845,URBAN,FIFTY,DAY,0.0,9.0
1436405935,-36.88216286 174.80921816,URBAN,FIFTY,DAY,0.0,9.0
1436405936,-36.88216284 174.80921817,URBAN,FIFTY,DAY,0.0,9.0
1436405937,-36.88216291 174.80921811,URBAN,FIFTY,DAY,0.0,9.0
1436405938,-36.88216293 174.80921813,URBAN,FIFTY,DAY,0.0,9.0
1436405939,-36.88216292 174.80921818,URBAN,FIFTY,DAY,0.0,9.0
1436405940,-36.88216291 174.80921821,URBAN,FIFTY,DAY,0.0,9.0
1436405941,-36.88216293 174.80921824,URBAN,FIFTY,DAY,0.0,9.0
1436405942,-36.88216291 174.80921827,URBAN,FIFTY,DAY,0.0,9.0
1436405943,-36.88216294 174.80921828,URBAN,FIFTY,DAY,0.0,9.0
1436405944,-36.88216512 174.80921203,URBAN,FIFTY,DAY,3.6,9.0
1436405945,-36.88219311 174.80917087,URBAN,FIFTY,DAY,11.700000000000001,9.0
1436405946,-36.88221044 174.80913664,URBAN,FIFTY,DAY,12.6,9.0
1436405947,-36.88224035 174.80909084,URBAN,FIFTY,DAY,16.2,9.0
1436405948,-36.88230425 174.80900771,URBAN,FIFTY,DAY,26.1,9.0
1436405949,-36.88233361 174.80892806,URBAN,FIFTY,DAY,28.8,3.0
1436405950,-36.88236131 174.80883735,URBAN,FIFTY,DAY,32.4,4.0
1436405951,-36.88237926 174.80874894,URBAN,FIFTY,DAY,31.5,4.0
1436405952,-36.88238375 174.80867435,URBAN,FIFTY,DAY,30.6,4.0
1436405953,-36.8824099 174.80857306,URBAN,FIFTY,DAY,30.6,5.0
1436405954,-36.88242337 174.80848142,URBAN,FIFTY,DAY,31.5,5.0
1436405955,-36.88243023 174.80838711,URBAN,FIFTY,DAY,31.5,6.0
1436405956,-36.8824262 174.80831838,URBAN,FIFTY,DAY,28.8,6.0
1436405957,-36.88243088 174.80822606,URBAN,FIFTY,DAY,25.2,5.0
1436405958,-36.88245315 174.80815991,URBAN,FIFTY,DAY,24.3,5.0
1436405959,-36.88248384 174.80809245,URBAN,FIFTY,DAY,24.3,4.0
1436405960,-36.88253208 174.80801983,URBAN,FIFTY,DAY,28.8,4.0
1436405961,-36.88258323 174.80793077,URBAN,FIFTY,DAY,36.0,4.0
1436405962,-36.88265063 174.80782875,URBAN,FIFTY,DAY,39.6,4.0
1436405963,-36.88272011 174.80771753,URBAN,FIFTY,DAY,42.300000000000004,5.0
1436405964,-36.88279708 174.80759634,URBAN,FIFTY,DAY,45.9,5.0
1436405965,-36.88287222 174.80746629,URBAN,FIFTY,DAY,48.6,5.0
1436405966,-36.88294774 174.80734526,URBAN,FIFTY,DAY,49.5,7.0
1436405967,-36.88302487 174.80721466,URBAN,FIFTY,DAY,50.4,9.0
1436405968,-36.88311442 174.80708816,URBAN,FIFTY,DAY,51.300000000000004,11.0
1436405969,-36.88321124 174.80697121,URBAN,FIFTY,DAY,50.4,13.0
1436405970,-36.88328868 174.80685382,URBAN,FIFTY,DAY,47.7,9.0
1436405971,-36.88337264 174.80674128,URBAN,FIFTY,DAY,45.9,7.0
1436405972,-36.88343977 174.80662348,URBAN,FIFTY,DAY,45.9,7.0
1436405973,-36.88351806 174.80650008,URBAN,FIFTY,DAY,48.6,8.0
1436405974,-36.88360401 174.80637766,URBAN,FIFTY,DAY,50.4,8.0
1436405975,-36.88368533 174.80626067,URBAN,FIFTY,DAY,49.5,10.0
1436405976,-36.88377246 174.80613556,URBAN,FIFTY,DAY,50.4,11.0
1436405977,-36.88380518 174.8060063,URBAN,FIFTY,DAY,50.4,6.0
1436405978,-36.88385268 174.80587696,URBAN,FIFTY,DAY,50.4,5.0
1436405979,-36.88392389 174.80575011,URBAN,FIFTY,DAY,50.4,6.0
1436405980,-36.88399459 174.80561124,URBAN,FIFTY,DAY,50.4,7.0
1436405981,-36.88403775 174.80548103,URBAN,FIFTY,DAY,50.4,5.0
1436405982,-36.8841293 174.80534871,URBAN,FIFTY,DAY,51.300000000000004,5.0
1436405983,-36.88420486 174.80521636,URBAN,FIFTY,DAY,51.300000000000004,6.0
1436405984,-36.88425012 174.8050877,URBAN,FIFTY,DAY,49.5,5.0
1436405985,-36.88433381 174.8049503,URBAN,FIFTY,DAY,49.5,5.0
1436405986,-36.88440051 174.80481825,URBAN,FIFTY,DAY,50.4,6.0
1436405987,-36.88447577 174.80467964,URBAN,FIFTY,DAY,51.300000000000004,6.0
1436405988,-36.88455064 174.80455667,URBAN,FIFTY,DAY,50.4,5.0
1436405989,-36.8846059 174.80443867,URBAN,FIFTY,DAY,49.5,5.0
1436405990,-36.88467908 174.80430733,URBAN,FIFTY,DAY,48.6,5.0
1436405991,-36.88473084 174.80420741,URBAN,FIFTY,DAY,46.800000000000004,5.0
1436405992,-36.88479716 174.80409574,URBAN,FIFTY,DAY,45.9,4.0
1436405993,-36.88485317 174.80398235,URBAN,FIFTY,DAY,44.1,4.0
1436405994,-36.88491717 174.80387078,URBAN,FIFTY,DAY,41.4,5.0
1436405995,-36.88495707 174.80379368,URBAN,FIFTY,DAY,36.0,5.0
1436405996,-36.88499358 174.80372413,URBAN,FIFTY,DAY,33.300000000000004,6.0
1436405997,-36.88504391 174.80364654,URBAN,FIFTY,DAY,30.6,7.0
1436405998,-36.88506786 174.8035996,URBAN,FIFTY,DAY,25.2,7.0
1436405999,-36.88510055 174.80353695,URBAN,FIFTY,DAY,23.400000000000002,7.0
1436406000,-36.88512789 174.80350438,URBAN,FIFTY,DAY,19.8,6.0
1436406001,-36.88516 174.80347502,URBAN,FIFTY,DAY,17.1,6.0
1436406002,-36.88518607 174.80344785,URBAN,FIFTY,DAY,13.5,5.0
1436406003,-36.88520171 174.80342603,URBAN,FIFTY,DAY,9.9,5.0
1436406004,-36.88522045 174.80340973,URBAN,FIFTY,DAY,6.3,5.0
1436406005,-36.88522472 174.80340605,URBAN,FIFTY,DAY,2.7,5.0
1436406006,-36.88522253 174.80339972,URBAN,FIFTY,DAY,0.0,4.0
1436406007,-36.88522453 174.80339566,URBAN,FIFTY,DAY,0.0,4.0
1436406008,-36.88522772 174.80339616,URBAN,FIFTY,DAY,0.0,4.0
1436406009,-36.88523448 174.80339473,URBAN,FIFTY,DAY,0.0,3.0
1436406010,-36.88523348 174.80339256,URBAN,FIFTY,DAY,0.0,3.0
1436406011,-36.88523388 174.80338915,URBAN,FIFTY,DAY,0.0,9.0
1436406012,-36.88523846 174.80338888,URBAN,FIFTY,DAY,0.0,9.0
1436406013,-36.88523804 174.80338684,URBAN,FIFTY,DAY,0.0,9.0
1436406014,-36.88523791 174.80338963,URBAN,FIFTY,DAY,0.0,9.0
1436406015,-36.88523968 174.80338803,URBAN,FIFTY,DAY,0.0,9.0
1436406016,-36.88524015 174.80338677,URBAN,FIFTY,DAY,0.0,9.0
1436406017,-36.88524101 174.80338543,URBAN,FIFTY,DAY,0.0,9.0
1436406018,-36.88524082 174.80338484,URBAN,FIFTY,DAY,0.0,9.0
1436406019,-36.88524108 174.80338486,URBAN,FIFTY,DAY,0.0,9.0
1436406020,-36.88524091 174.80338482,URBAN,FIFTY,DAY,0.0,9.0
1436406021,-36.88524187 174.80338545,URBAN,FIFTY,DAY,0.0,9.0
1436406022,-36.8852485 174.80337453,URBAN,FIFTY,DAY,7.2,9.0
1436406023,-36.88525936 174.80333358,URBAN,FIFTY,DAY,13.5,9.0
1436406024,-36.88528148 174.80327979,URBAN,FIFTY,DAY,19.8,10.0
1436406025,-36.88533834 174.80320926,URBAN,FIFTY,DAY,27.0,10.0
1436406026,-36.88539818 174.8031309,URBAN,FIFTY,DAY,31.5,9.0
1436406027,-36.88545282 174.80303909,URBAN,FIFTY,DAY,35.1,9.0
1436406028,-36.88551077 174.80294123,URBAN,FIFTY,DAY,37.800000000000004,10.0
1436406029,-36.88557402 174.80283585,URBAN,FIFTY,DAY,37.800000000000004,10.0
1436406030,-36.88563533 174.80273449,URBAN,FIFTY,DAY,36.9,10.0
1436406031,-36.8856796 174.80263457,URBAN,FIFTY,DAY,37.800000000000004,10.0
1436406032,-36.88574185 174.80252997,URBAN,FIFTY,DAY,40.5,10.0
1436406033,-36.88581367 174.80242342,URBAN,FIFTY,DAY,41.4,10.0
1436406034,-36.88586694 174.80233288,URBAN,FIFTY,DAY,41.4,10.0
1436406035,-36.88591384 174.80222309,URBAN,FIFTY,DAY,40.5,10.0
1436406036,-36.88596435 174.80212218,URBAN,FIFTY,DAY,40.5,11.0
1436406037,-36.88604057 174.80201804,URBAN,FIFTY,DAY,41.4,11.0
1436406038,-36.88613962 174.80197635,URBAN,FIFTY,DAY,39.6,11.0
1436406039,-36.88621335 174.80189395,URBAN,FIFTY,DAY,42.300000000000004,10.0
1436406040,-36.88627041 174.8017737,URBAN,FIFTY,DAY,45.0,10.0
1436406041,-36.88633657 174.80163824,URBAN,FIFTY,DAY,45.9,10.0
1436406042,-36.88638789 174.8015197,URBAN,FIFTY,DAY,43.2,10.0
1436406043,-36.8864387 174.80141913,URBAN,FIFTY,DAY,42.300000000000004,11.0
1436406044,-36.88650502 174.80130001,URBAN,FIFTY,DAY,43.2,11.0
1436406045,-36.88657329 174.80118076,URBAN,FIFTY,DAY,43.2,10.0
1436406046,-36.88663339 174.80107092,URBAN,FIFTY,DAY,43.2,11.0
1436406047,-36.88669146 174.8009504,URBAN,FIFTY,DAY,43.2,10.0
1436406048,-36.88675727 174.80084543,URBAN,FIFTY,DAY,42.300000000000004,10.0
1436406049,-36.8868217 174.80074197,URBAN,FIFTY,DAY,40.5,10.0
1436406050,-36.88687281 174.80065043,URBAN,FIFTY,DAY,38.7,10.0
1436406051,-36.88691833 174.8005523,URBAN,FIFTY,DAY,35.1,10.0
1436406052,-36.88696709 174.80047686,URBAN,FIFTY,DAY,33.300000000000004,11.0
1436406053,-36.88699606 174.80040388,URBAN,FIFTY,DAY,30.6,11.0
1436406054,-36.88703911 174.80032056,URBAN,FIFTY,DAY,30.6,11.0
1436406055,-36.88709005 174.80026221,URBAN,FIFTY,DAY,28.8,12.0
1436406056,-36.88712781 174.80018272,URBAN,FIFTY,DAY,26.1,12.0
1436406057,-36.88717208 174.8001659,URBAN,FIFTY,DAY,21.6,12.0
1436406058,-36.88720333 174.80013291,URBAN,FIFTY,DAY,19.8,12.0
1436406059,-36.88722437 174.80009424,URBAN,FIFTY,DAY,16.2,12.0
1436406060,-36.8872451 174.80008089,URBAN,FIFTY,DAY,12.6,11.0
1436406061,-36.88724 174.80006571,URBAN,FIFTY,DAY,7.2,11.0
1436406062,-36.88725355 174.8000417,URBAN,FIFTY,DAY,6.3,11.0
1436406063,-36.88725352 174.80002746,URBAN,FIFTY,DAY,2.7,11.0
1436406064,-36.88727103 174.80001868,URBAN,FIFTY,DAY,1.8,11.0
1436406065,-36.88728984 174.80000436,URBAN,FIFTY,DAY,0.9,11.0
1436406066,-36.88728727 174.800008,URBAN,FIFTY,DAY,0.0,10.0
1436406067,-36.88729412 174.80000413,URBAN,FIFTY,DAY,0.0,10.0
1436406068,-36.88728988 174.80000566,URBAN,FIFTY,DAY,0.0,10.0
1436406069,-36.88729129 174.80000596,URBAN,FIFTY,DAY,0.0,9.0
1436406070,-36.88728914 174.80000976,URBAN,FIFTY,DAY,0.0,9.0
1436406071,-36.88728582 174.80001282,URBAN,FIFTY,DAY,0.0,9.0
1436406072,-36.88728788 174.80000713,URBAN,FIFTY,DAY,0.0,9.0
1436406073,-36.88728871 174.80000501,URBAN,FIFTY,DAY,0.0,9.0
1436406074,-36.8872887 174.80000188,URBAN,FIFTY,DAY,0.0,9.0
1436406075,-36.88728807 174.79999823,URBAN,FIFTY,DAY,0.0,9.0
1436406076,-36.88728706 174.7999992,URBAN,FIFTY,DAY,0.0,9.0
1436406077,-36.88728758 174.79999908,URBAN,FIFTY,DAY,0.0,9.0
1436406078,-36.88728741 174.79999946,URBAN,FIFTY,DAY,0.0,9.0
1436406079,-36.88728764 174.79999921,URBAN,FIFTY,DAY,0.0,9.0
1436406080,-36.88728728 174.80000059,URBAN,FIFTY,DAY,0.0,9.0
1436406081,-36.88728729 174.8000003,URBAN,FIFTY,DAY,0.0,9.0
1436406082,-36.88728688 174.80000176,URBAN,FIFTY,DAY,0.0,9.0
1436406083,-36.88728719 174.80000083,URBAN,FIFTY,DAY,0.0,9.0
1436406084,-36.88728717 174.80000089,URBAN,FIFTY,DAY,0.0,9.0
1436406085,-36.88728719 174.80000078,URBAN,FIFTY,DAY,0.0,9.0
1436406086,-36.88729009 174.79999406,URBAN,FIFTY,DAY,4.5,9.0
1436406087,-36.88730364 174.79996008,URBAN,FIFTY,DAY,9.0,9.0
1436406088,-36.88733267 174.79991771,URBAN,FIFTY,DAY,12.6,9.0
1436406089,-36.8873518 174.79987479,URBAN,FIFTY,DAY,13.5,10.0
1436406090,-36.88737579 174.7998307,URBAN,FIFTY,DAY,15.3,10.0
1436406091,-36.88742274 174.7997417,URBAN,FIFTY,DAY,22.5,10.0
1436406092,-36.88746173 174.79965865,URBAN,FIFTY,DAY,27.0,10.0
1436406093,-36.88750257 174.79957556,URBAN,FIFTY,DAY,30.6,10.0
1436406094,-36.88754422 174.79949657,URBAN,FIFTY,DAY,32.4,10.0
1436406095,-36.88759783 174.79939175,URBAN,FIFTY,DAY,35.1,11.0
1436406096,-36.88764198 174.79930095,URBAN,FIFTY,DAY,36.0,11.0
1436406097,-36.88773011 174.7991607,URBAN,FIFTY,DAY,38.7,10.0
1436406098,-36.88778213 174.79909418,URBAN,FIFTY,DAY,37.800000000000004,11.0
1436406099,-36.88781953 174.79901337,URBAN,FIFTY,DAY,36.9,11.0
1436406100,-36.88787124 174.79892036,URBAN,FIFTY,DAY,36.0,10.0
1436406101,-36.88790474 174.79884918,URBAN,FIFTY,DAY,31.5,11.0
1436406102,-36.88794424 174.79879927,URBAN,FIFTY,DAY,27.0,10.0
1436406103,-36.88798332 174.79872865,URBAN,FIFTY,DAY,23.400000000000002,10.0
1436406104,-36.8880103 174.79868757,URBAN,FIFTY,DAY,21.6,10.0
1436406105,-36.88803917 174.798631,URBAN,FIFTY,DAY,19.8,10.0
1436406106,-36.88805845 174.79859975,URBAN,FIFTY,DAY,17.1,10.0
1436406107,-36.88808847 174.79855571,URBAN,FIFTY,DAY,16.2,10.0
1436406108,-36.88809543 174.79851934,URBAN,FIFTY,DAY,11.700000000000001,10.0
1436406109,-36.8881063 174.79849863,URBAN,FIFTY,DAY,9.0,10.0
1436406110,-36.8881104 174.7984797,URBAN,FIFTY,DAY,8.1,10.0
1436406111,-36.88812661 174.79846272,URBAN,FIFTY,DAY,6.3,10.0
1436406112,-36.88814483 174.79844877,URBAN,FIFTY,DAY,6.3,10.0
1436406113,-36.88815525 174.79843438,URBAN,FIFTY,DAY,6.3,10.0
1436406114,-36.88816465 174.79841047,URBAN,FIFTY,DAY,6.3,10.0
1436406115,-36.88818451 174.79839454,URBAN,FIFTY,DAY,6.3,10.0
1436406116,-36.88819585 174.79838066,URBAN,FIFTY,DAY,6.3,10.0
1436406117,-36.88820556 174.79836684,URBAN,FIFTY,DAY,6.3,10.0
1436406118,-36.88821742 174.79835175,URBAN,FIFTY,DAY,6.3,9.0
1436406119,-36.88822849 174.79833609,URBAN,FIFTY,DAY,6.3,10.0
1436406120,-36.88823989 174.79832089,URBAN,FIFTY,DAY,7.2,10.0
1436406121,-36.88825067 174.79830402,URBAN,FIFTY,DAY,7.2,10.0
1436406122,-36.88825971 174.79828681,URBAN,FIFTY,DAY,7.2,10.0
1436406123,-36.8882675 174.79826797,URBAN,FIFTY,DAY,7.2,10.0
1436406124,-36.88827449 174.79824841,URBAN,FIFTY,DAY,7.2,10.0
1436406125,-36.88828275 174.79822851,URBAN,FIFTY,DAY,7.2,10.0
1436406126,-36.88829329 174.7982095,URBAN,FIFTY,DAY,7.2,10.0
1436406127,-36.8883064 174.7981898,URBAN,FIFTY,DAY,7.2,10.0
1436406128,-36.88832152 174.79816983,URBAN,FIFTY,DAY,7.2,10.0
1436406129,-36.88834146 174.79814562,URBAN,FIFTY,DAY,9.0,10.0
1436406130,-36.88835897 174.79812329,URBAN,FIFTY,DAY,9.0,10.0
1436406131,-36.88837546 174.79809915,URBAN,FIFTY,DAY,9.0,10.0
1436406132,-36.88839073 174.79807187,URBAN,FIFTY,DAY,9.0,10.0
1436406133,-36.88840502 174.79804389,URBAN,FIFTY,DAY,9.0,10.0
1436406134,-36.88841511 174.79801761,URBAN,FIFTY,DAY,9.0,10.0
1436406135,-36.88843017 174.79799053,URBAN,FIFTY,DAY,9.0,10.0
1436406136,-36.88844504 174.79796454,URBAN,FIFTY,DAY,9.0,10.0
1436406137,-36.88845875 174.79793951,URBAN,FIFTY,DAY,9.0,11.0
1436406138,-36.88846934 174.79791901,URBAN,FIFTY,DAY,9.0,10.0
1436406139,-36.8884747 174.7979,URBAN,FIFTY,DAY,8.1,10.0
1436406140,-36.88847584 174.79788702,URBAN,FIFTY,DAY,5.4,10.0
1436406141,-36.88847713 174.79787562,URBAN,FIFTY,DAY,5.4,10.0
1436406142,-36.88847761 174.79786673,URBAN,FIFTY,DAY,4.5,10.0
1436406143,-36.88847954 174.79785998,URBAN,FIFTY,DAY,3.6,10.0
1436406144,-36.8884801 174.79785709,URBAN,FIFTY,DAY,2.7,10.0
1436406145,-36.88848089 174.79785552,URBAN,FIFTY,DAY,1.8,10.0
1436406146,-36.88847286 174.7978608,URBAN,FIFTY,DAY,0.0,10.0
1436406147,-36.88846842 174.79786385,URBAN,FIFTY,DAY,0.0,11.0
1436406148,-36.88846494 174.79786622,URBAN,FIFTY,DAY,0.0,11.0
1436406149,-36.88846288 174.79786792,URBAN,FIFTY,DAY,0.0,11.0
1436406150,-36.88846265 174.79786995,URBAN,FIFTY,DAY,0.0,11.0
1436406151,-36.88846093 174.79787188,URBAN,FIFTY,DAY,0.0,11.0
1436406152,-36.88846137 174.79787124,URBAN,FIFTY,DAY,0.9,11.0
1436406153,-36.88846391 174.79786391,URBAN,FIFTY,DAY,1.8,11.0
1436406154,-36.88846697 174.79785234,URBAN,FIFTY,DAY,2.7,11.0
1436406155,-36.88848463 174.79783041,URBAN,FIFTY,DAY,5.4,10.0
1436406156,-36.88850264 174.797815,URBAN,FIFTY,DAY,4.5,10.0
1436406157,-36.88851733 174.79780206,URBAN,FIFTY,DAY,4.5,9.0
1436406158,-36.8885307 174.79779339,URBAN,FIFTY,DAY,4.5,9.0
1436406159,-36.88854589 174.79778696,URBAN,FIFTY,DAY,4.5,9.0
1436406160,-36.88856164 174.79778236,URBAN,FIFTY,DAY,4.5,10.0
1436406161,-36.88857284 174.7977754,URBAN,FIFTY,DAY,4.5,9.0
1436406162,-36.88858036 174.79776673,URBAN,FIFTY,DAY,4.5,9.0
1436406163,-36.8885871 174.79775823,URBAN,FIFTY,DAY,4.5,9.0
1436406164,-36.88859355 174.79775047,URBAN,FIFTY,DAY,4.5,9.0
1436406165,-36.88859972 174.79774468,URBAN,FIFTY,DAY,3.6,9.0
1436406166,-36.88860203 174.79774172,URBAN,FIFTY,DAY,2.7,10.0
1436406167,-36.88860635 174.79773682,URBAN,FIFTY,DAY,2.7,10.0
1436406168,-36.8886146 174.79772843,URBAN,FIFTY,DAY,3.6,9.0
1436406169,-36.88862497 174.79771704,URBAN,FIFTY,DAY,4.5,9.0
1436406170,-36.8886357 174.79770731,URBAN,FIFTY,DAY,4.5,9.0
1436406171,-36.888647 174.79769813,URBAN,FIFTY,DAY,4.5,9.0
1436406172,-36.88865631 174.79769116,URBAN,FIFTY,DAY,4.5,9.0
1436406173,-36.88866711 174.79768367,URBAN,FIFTY,DAY,4.5,9.0
1436406174,-36.8886797 174.79767593,URBAN,FIFTY,DAY,5.4,9.0
1436406175,-36.88869888 174.79766232,URBAN,FIFTY,DAY,6.3,10.0
1436406176,-36.88877245 174.79762916,URBAN,FIFTY,DAY,24.3,9.0
1436406177,-36.88890271 174.7975799,URBAN,FIFTY,DAY,28.8,10.0
1436406178,-36.88897243 174.79753502,MOTORWAY,FIFTY,DAY,32.4,10.0
1436406179,-36.88901237 174.79745203,MOTORWAY,HUNDRED,DAY,32.4,10.0
1436406180,-36.889074 174.79734903,MOTORWAY,HUNDRED,DAY,35.1,9.0
1436406181,-36.88911677 174.79724656,URBAN,FIFTY,DAY,36.0,9.0
1436406182,-36.88914658 174.79714653,URBAN,FIFTY,DAY,34.2,9.0
1436406183,-36.8891565 174.79705063,URBAN,FIFTY,DAY,31.5,10.0
1436406184,-36.8891632 174.79696305,URBAN,FIFTY,DAY,29.7,10.0
1436406185,-36.88914351 174.79689696,URBAN,FIFTY,DAY,27.0,10.0
1436406186,-36.88910112 174.79682816,URBAN,FIFTY,DAY,27.900000000000002,9.0
1436406187,-36.88904274 174.79677438,URBAN,FIFTY,DAY,28.8,10.0
1436406188,-36.88897202 174.79672775,URBAN,FIFTY,DAY,32.4,9.0
1436406189,-36.88889006 174.79667562,URBAN,FIFTY,DAY,35.1,10.0
1436406190,-36.88881969 174.79660128,URBAN,FIFTY,DAY,37.800000000000004,10.0
1436406191,-36.88875955 174.79649767,URBAN,FIFTY,DAY,42.300000000000004,9.0
1436406192,-36.88868896 174.79636978,URBAN,FIFTY,DAY,47.7,9.0
1436406193,-36.8886176 174.79622529,URBAN,FIFTY,DAY,52.2,9.0
1436406194,-36.88853855 174.79608905,URBAN,HUNDRED,DAY,54.0,9.0
1436406195,-36.88846952 174.79593579,URBAN,HUNDRED,DAY,55.800000000000004,9.0
1436406196,-36.88838994 174.79578806,URBAN,HUNDRED,DAY,56.7,10.0
1436406197,-36.88831608 174.79563061,URBAN,HUNDRED,DAY,57.6,10.0
1436406198,-36.88825125 174.79547889,URBAN,HUNDRED,DAY,57.6,10.0
1436406199,-36.88817097 174.79532121,URBAN,HUNDRED,DAY,58.5,10.0
1436406200,-36.88809594 174.79516521,URBAN,HUNDRED,DAY,58.5,10.0
1436406201,-36.88802371 174.79501143,URBAN,HUNDRED,DAY,58.5,9.0
1436406202,-36.88795324 174.79485719,URBAN,HUNDRED,DAY,59.4,9.0
1436406203,-36.88787672 174.79470866,URBAN,HUNDRED,DAY,58.5,10.0
1436406204,-36.88779779 174.79454088,URBAN,HUNDRED,DAY,61.2,9.0
1436406205,-36.88769963 174.79437582,URBAN,HUNDRED,DAY,63.0,9.0
1436406206,-36.88762001 174.79421237,URBAN,HUNDRED,DAY,63.0,9.0
1436406207,-36.88753335 174.79404622,URBAN,HUNDRED,DAY,63.9,9.0
1436406208,-36.88745383 174.79386862,URBAN,HUNDRED,DAY,64.8,9.0
1436406209,-36.88735887 174.7936837,MOTORWAY,HUNDRED,DAY,65.7,9.0
1436406210,-36.8872802 174.79351783,MOTORWAY,HUNDRED,DAY,66.60000000000001,9.0
1436406211,-36.88719435 174.79333147,MOTORWAY,HUNDRED,DAY,66.60000000000001,9.0
1436406212,-36.88710692 174.79315357,MOTORWAY,HUNDRED,DAY,67.5,9.0
1436406213,-36.88700942 174.79297347,MOTORWAY,HUNDRED,DAY,69.3,9.0
1436406214,-36.88691513 174.7928103,MOTORWAY,HUNDRED,DAY,68.4,9.0
1436406215,-36.88682259 174.79262692,MOTORWAY,HUNDRED,DAY,66.60000000000001,9.0
1436406216,-36.88672543 174.79246248,MOTORWAY,HUNDRED,DAY,64.8,9.0
1436406217,-36.88663567 174.79229387,MOTORWAY,HUNDRED,DAY,63.9,9.0
1436406218,-36.88654765 174.79214268,MOTORWAY,HUNDRED,DAY,63.0,9.0
1436406219,-36.88645369 174.791985,MOTORWAY,HUNDRED,DAY,62.1,9.0
1436406220,-36.88635527 174.79182215,MOTORWAY,HUNDRED,DAY,62.1,10.0
1436406221,-36.88626495 174.79165406,MOTORWAY,HUNDRED,DAY,62.1,9.0
1436406222,-36.88617222 174.79152182,MOTORWAY,HUNDRED,DAY,62.1,9.0
1436406223,-36.8860723 174.7913637,MOTORWAY,HUNDRED,DAY,63.0,9.0
1436406224,-36.88598402 174.79121065,MOTORWAY,HUNDRED,DAY,63.9,9.0
1436406225,-36.88587445 174.79104674,MOTORWAY,HUNDRED,DAY,65.7,9.0
1436406226,-36.88577624 174.79088556,MOTORWAY,HUNDRED,DAY,66.60000000000001,9.0
1436406227,-36.88567683 174.79072394,MOTORWAY,HUNDRED,DAY,66.60000000000001,9.0
1436406228,-36.88556881 174.79055007,MOTORWAY,HUNDRED,DAY,67.5,9.0
1436406229,-36.88545232 174.79038086,MOTORWAY,HUNDRED,DAY,68.4,10.0
1436406230,-36.88534117 174.79022541,MOTORWAY,HUNDRED,DAY,68.4,10.0
1436406231,-36.88523824 174.7900659,MOTORWAY,HUNDRED,DAY,66.60000000000001,10.0
1436406232,-36.88511505 174.7899194,MOTORWAY,HUNDRED,DAY,65.7,10.0
1436406233,-36.88499852 174.78976023,MOTORWAY,HUNDRED,DAY,64.8,10.0
1436406234,-36.88488489 174.78960887,MOTORWAY,HUNDRED,DAY,64.8,10.0
1436406235,-36.88477115 174.78946832,MOTORWAY,HUNDRED,DAY,63.9,10.0
1436406236,-36.88464648 174.78932082,MOTORWAY,HUNDRED,DAY,64.8,10.0
1436406237,-36.8845432 174.789174,MOTORWAY,HUNDRED,DAY,63.9,11.0
1436406238,-36.8844339 174.78903693,MOTORWAY,HUNDRED,DAY,64.8,10.0
1436406239,-36.88430759 174.78889847,MOTORWAY,HUNDRED,DAY,63.9,10.0
1436406240,-36.88417674 174.78875585,MOTORWAY,HUNDRED,DAY,65.7,11.0
1436406241,-36.88402525 174.78859137,MOTORWAY,HUNDRED,DAY,68.4,11.0
1436406242,-36.88390236 174.78846778,MOTORWAY,HUNDRED,DAY,66.60000000000001,11.0
1436406243,-36.88377728 174.78834739,MOTORWAY,HUNDRED,DAY,65.7,11.0
1436406244,-36.88365493 174.78820756,MOTORWAY,HUNDRED,DAY,66.60000000000001,12.0
1436406245,-36.88354508 174.78805634,MOTORWAY,HUNDRED,DAY,67.5,12.0
1436406246,-36.88342106 174.78791788,MOTORWAY,HUNDRED,DAY,69.3,12.0
1436406247,-36.88330907 174.78777589,MOTORWAY,HUNDRED,DAY,68.4,12.0
1436406248,-36.88316461 174.78764583,MOTORWAY,HUNDRED,DAY,69.3,11.0
1436406249,-36.88302453 174.78750643,MOTORWAY,HUNDRED,DAY,68.4,11.0
1436406250,-36.88288954 174.78736747,MOTORWAY,HUNDRED,DAY,68.4,10.0
1436406251,-36.88277306 174.78723888,MOTORWAY,HUNDRED,DAY,68.4,10.0
1436406252,-36.88263194 174.78710079,MOTORWAY,HUNDRED,DAY,70.2,10.0
1436406253,-36.88250129 174.7869589,MOTORWAY,HUNDRED,DAY,70.2,10.0
1436406254,-36.8823644 174.78683373,MOTORWAY,HUNDRED,DAY,70.2,10.0
1436406255,-36.88222085 174.78669643,MOTORWAY,HUNDRED,DAY,71.10000000000001,11.0
1436406256,-36.88206206 174.78656351,MOTORWAY,HUNDRED,DAY,72.0,11.0
1436406257,-36.88192963 174.78641741,MOTORWAY,HUNDRED,DAY,70.2,11.0
1436406258,-36.88180469 174.7862776,MOTORWAY,HUNDRED,DAY,72.0,12.0
1436406271,-36.88013432 174.78450986,MOTORWAY,HUNDRED,DAY,64.8,16.0
1436406272,-36.87995859 174.78438297,MOTORWAY,HUNDRED,DAY,63.9,13.0
1436406273,-36.87985919 174.78431058,MOTORWAY,HUNDRED,DAY,64.8,11.0
1436406274,-36.8797327 174.78420976,MOTORWAY,HUNDRED,DAY,65.7,9.0
1436406275,-36.87962461 174.78407848,MOTORWAY,HUNDRED,DAY,66.60000000000001,8.0
1436406276,-36.87951475 174.78397476,MOTORWAY,HUNDRED,DAY,68.4,6.0
1436406277,-36.87938625 174.78383662,MOTORWAY,HUNDRED,DAY,68.4,5.0
1436406278,-36.87926279 174.78369575,MOTORWAY,HUNDRED,DAY,68.4,4.0
1436406279,-36.87913153 174.7835917,MOTORWAY,HUNDRED,DAY,67.5,4.0
1436406280,-36.87900193 174.78346718,MOTORWAY,HUNDRED,DAY,66.60000000000001,5.0
1436406281,-36.87888309 174.78335518,MOTORWAY,HUNDRED,DAY,67.5,4.0
1436406282,-36.87873909 174.78324608,MOTORWAY,HUNDRED,DAY,66.60000000000001,5.0
1436406283,-36.87860145 174.78312638,MOTORWAY,HUNDRED,DAY,66.60000000000001,7.0
1436406284,-36.87845015 174.78300909,MOTORWAY,HUNDRED,DAY,68.4,5.0
1436406285,-36.87833123 174.78285826,MOTORWAY,HUNDRED,DAY,69.3,6.0
1436406286,-36.87820221 174.78270572,MOTORWAY,HUNDRED,DAY,70.2,5.0
1436406287,-36.87806129 174.78257658,MOTORWAY,EIGHTY,DAY,71.10000000000001,6.0
1436406288,-36.87791714 174.78245174,MOTORWAY,EIGHTY,DAY,72.9,4.0
1436406289,-36.87775897 174.78229774,MOTORWAY,EIGHTY,DAY,73.8,4.0
1436406290,-36.87761383 174.78215336,MOTORWAY,EIGHTY,DAY,73.8,5.0
1436406291,-36.87745537 174.78203054,MOTORWAY,EIGHTY,DAY,74.7,5.0
1436406292,-36.87729432 174.78189115,MOTORWAY,EIGHTY,DAY,74.7,5.0
1436406293,-36.87714279 174.78174991,MOTORWAY,EIGHTY,DAY,75.60000000000001,5.0
1436406294,-36.87698704 174.78161156,MOTORWAY,EIGHTY,DAY,76.5,4.0
1436406295,-36.87682021 174.78147392,MOTORWAY,EIGHTY,DAY,76.5,4.0
1436406296,-36.87665281 174.78134731,MOTORWAY,EIGHTY,DAY,77.4,4.0
1436406297,-36.87649312 174.78120898,MOTORWAY,EIGHTY,DAY,77.4,4.0
1436406298,-36.87633666 174.78107544,MOTORWAY,EIGHTY,DAY,77.4,4.0
1436406299,-36.87617407 174.78094266,MOTORWAY,EIGHTY,DAY,78.3,4.0
1436406300,-36.87601165 174.78080923,MOTORWAY,EIGHTY,DAY,76.5,4.0
1436406301,-36.87586379 174.78067526,MOTORWAY,EIGHTY,DAY,77.4,3.0
1436406302,-36.87571497 174.780537,MOTORWAY,EIGHTY,DAY,77.4,3.0
1436406303,-36.8755591 174.78038826,MOTORWAY,EIGHTY,DAY,77.4,3.0
1436406304,-36.87541324 174.78022847,MOTORWAY,EIGHTY,DAY,77.4,3.0
1436406305,-36.87527919 174.7800567,MOTORWAY,EIGHTY,DAY,76.5,3.0
1436406306,-36.8751364 174.77989229,MOTORWAY,EIGHTY,DAY,76.5,3.0
1436406307,-36.87500999 174.77972134,MOTORWAY,EIGHTY,DAY,76.5,4.0
1436406308,-36.87487121 174.77952828,MOTORWAY,EIGHTY,DAY,76.5,4.0
1436406309,-36.8747574 174.77934757,MOTORWAY,EIGHTY,DAY,76.5,3.0
1436406310,-36.87464307 174.77915107,MOTORWAY,EIGHTY,DAY,76.5,3.0
1436406311,-36.8745249 174.77895249,MOTORWAY,EIGHTY,DAY,77.4,3.0
1436406312,-36.87441491 174.7787486,MOTORWAY,EIGHTY,DAY,77.4,3.0
1436406313,-36.87431097 174.77855859,MOTORWAY,EIGHTY,DAY,76.5,3.0
1436406314,-36.87421173 174.77836241,MOTORWAY,EIGHTY,DAY,75.60000000000001,3.0
1436406315,-36.87411485 174.77815425,MOTORWAY,EIGHTY,DAY,76.5,4.0
1436406316,-36.87402019 174.77794372,MOTORWAY,EIGHTY,DAY,76.5,3.0
1436406317,-36.87394619 174.77772785,MOTORWAY,EIGHTY,DAY,76.5,3.0
1436406318,-36.87386557 174.7775184,MOTORWAY,EIGHTY,DAY,77.4,3.0
1436406319,-36.87377714 174.77729949,MOTORWAY,EIGHTY,DAY,77.4,3.0
1436406320,-36.87369652 174.77708514,URBAN,FIFTY,DAY,76.5,3.0
1436406321,-36.87360807 174.77686334,MOTORWAY,EIGHTY,DAY,76.5,3.0
1436406322,-36.87352325 174.77663663,MOTORWAY,EIGHTY,DAY,76.5,3.0
1436406323,-36.87345117 174.7764209,MOTORWAY,EIGHTY,DAY,75.60000000000001,4.0
1436406324,-36.87337315 174.77620122,MOTORWAY,EIGHTY,DAY,74.7,4.0
1436406325,-36.87328609 174.77601648,MOTORWAY,EIGHTY,DAY,73.8,4.0
1436406326,-36.87319543 174.77581203,MOTORWAY,EIGHTY,DAY,72.9,4.0
1436406327,-36.87310807 174.77561242,MOTORWAY,EIGHTY,DAY,71.10000000000001,5.0
1436406328,-36.87304279 174.77542431,MOTORWAY,EIGHTY,DAY,69.3,4.0
1436406329,-36.87296064 174.77525567,MOTORWAY,EIGHTY,DAY,69.3,4.0
1436406330,-36.87287638 174.77507327,MOTORWAY,EIGHTY,DAY,69.3,4.0
1436406331,-36.87278605 174.7748797,MOTORWAY,EIGHTY,DAY,70.2,3.0
1436406332,-36.87269778 174.77470585,MOTORWAY,EIGHTY,DAY,70.2,9.0
1436406333,-36.87260401 174.77452301,MOTORWAY,EIGHTY,DAY,72.0,9.0
1436406334,-36.8725048 174.77434271,URBAN,FIFTY,DAY,71.10000000000001,10.0
1436406335,-36.8723929 174.77415511,URBAN,FIFTY,DAY,73.8,10.0
1436406336,-36.87228027 174.77399409,MOTORWAY,EIGHTY,DAY,71.10000000000001,10.0
1436406337,-36.87215528 174.77381215,MOTORWAY,EIGHTY,DAY,72.0,10.0
1436406338,-36.87203465 174.77363354,MOTORWAY,EIGHTY,DAY,72.0,10.0
1436406339,-36.87192986 174.77345963,MOTORWAY,EIGHTY,DAY,72.0,9.0
1436406340,-36.8717932 174.77329223,MOTORWAY,EIGHTY,DAY,72.9,10.0
1436406341,-36.87165969 174.77314617,MOTORWAY,EIGHTY,DAY,72.9,10.0
1436406342,-36.87153522 174.77296771,MOTORWAY,EIGHTY,DAY,73.8,12.0
1436406343,-36.87137287 174.77283131,MOTORWAY,EIGHTY,DAY,73.8,12.0
1436406344,-36.87125718 174.77267853,MOTORWAY,EIGHTY,DAY,70.2,12.0
1436406345,-36.87116577 174.77257079,URBAN,EIGHTY,DAY,64.8,12.0
1436406346,-36.8710647 174.77247618,URBAN,EIGHTY,DAY,58.5,11.0
1436406347,-36.87094506 174.77237674,URBAN,EIGHTY,DAY,54.9,10.0
1436406348,-36.87084113 174.77228394,URBAN,EIGHTY,DAY,53.1,10.0
1436406349,-36.87073763 174.77219124,URBAN,EIGHTY,DAY,51.300000000000004,10.0
1436406350,-36.87063908 174.77209638,URBAN,EIGHTY,DAY,50.4,10.0
1436406351,-36.870549 174.77196932,URBAN,EIGHTY,DAY,49.5,10.0
1436406352,-36.87044465 174.77187322,MOTORWAY,EIGHTY,DAY,49.5,10.0
1436406353,-36.87034899 174.77176717,MOTORWAY,EIGHTY,DAY,49.5,10.0
1436406354,-36.87026169 174.77165666,MOTORWAY,EIGHTY,DAY,48.6,10.0
1436406355,-36.87017203 174.7715744,MOTORWAY,EIGHTY,DAY,47.7,10.0
1436406356,-36.870093 174.77146714,MOTORWAY,EIGHTY,DAY,45.9,9.0
1436406357,-36.87000287 174.77138127,MOTORWAY,FIFTY,DAY,45.0,10.0
1436406358,-36.86992051 174.77128267,MOTORWAY,EIGHTY,DAY,45.9,10.0
1436406359,-36.86983413 174.77117053,MOTORWAY,EIGHTY,DAY,47.7,10.0
1436406360,-36.86975862 174.77104367,MOTORWAY,EIGHTY,DAY,48.6,11.0
1436406361,-36.86966185 174.77093473,MOTORWAY,EIGHTY,DAY,47.7,10.0
1436406362,-36.8695719 174.77083475,MOTORWAY,EIGHTY,DAY,49.5,10.0
1436406363,-36.86948746 174.77071434,MOTORWAY,EIGHTY,DAY,50.4,11.0
1436406364,-36.86937757 174.77058886,MOTORWAY,EIGHTY,DAY,53.1,11.0
1436406365,-36.86929578 174.77046806,MOTORWAY,EIGHTY,DAY,54.0,11.0
1436406366,-36.86919492 174.77033542,MOTORWAY,EIGHTY,DAY,55.800000000000004,11.0
1436406367,-36.86911327 174.77021706,URBAN,EIGHTY,DAY,55.800000000000004,11.0
1436406368,-36.86901007 174.77008279,URBAN,EIGHTY,DAY,56.7,12.0
1436406369,-36.86889907 174.76994473,URBAN,EIGHTY,DAY,58.5,13.0
1436406370,-36.8688345 174.76980759,URBAN,EIGHTY,DAY,56.7,14.0
1436406371,-36.86875987 174.76968953,URBAN,FIFTY,DAY,54.9,16.0
1436406372,-36.86867452 174.76953901,URBAN,EIGHTY,DAY,56.7,13.0
1436406373,-36.86857714 174.76939977,URBAN,EIGHTY,DAY,57.6,14.0
1436406374,-36.86847348 174.76928148,URBAN,EIGHTY,DAY,55.800000000000004,14.0
1436406375,-36.86837191 174.76919035,URBAN,EIGHTY,DAY,54.0,14.0
1436406376,-36.86824731 174.76906999,URBAN,EIGHTY,DAY,56.7,14.0
1436406377,-36.86814612 174.7689111,URBAN,EIGHTY,DAY,58.5,14.0
1436406378,-36.86807949 174.76877082,URBAN,EIGHTY,DAY,54.0,13.0
1436406379,-36.86799862 174.76868643,URBAN,EIGHTY,DAY,53.1,12.0
1436406380,-36.86791674 174.76857074,URBAN,EIGHTY,DAY,52.2,12.0
1436406381,-36.86780421 174.76847495,MOTORWAY,EIGHTY,DAY,54.0,12.0
1436406382,-36.86771405 174.76833359,URBAN,EIGHTY,DAY,53.1,12.0
1436406383,-36.86761887 174.76822298,URBAN,EIGHTY,DAY,52.2,12.0
1436406384,-36.86751492 174.76812636,URBAN,EIGHTY,DAY,50.4,12.0
1436406385,-36.86741886 174.76807319,MOTORWAY,EIGHTY,DAY,45.9,13.0
1436406386,-36.86734096 174.76801074,MOTORWAY,EIGHTY,DAY,41.4,12.0
1436406387,-36.86726535 174.76796836,MOTORWAY,EIGHTY,DAY,38.7,11.0
1436406388,-36.86718248 174.7679055,MOTORWAY,EIGHTY,DAY,40.5,11.0
1436406389,-36.86709112 174.76782156,MOTORWAY,EIGHTY,DAY,43.2,12.0
1436406390,-36.86697905 174.76775174,MOTORWAY,EIGHTY,DAY,45.9,12.0
1436406391,-36.86686969 174.76769519,MOTORWAY,EIGHTY,DAY,47.7,10.0
1436406392,-36.86674865 174.76764306,MOTORWAY,EIGHTY,DAY,47.7,10.0
1436406393,-36.86664259 174.76758024,MOTORWAY,EIGHTY,DAY,46.800000000000004,9.0
1436406394,-36.86653069 174.7675223,URBAN,EIGHTY,DAY,45.0,9.0
1436406395,-36.86641809 174.76747528,URBAN,EIGHTY,DAY,45.0,9.0
1436406396,-36.86630325 174.76742714,URBAN,EIGHTY,DAY,46.800000000000004,9.0
1436406397,-36.86618603 174.76738788,URBAN,FIFTY,DAY,48.6,9.0
1436406398,-36.86606948 174.76734252,URBAN,EIGHTY,DAY,50.4,9.0
1436406399,-36.8659446 174.76729958,URBAN,EIGHTY,DAY,52.2,9.0
1436406400,-36.86581045 174.76726233,URBAN,EIGHTY,DAY,54.0,9.0
1436406401,-36.86567246 174.76722226,URBAN,FIFTY,DAY,55.800000000000004,9.0
1436406402,-36.86554093 174.76718006,URBAN,FIFTY,DAY,56.7,10.0
1436406403,-36.86539276 174.76713394,URBAN,EIGHTY,DAY,59.4,10.0
1436406404,-36.86524042 174.76706253,MOTORWAY,EIGHTY,DAY,61.2,10.0
1436406405,-36.86509367 174.76699585,MOTORWAY,EIGHTY,DAY,62.1,9.0
1436406406,-36.86495576 174.76691837,MOTORWAY,EIGHTY,DAY,62.1,9.0
1436406407,-36.86482443 174.76684023,MOTORWAY,EIGHTY,DAY,61.2,10.0
1436406408,-36.8646838 174.76674494,MOTORWAY,EIGHTY,DAY,61.2,10.0
1436406409,-36.86456532 174.76662439,MOTORWAY,EIGHTY,DAY,61.2,11.0
1436406410,-36.86444639 174.76648044,MOTORWAY,EIGHTY,DAY,64.8,10.0
1436406411,-36.86432303 174.76633469,MOTORWAY,EIGHTY,DAY,66.60000000000001,11.0
1436406412,-36.86419368 174.76620276,MOTORWAY,EIGHTY,DAY,65.7,12.0
1436406413,-36.86406084 174.76606422,MOTORWAY,EIGHTY,DAY,67.5,12.0
1436406414,-36.86394485 174.76589684,MOTORWAY,EIGHTY,DAY,71.10000000000001,11.0
1436406415,-36.86381801 174.76570584,MOTORWAY,EIGHTY,DAY,72.0,11.0
1436406416,-36.86374442 174.7654864,MOTORWAY,EIGHTY,DAY,74.7,12.0
1436406417,-36.86367993 174.7652921,MOTORWAY,EIGHTY,DAY,72.0,11.0
1436406418,-36.86358659 174.76510015,MOTORWAY,EIGHTY,DAY,72.0,12.0
1436406419,-36.86349016 174.76492978,MOTORWAY,EIGHTY,DAY,69.3,14.0
1436406420,-36.8633793 174.76470074,MOTORWAY,EIGHTY,DAY,75.60000000000001,12.0
1436406421,-36.86325816 174.76450433,MOTORWAY,EIGHTY,DAY,73.8,12.0
1436406422,-36.86312434 174.76433664,MOTORWAY,EIGHTY,DAY,74.7,13.0
1436406423,-36.86298676 174.7641455,URBAN,EIGHTY,DAY,78.3,14.0
1436406424,-36.8628028 174.76399253,URBAN,EIGHTY,DAY,84.60000000000001,14.0
1436406425,-36.86263862 174.76395836,MOTORWAY,EIGHTY,DAY,76.5,13.0
1436406426,-36.86243312 174.76395606,MOTORWAY,EIGHTY,DAY,77.4,13.0
1436406427,-36.86221269 174.76395883,MOTORWAY,EIGHTY,DAY,81.9,12.0
1436406428,-36.8619918 174.76394646,MOTORWAY,EIGHTY,DAY,81.9,13.0
1436406429,-36.86179107 174.76393184,MOTORWAY,EIGHTY,DAY,86.4,13.0
1436406430,-36.86159146 174.76395499,MOTORWAY,EIGHTY,DAY,86.4,13.0
1436406431,-36.8613669 174.76406678,MOTORWAY,EIGHTY,DAY,87.3,12.0
1436406432,-36.86117186 174.76413565,MOTORWAY,EIGHTY,DAY,82.8,12.0
1436406433,-36.86095208 174.76420585,MOTORWAY,EIGHTY,DAY,84.60000000000001,13.0
1436406434,-36.86076114 174.76432916,MOTORWAY,EIGHTY,DAY,85.5,11.0
1436406435,-36.86053493 174.76445534,MOTORWAY,EIGHTY,DAY,87.3,11.0
1436406436,-36.86033554 174.7645884,MOTORWAY,EIGHTY,DAY,88.2,12.0
1436406437,-36.86013385 174.76473627,MOTORWAY,EIGHTY,DAY,90.9,12.0
1436406438,-36.85994455 174.7648873,MOTORWAY,EIGHTY,DAY,89.10000000000001,11.0
1436406439,-36.85976264 174.76506887,MOTORWAY,EIGHTY,DAY,89.10000000000001,11.0
1436406440,-36.85957573 174.76523083,MOTORWAY,EIGHTY,DAY,89.10000000000001,10.0
1436406441,-36.85939358 174.76537727,MOTORWAY,MISCELLANEOUS,DAY,90.0,10.0
1436406442,-36.85921445 174.76554749,MOTORWAY,EIGHTY,DAY,89.10000000000001,11.0
1436406443,-36.85903638 174.76569679,URBAN,EIGHTY,DAY,88.2,10.0
1436406444,-36.85886197 174.7658635,URBAN,EIGHTY,DAY,88.2,10.0
1436406445,-36.85869211 174.76601274,URBAN,EIGHTY,DAY,88.2,11.0
1436406446,-36.85853435 174.76618166,URBAN,EIGHTY,DAY,86.4,12.0
1436406447,-36.85841489 174.76637037,MOTORWAY,EIGHTY,DAY,82.8,12.0
1436406448,-36.85826568 174.76646198,MOTORWAY,EIGHTY,DAY,77.4,12.0
1436406449,-36.85807108 174.76661721,MOTORWAY,EIGHTY,DAY,84.60000000000001,11.0
1436406450,-36.85788894 174.76675117,URBAN,EIGHTY,DAY,85.5,11.0
1436406451,-36.85773804 174.76691281,MOTORWAY,EIGHTY,DAY,85.5,11.0
1436406452,-36.85756847 174.7671012,MOTORWAY,EIGHTY,DAY,89.10000000000001,11.0
1436406453,-36.85737586 174.76725151,MOTORWAY,EIGHTY,DAY,90.0,12.0
1436406454,-36.85721944 174.76740632,MOTORWAY,EIGHTY,DAY,85.5,14.0
1436406455,-36.85706205 174.76754885,MOTORWAY,EIGHTY,DAY,81.0,12.0
1436406456,-36.85689782 174.76768792,URBAN,EIGHTY,DAY,81.0,12.0
1436406457,-36.85673309 174.76781346,URBAN,EIGHTY,DAY,79.2,13.0
1436406458,-36.85659242 174.76793466,URBAN,EIGHTY,DAY,68.4,12.0
1436406459,-36.85646596 174.76801887,URBAN,EIGHTY,DAY,63.0,13.0
1436406460,-36.85632554 174.76814445,URBAN,EIGHTY,DAY,63.0,14.0
1436406461,-36.85621146 174.76824276,URBAN,EIGHTY,DAY,62.1,14.0
1436406462,-36.85609544 174.76838051,URBAN,EIGHTY,DAY,63.0,14.0
1436406463,-36.85593594 174.76847747,URBAN,EIGHTY,DAY,61.2,12.0
1436406464,-36.85578427 174.76857185,URBAN,EIGHTY,DAY,60.300000000000004,12.0
1436406465,-36.85564116 174.76863475,URBAN,EIGHTY,DAY,57.6,11.0
1436406466,-36.85552749 174.76869066,URBAN,EIGHTY,DAY,52.2,11.0
1436406467,-36.85542685 174.76876976,URBAN,EIGHTY,DAY,45.9,11.0
1436406468,-36.85533761 174.7688592,URBAN,FIFTY,DAY,42.300000000000004,11.0
1436406469,-36.8552867 174.76890759,URBAN,FIFTY,DAY,34.2,11.0
1436406470,-36.85522115 174.76897475,URBAN,FIFTY,DAY,33.300000000000004,12.0
1436406471,-36.85519973 174.76897204,URBAN,FIFTY,DAY,16.2,11.0
1436406472,-36.85517239 174.76898551,URBAN,FIFTY,DAY,15.3,11.0
1436406473,-36.85514859 174.7690234,URBAN,FIFTY,DAY,15.3,12.0
1436406474,-36.85511258 174.76904387,URBAN,FIFTY,DAY,14.4,13.0
1436406475,-36.85516212 174.76899908,URBAN,FIFTY,DAY,0.0,10.0
1436406476,-36.85516529 174.76899003,URBAN,FIFTY,DAY,0.0,10.0
1436406477,-36.85518075 174.76897344,URBAN,FIFTY,DAY,0.0,10.0
1436406478,-36.85518846 174.76898112,URBAN,FIFTY,DAY,0.0,10.0
1436406479,-36.85519293 174.76898042,URBAN,FIFTY,DAY,0.0,10.0
1436406480,-36.85519409 174.76898414,URBAN,FIFTY,DAY,0.0,10.0
1436406481,-36.85520066 174.76899106,URBAN,FIFTY,DAY,0.0,9.0
1436406482,-36.85519983 174.7689917,URBAN,FIFTY,DAY,0.9,9.0
1436406483,-36.85518383 174.76899121,URBAN,FIFTY,DAY,7.2,9.0
1436406484,-36.85516445 174.76902693,URBAN,FIFTY,DAY,13.5,9.0
1436406485,-36.85511582 174.76906103,URBAN,FIFTY,DAY,19.8,9.0
1436406486,-36.85505907 174.76911305,URBAN,FIFTY,DAY,23.400000000000002,9.0
1436406487,-36.85501184 174.76915672,URBAN,FIFTY,DAY,24.3,9.0
1436406488,-36.85497314 174.76920281,URBAN,FIFTY,DAY,23.400000000000002,10.0
1436406489,-36.85493714 174.76924943,URBAN,FIFTY,DAY,21.6,11.0
1436406490,-36.85505366 174.76937601,URBAN,FIFTY,DAY,31.5,5.0
1436406491,-36.85510942 174.769445,URBAN,FIFTY,DAY,30.6,6.0
1436406492,-36.85521268 174.76952693,URBAN,FIFTY,DAY,38.7,5.0
1436406493,-36.85530647 174.76958878,URBAN,FIFTY,DAY,42.300000000000004,5.0
1436406494,-36.85541317 174.76965265,URBAN,FIFTY,DAY,43.2,5.0
1436406495,-36.85553293 174.76970822,URBAN,FIFTY,DAY,45.0,5.0
1436406496,-36.85563043 174.76975263,URBAN,FIFTY,DAY,43.2,5.0
1436406497,-36.85572506 174.7697954,URBAN,FIFTY,DAY,39.6,4.0
1436406498,-36.8558018 174.76983476,URBAN,FIFTY,DAY,35.1,4.0
1436406499,-36.8558852 174.76987747,URBAN,FIFTY,DAY,30.6,4.0
1436406500,-36.85594962 174.76991756,URBAN,FIFTY,DAY,26.1,4.0
1436406501,-36.85596983 174.76998621,URBAN,FIFTY,DAY,23.400000000000002,4.0
1436406502,-36.85595663 174.77006526,URBAN,FIFTY,DAY,22.5,3.0
1436406503,-36.85595551 174.77014013,URBAN,FIFTY,DAY,25.2,4.0
1436406504,-36.85591275 174.77022218,URBAN,FIFTY,DAY,28.8,4.0
1436406505,-36.85586986 174.77031272,URBAN,FIFTY,DAY,34.2,4.0
1436406506,-36.85579978 174.77040356,URBAN,FIFTY,DAY,39.6,4.0
1436406507,-36.85571757 174.77050333,URBAN,FIFTY,DAY,44.1,4.0
1436406508,-36.85563069 174.77061902,URBAN,FIFTY,DAY,45.9,4.0
1436406509,-36.85555351 174.77070029,URBAN,FIFTY,DAY,46.800000000000004,3.0
1436406510,-36.85548032 174.77078377,URBAN,FIFTY,DAY,44.1,3.0
1436406511,-36.85539732 174.77085998,URBAN,FIFTY,DAY,39.6,3.0
1436406512,-36.85530847 174.7709315,URBAN,FIFTY,DAY,39.6,4.0
1436406513,-36.85523646 174.77094387,URBAN,FIFTY,DAY,29.7,3.0
1436406514,-36.85515615 174.77094914,URBAN,FIFTY,DAY,30.6,4.0
1436406515,-36.85508167 174.77094019,URBAN,FIFTY,DAY,31.5,3.0
1436406516,-36.85498859 174.77090987,URBAN,FIFTY,DAY,36.9,3.0
1436406517,-36.85489619 174.77088606,URBAN,FIFTY,DAY,40.5,3.0
1436406518,-36.85479517 174.77086461,URBAN,FIFTY,DAY,41.4,3.0
1436406519,-36.85468924 174.77085231,URBAN,FIFTY,DAY,40.5,3.0
1436406520,-36.85459745 174.77084471,URBAN,FIFTY,DAY,36.9,3.0
1436406521,-36.85452431 174.77082821,URBAN,FIFTY,DAY,32.4,3.0
1436406522,-36.85446533 174.77082139,MOTORWAY,FIFTY,DAY,25.2,3.0
1436406523,-36.85441766 174.77082328,MOTORWAY,FIFTY,DAY,20.7,3.0
1436406524,-36.85437183 174.77081671,URBAN,FIFTY,DAY,18.900000000000002,4.0
1436406525,-36.85431954 174.77080882,URBAN,FIFTY,DAY,21.6,4.0
1436406526,-36.8542709 174.77080057,URBAN,FIFTY,DAY,26.1,4.0
1436406527,-36.85420473 174.77079735,URBAN,FIFTY,DAY,27.0,5.0
1436406528,-36.85413236 174.77078966,URBAN,FIFTY,DAY,28.8,5.0
1436406529,-36.85407745 174.77079222,URBAN,FIFTY,DAY,26.1,6.0
1436406530,-36.85402422 174.77080806,URBAN,FIFTY,DAY,23.400000000000002,7.0
1436406531,-36.85396968 174.77085213,URBAN,FIFTY,DAY,22.5,6.0
1436406532,-36.85391327 174.77088832,URBAN,FIFTY,DAY,21.6,6.0
1436406533,-36.85388326 174.77093683,URBAN,FIFTY,DAY,18.900000000000002,6.0
1436406534,-36.85385122 174.77096121,URBAN,FIFTY,DAY,14.4,7.0
1436406535,-36.85382538 174.77098609,URBAN,FIFTY,DAY,11.700000000000001,7.0
1436406536,-36.85380784 174.77100245,URBAN,FIFTY,DAY,11.700000000000001,7.0
1436406537,-36.85378605 174.77104151,URBAN,FIFTY,DAY,11.700000000000001,7.0
1436406538,-36.85377033 174.77105177,URBAN,FIFTY,DAY,7.2,6.0
1436406539,-36.85377122 174.77107311,URBAN,FIFTY,DAY,3.6,6.0
1436406540,-36.85373832 174.77108767,URBAN,FIFTY,DAY,7.2,6.0
1436406541,-36.85371887 174.7710788,URBAN,FIFTY,DAY,5.4,6.0
1436406542,-36.85370184 174.77106773,URBAN,FIFTY,DAY,8.1,7.0
1436406543,-36.85368651 174.77105378,URBAN,FIFTY,DAY,7.2,8.0
1436406544,-36.85367626 174.77104738,URBAN,FIFTY,DAY,5.4,10.0
