1436403944,-36.90923597 174.89833436,URBAN,FIFTY,DAY,0.9,14.0
1436403945,-36.90926457 174.89836556,URBAN,FIFTY,DAY,0.0,28.0
1436403946,-36.90953189 174.89797001,URBAN,FIFTY,DAY,0.0,18.0
1436403947,-36.90947193 174.89799998,URBAN,FIFTY,DAY,4.0249224,11.0
1436403948,-36.90951421 174.89797919,URBAN,FIFTY,DAY,3.6,10.0
1436403949,-36.90948719 174.89797395,URBAN,FIFTY,DAY,3.6,10.0
1436403950,-36.90946579 174.89799139,URBAN,FIFTY,DAY,3.6,10.0
1436403951,-36.90946441 174.89798891,URBAN,FIFTY,DAY,3.6,10.0
1436403952,-36.90946453 174.89799388,URBAN,FIFTY,DAY,3.6,10.0
1436403953,-36.90946684 174.89799395,URBAN,FIFTY,DAY,3.6,10.0
1436403954,-36.90946868 174.89799243,URBAN,FIFTY,DAY,3.6,10.0
1436403955,-36.90947872 174.89799171,URBAN,FIFTY,DAY,3.6,10.0
1436403956,-36.90947437 174.89798438,URBAN,FIFTY,DAY,3.6,10.0
1436403957,-36.90947482 174.8979843,URBAN,FIFTY,DAY,3.6,10.0
1436403958,-36.90947421 174.89798428,URBAN,FIFTY,DAY,3.6,10.0
1436403959,-36.90947407 174.89798776,URBAN,FIFTY,DAY,3.6,10.0
1436403960,-36.9094739 174.89798747,URBAN,FIFTY,DAY,3.6,10.0
1436403961,-36.90947383 174.89798759,URBAN,FIFTY,DAY,3.6,11.0
1436403962,-36.90947382 174.89798755,URBAN,FIFTY,DAY,3.6,11.0
1436403963,-36.9094705 174.89798524,URBAN,FIFTY,DAY,4.5,11.0
1436403964,-36.90947515 174.89798013,URBAN,FIFTY,DAY,5.0911686000000005,10.0
1436403965,-36.90945917 174.89797897,URBAN,FIFTY,DAY,5.0911686000000005,11.0
1436403966,-36.90944825 174.89798641,URBAN,FIFTY,DAY,5.0911686000000005,11.0
1436403967,-36.90944954 174.89798368,URBAN,FIFTY,DAY,4.5,11.0
1436403968,-36.90945073 174.89797788,URBAN,FIFTY,DAY,4.5,11.0
1436403969,-36.90943531 174.89797257,URBAN,FIFTY,DAY,4.5,11.0
1436403970,-36.90943084 174.8979537,URBAN,FIFTY,DAY,4.0249224,10.0
1436403971,-36.90944308 174.89794334,URBAN,FIFTY,DAY,4.0249224,9.0
1436403972,-36.90945612 174.8979263,URBAN,FIFTY,DAY,3.6,10.0
1436403973,-36.9094515 174.89792586,URBAN,FIFTY,DAY,3.6,9.0
1436403974,-36.90944692 174.89793081,URBAN,FIFTY,DAY,3.6,9.0
1436403975,-36.90944339 174.89793344,URBAN,FIFTY,DAY,4.5,10.0
1436403976,-36.90943819 174.89793496,URBAN,FIFTY,DAY,5.0911686000000005,9.0
1436403977,-36.90943143 174.89793926,URBAN,FIFTY,DAY,5.0911686000000005,10.0
1436403978,-36.9094225 174.89793841,URBAN,FIFTY,DAY,5.7628119600000005,11.0
1436403979,-36.90940613 174.89794154,URBAN,FIFTY,DAY,6.48999216,11.0
1436403980,-36.90939339 174.89796279,URBAN,FIFTY,DAY,7.25603184,11.0
1436403981,-36.90937894 174.89800004,URBAN,FIFTY,DAY,11.384199720000002,11.0
1436403982,-36.90936944 174.89803864,URBAN,FIFTY,DAY,11.384199720000002,11.0
1436403983,-36.9093528 174.89807896,URBAN,FIFTY,DAY,12.24132372,11.0
1436403984,-36.90932622 174.89812852,URBAN,FIFTY,DAY,13.971757320000002,11.0
1436403985,-36.90927308 174.89824491,URBAN,FIFTY,DAY,17.4748392,11.0
1436403986,-36.90925043 174.89828448,URBAN,FIFTY,DAY,15.717823200000002,11.0
1436403987,-36.9092652 174.89825617,URBAN,FIFTY,DAY,6.48999216,10.0
1436403988,-36.90925089 174.89824308,URBAN,FIFTY,DAY,4.5,10.0
1436403989,-36.90925114 174.89826369,URBAN,FIFTY,DAY,6.48999216,9.0
1436403990,-36.90924024 174.89827603,URBAN,FIFTY,DAY,8.0498448,9.0
1436403992,-36.90923448 174.89829108,URBAN,FIFTY,DAY,9.69329664,9.0
1436403992,-36.90918938 174.89827671,URBAN,FIFTY,DAY,12.24132372,9.0
1436403993,-36.90914838 174.89825981,URBAN,FIFTY,DAY,19.23980184,9.0
1436403994,-36.90908856 174.8982176,URBAN,FIFTY,DAY,27.2389428,9.0
1436403995,-36.90901121 174.89817106,URBAN,FIFTY,DAY,34.388949600000004,9.0
1436403996,-36.90892308 174.89811945,URBAN,FIFTY,DAY,38.8670814,9.0
1436403997,-36.90882924 174.89807095,URBAN,FIFTY,DAY,43.3497402,9.0
1436403998,-36.90871572 174.89799438,URBAN,FIFTY,DAY,47.8356588,9.0
1436403999,-36.90859829 174.89791588,URBAN,FIFTY,DAY,49.630737599999996,9.0
1436404000,-36.9084905 174.89784144,URBAN,FIFTY,DAY,51.426162000000005,9.0
1436404001,-36.90837774 174.89776739,URBAN,FIFTY,DAY,53.2218924,9.0
1436404002,-36.90825256 174.89768305,URBAN,FIFTY,DAY,55.0179072,9.0
1436404003,-36.90811771 174.89760463,URBAN,FIFTY,DAY,55.91601,9.0
1436404004,-36.90799336 174.89752509,URBAN,FIFTY,DAY,55.91601,10.0
1436404005,-36.90786866 174.89745602,URBAN,FIFTY,DAY,55.91601,10.0
1436404006,-36.90774604 174.89736418,URBAN,FIFTY,DAY,56.814170399999995,9.0
1436404007,-36.90762395 174.89729371,URBAN,FIFTY,DAY,56.814170399999995,10.0
1436404009,-36.90737186 174.89712379,URBAN,FIFTY,DAY,57.71239200000001,9.0
1436404010,-36.90725257 174.89702986,URBAN,FIFTY,DAY,56.814170399999995,10.0
1436404011,-36.90712256 174.89694118,URBAN,FIFTY,DAY,56.814170399999995,9.0
1436404012,-36.90699243 174.89685819,URBAN,FIFTY,DAY,56.814170399999995,9.0
1436404013,-36.90687752 174.8967661,URBAN,FIFTY,DAY,56.814170399999995,10.0
1436404014,-36.90675535 174.89666775,URBAN,FIFTY,DAY,57.71239200000001,10.0
1436404015,-36.90662156 174.89657345,URBAN,FIFTY,DAY,57.71239200000001,10.0
1436404016,-36.90649417 174.89648557,URBAN,FIFTY,DAY,57.71239200000001,10.0
1436404017,-36.90637541 174.89639861,URBAN,FIFTY,DAY,57.71239200000001,10.0
1436404018,-36.90624677 174.89631491,URBAN,FIFTY,DAY,56.814170399999995,10.0
1436404019,-36.90611589 174.8962343,URBAN,FIFTY,DAY,56.814170399999995,10.0
1436404020,-36.90599368 174.8961562,URBAN,FIFTY,DAY,56.814170399999995,10.0
1436404021,-36.90587769 174.89608208,URBAN,FIFTY,DAY,56.814170399999995,10.0
1436404022,-36.90575949 174.89599263,URBAN,FIFTY,DAY,56.814170399999995,10.0
1436404024,-36.90563361 174.8959216,URBAN,FIFTY,DAY,55.91601,10.0
1436404024,-36.90551142 174.89584063,URBAN,FIFTY,DAY,55.91601,10.0
1436404025,-36.9053974 174.89575714,URBAN,FIFTY,DAY,55.0179072,10.0
1436404026,-36.9052764 174.89567189,URBAN,FIFTY,DAY,55.0179072,10.0
1436404027,-36.90515407 174.89557828,URBAN,FIFTY,DAY,55.0179072,9.0
1436404028,-36.90503043 174.89548832,URBAN,FIFTY,DAY,55.0179072,9.0
1436404029,-36.90490902 174.89540127,URBAN,FIFTY,DAY,55.91601,10.0
1436404030,-36.90478741 174.89531223,URBAN,FIFTY,DAY,55.91601,9.0
1436404031,-36.90465471 174.89521712,URBAN,FIFTY,DAY,55.0179072,9.0
1436404032,-36.90455125 174.89512782,URBAN,FIFTY,DAY,54.1198692,9.0
1436404033,-36.90446261 174.89503675,URBAN,FIFTY,DAY,51.426162000000005,9.0
1436404034,-36.90436532 174.89493444,URBAN,FIFTY,DAY,50.5284048,10.0
1436404035,-36.90426334 174.89483122,URBAN,FIFTY,DAY,49.630737599999996,9.0
1436404036,-36.90417451 174.89474702,URBAN,FIFTY,DAY,46.0409616,9.0
1436404037,-36.90410931 174.89467641,URBAN,FIFTY,DAY,38.8670814,9.0
1436404038,-36.90404595 174.8946062,URBAN,FIFTY,DAY,32.5993896,10.0
1436404039,-36.90399937 174.89453318,URBAN,FIFTY,DAY,29.917386,10.0
1436404040,-36.90398936 174.89443402,URBAN,FIFTY,DAY,29.917386,10.0
1436404041,-36.9040091 174.89434213,URBAN,FIFTY,DAY,29.917386,9.0
1436404042,-36.90403262 174.89426991,URBAN,SIXTY,DAY,31.705045200000004,10.0
1436404043,-36.90408458 174.89414535,URBAN,SIXTY,DAY,41.5562256,9.0
1436404044,-36.90414028 174.89400798,URBAN,SIXTY,DAY,47.8356588,9.0
1436404045,-36.90421308 174.89384882,URBAN,SIXTY,DAY,52.3239912,9.0
1436404046,-36.9042857 174.89368688,URBAN,SIXTY,DAY,55.91601,9.0
1436404047,-36.90436054 174.8935271,URBAN,SIXTY,DAY,57.71239200000001,9.0
1436404048,-36.90443377 174.89335881,URBAN,SIXTY,DAY,59.50899,9.0
1436404049,-36.90449717 174.89319556,URBAN,SIXTY,DAY,61.305793200000004,9.0
1436404050,-36.90457318 174.89303362,URBAN,SIXTY,DAY,62.2042596,9.0
1436404051,-36.90465163 174.89286089,URBAN,SIXTY,DAY,61.305793200000004,9.0
1436404052,-36.90472329 174.89268695,URBAN,SIXTY,DAY,61.305793200000004,9.0
1436404053,-36.90480092 174.89251846,URBAN,SIXTY,DAY,62.2042596,9.0
1436404054,-36.90487856 174.89234761,URBAN,SIXTY,DAY,62.2042596,9.0
1436404055,-36.90495104 174.89217783,URBAN,SIXTY,DAY,61.305793200000004,9.0
1436404056,-36.90502871 174.89201244,URBAN,SIXTY,DAY,61.305793200000004,9.0
1436404057,-36.90509875 174.89184339,URBAN,SIXTY,DAY,62.2042596,9.0
1436404058,-36.90516878 174.89166752,URBAN,SIXTY,DAY,62.2042596,9.0
1436404059,-36.90524132 174.89148414,URBAN,SIXTY,DAY,63.1027692,9.0
1436404061,-36.90531107 174.89131275,URBAN,SIXTY,DAY,63.1027692,9.0
1436404061,-36.90537143 174.89114669,URBAN,SIXTY,DAY,62.2042596,9.0
1436404062,-36.9054444 174.89095545,URBAN,SIXTY,DAY,62.2042596,9.0
1436404063,-36.90551329 174.89078085,URBAN,SIXTY,DAY,61.305793200000004,9.0
1436404064,-36.90558239 174.89061745,URBAN,SIXTY,DAY,59.50899,9.0
1436404065,-36.90564064 174.89045767,URBAN,SIXTY,DAY,56.814170399999995,9.0
1436404066,-36.90570295 174.89030582,URBAN,SIXTY,DAY,55.0179072,9.0
1436404067,-36.90576513 174.890155,URBAN,SIXTY,DAY,52.3239912,9.0
1436404068,-36.90582152 174.89002499,URBAN,SIXTY,DAY,48.733149600000004,9.0
1436404069,-36.9058739 174.8899129,URBAN,SIXTY,DAY,44.2466964,9.0
1436404070,-36.90592099 174.88980393,URBAN,SIXTY,DAY,39.7632996,9.0
1436404071,-36.90596371 174.88970948,URBAN,SIXTY,DAY,36.17955,9.0
1436404072,-36.90600265 174.88962112,URBAN,SIXTY,DAY,33.4940292,9.0
1436404073,-36.90604157 174.88953823,URBAN,SIXTY,DAY,32.5993896,10.0
1436404074,-36.90608125 174.8894575,URBAN,SIXTY,DAY,31.705045200000004,10.0
1436404075,-36.90612207 174.8893683,URBAN,SIXTY,DAY,32.5993896,10.0
1436404076,-36.90616392 174.88927541,URBAN,SIXTY,DAY,34.388949600000004,10.0
1436404077,-36.90620906 174.88917906,URBAN,SIXTY,DAY,37.075194,10.0
1436404078,-36.9062561 174.88906289,URBAN,SIXTY,DAY,38.8670814,10.0
1436404079,-36.90631016 174.88895145,URBAN,SIXTY,DAY,41.5562256,10.0
1436404080,-36.90636157 174.88882653,URBAN,SIXTY,DAY,45.143769600000006,10.0
1436404081,-36.90641593 174.8886898,URBAN,SIXTY,DAY,48.733149600000004,10.0
1436404082,-36.90646862 174.88855009,URBAN,SIXTY,DAY,51.426162000000005,10.0
1436404083,-36.90653471 174.88839792,URBAN,SIXTY,DAY,54.1198692,10.0
1436404084,-36.9066024 174.88824083,URBAN,SIXTY,DAY,56.814170399999995,10.0
1436404085,-36.90667609 174.88808851,URBAN,SIXTY,DAY,58.61066400000001,10.0
1436404086,-36.9067373 174.88791196,URBAN,SIXTY,DAY,59.50899,10.0
1436404087,-36.90680953 174.88774838,URBAN,SIXTY,DAY,60.4073628,10.0
1436404088,-36.9068793 174.88757821,URBAN,SIXTY,DAY,62.2042596,10.0
1436404089,-36.90694248 174.88740478,URBAN,SIXTY,DAY,64.0013292,10.0
1436404090,-36.90701085 174.88722515,URBAN,SIXTY,DAY,64.8999216,10.0
1436404091,-36.90708554 174.88704533,URBAN,SIXTY,DAY,64.0013292,10.0
1436404092,-36.90716278 174.88687493,URBAN,SIXTY,DAY,64.0013292,10.0
1436404093,-36.90723574 174.88671014,URBAN,SIXTY,DAY,64.0013292,10.0
1436404094,-36.90731548 174.88653263,URBAN,SIXTY,DAY,64.0013292,10.0
1436404095,-36.90739248 174.88636475,URBAN,SIXTY,DAY,63.1027692,10.0
1436404096,-36.90746894 174.8861888,URBAN,SIXTY,DAY,63.1027692,10.0
1436404097,-36.90753722 174.88602246,URBAN,SIXTY,DAY,63.1027692,10.0
1436404098,-36.90760358 174.88585183,URBAN,SIXTY,DAY,61.305793200000004,10.0
1436404099,-36.90767316 174.8856826,URBAN,SIXTY,DAY,60.4073628,10.0
1436404100,-36.90774441 174.8855222,URBAN,SIXTY,DAY,60.4073628,10.0
1436404101,-36.90781143 174.8853632,URBAN,SIXTY,DAY,60.4073628,10.0
1436404102,-36.90788591 174.88519477,URBAN,SIXTY,DAY,60.4073628,10.0
1436404103,-36.90796449 174.8850396,URBAN,FIFTY,DAY,59.50899,10.0
1436404104,-36.90804052 174.88487285,URBAN,SIXTY,DAY,61.305793200000004,10.0
1436404105,-36.90810868 174.88470184,URBAN,SIXTY,DAY,61.305793200000004,10.0
1436404106,-36.9081714 174.88452944,URBAN,SIXTY,DAY,62.2042596,10.0
1436404107,-36.9082394 174.88435196,URBAN,SIXTY,DAY,63.1027692,10.0
1436404108,-36.90831735 174.8841762,URBAN,SIXTY,DAY,64.0013292,10.0
1436404109,-36.90839262 174.8840061,URBAN,SIXTY,DAY,64.0013292,10.0
1436404110,-36.90847493 174.88381628,URBAN,SIXTY,DAY,64.8999216,9.0
1436404111,-36.90855948 174.88364029,URBAN,SIXTY,DAY,64.8999216,9.0
1436404112,-36.90864282 174.88346632,URBAN,SIXTY,DAY,64.8999216,9.0
1436404113,-36.90872795 174.88329267,URBAN,SIXTY,DAY,64.8999216,9.0
1436404114,-36.90880279 174.88311301,URBAN,SIXTY,DAY,64.8999216,9.0
1436404115,-36.90888402 174.88293029,URBAN,SIXTY,DAY,65.7985536,9.0
1436404116,-36.90897304 174.88275361,URBAN,SIXTY,DAY,66.69722879999999,9.0
1436404117,-36.90905332 174.88257202,URBAN,SIXTY,DAY,66.69722879999999,9.0
1436404118,-36.90913183 174.88238185,URBAN,SIXTY,DAY,66.69722879999999,9.0
1436404119,-36.90921122 174.88219339,URBAN,SIXTY,DAY,66.69722879999999,9.0
1436404120,-36.90928694 174.88201221,URBAN,SIXTY,DAY,66.69722879999999,9.0
1436404121,-36.90935505 174.88183454,URBAN,SIXTY,DAY,66.69722879999999,9.0
1436404122,-36.90943528 174.88164615,URBAN,SIXTY,DAY,66.69722879999999,9.0
1436404123,-36.90951581 174.8814504,URBAN,SIXTY,DAY,66.69722879999999,9.0
1436404124,-36.90958944 174.88126444,URBAN,SIXTY,DAY,66.69722879999999,10.0
1436404125,-36.90964926 174.88107821,URBAN,SIXTY,DAY,66.69722879999999,9.0
1436404126,-36.90970502 174.88088501,URBAN,SIXTY,DAY,66.69722879999999,10.0
1436404127,-36.90977682 174.88068779,URBAN,SIXTY,DAY,68.4946764,9.0
1436404128,-36.9098373 174.88049436,URBAN,SIXTY,DAY,68.4946764,10.0
1436404129,-36.9098778 174.88030037,URBAN,SIXTY,DAY,66.69722879999999,9.0
1436404130,-36.90992948 174.88009975,URBAN,SIXTY,DAY,65.7985536,9.0
1436404131,-36.90997029 174.87989267,URBAN,SIXTY,DAY,64.8999216,9.0
1436404132,-36.91001764 174.87970615,URBAN,SIXTY,DAY,64.0013292,9.0
1436404133,-36.91006833 174.87952227,URBAN,SIXTY,DAY,63.1027692,9.0
1436404134,-36.91011224 174.87932637,URBAN,SIXTY,DAY,62.2042596,9.0
1436404135,-36.91014988 174.87914585,URBAN,SIXTY,DAY,61.305793200000004,10.0
1436404136,-36.91018998 174.87894899,URBAN,SIXTY,DAY,61.305793200000004,9.0
1436404137,-36.91022351 174.87877219,URBAN,SIXTY,DAY,61.305793200000004,9.0
1436404138,-36.91025719 174.87858848,URBAN,SIXTY,DAY,62.2042596,10.0
1436404139,-36.9102899 174.87840741,URBAN,SIXTY,DAY,61.305793200000004,9.0
1436404140,-36.91031905 174.87822356,URBAN,SIXTY,DAY,61.305793200000004,10.0
1436404141,-36.91036093 174.87804217,URBAN,SIXTY,DAY,60.4073628,9.0
1436404142,-36.91039187 174.8778517,URBAN,SIXTY,DAY,61.305793200000004,10.0
1436404143,-36.91041732 174.87766639,URBAN,SIXTY,DAY,61.305793200000004,9.0
1436404144,-36.91044158 174.87747524,URBAN,SIXTY,DAY,60.4073628,9.0
1436404145,-36.91047245 174.87729356,URBAN,SIXTY,DAY,61.305793200000004,10.0
1436404146,-36.91049746 174.87711048,URBAN,SIXTY,DAY,61.305793200000004,9.0
1436404147,-36.91052406 174.8769166,URBAN,SIXTY,DAY,61.305793200000004,10.0
1436404148,-36.91055423 174.87672441,URBAN,SIXTY,DAY,61.305793200000004,10.0
1436404149,-36.91057583 174.87653302,URBAN,SIXTY,DAY,62.2042596,10.0
1436404150,-36.91060466 174.8763347,URBAN,SIXTY,DAY,64.0013292,11.0
1436404153,-36.91064488 174.8759755,URBAN,SIXTY,DAY,62.2042596,10.0
1436404153,-36.91067027 174.8757877,URBAN,SIXTY,DAY,63.1027692,10.0
1436404154,-36.91069835 174.87558789,URBAN,SIXTY,DAY,62.2042596,10.0
1436404155,-36.91074251 174.87537203,URBAN,SIXTY,DAY,63.1027692,9.0
1436404156,-36.91074465 174.87519816,URBAN,SIXTY,DAY,62.2042596,10.0
1436404157,-36.91076393 174.87500749,URBAN,SIXTY,DAY,63.1027692,10.0
1436404158,-36.91079557 174.87480405,URBAN,SIXTY,DAY,64.0013292,10.0
1436404159,-36.91081929 174.87460925,URBAN,SIXTY,DAY,64.8999216,10.0
1436404160,-36.91083896 174.87440778,URBAN,SIXTY,DAY,65.7985536,10.0
1436404161,-36.91086522 174.87421948,URBAN,SIXTY,DAY,64.8999216,10.0
1436404162,-36.9108823 174.87402079,URBAN,SIXTY,DAY,64.8999216,10.0
1436404163,-36.91092443 174.87380633,URBAN,SIXTY,DAY,65.7985536,11.0
1436404164,-36.91096025 174.87359609,URBAN,SIXTY,DAY,66.69722879999999,11.0
1436404165,-36.91098873 174.87340552,URBAN,SIXTY,DAY,64.8999216,11.0
1436404166,-36.9110166 174.8732057,URBAN,SIXTY,DAY,64.0013292,11.0
1436404167,-36.91104006 174.87303205,URBAN,SIXTY,DAY,59.50899,10.0
1436404168,-36.91105968 174.87286394,URBAN,SIXTY,DAY,55.91601,10.0
1436404169,-36.91109135 174.8727566,URBAN,SIXTY,DAY,53.2218924,9.0
1436404170,-36.91112909 174.87257738,URBAN,SIXTY,DAY,55.91601,9.0
1436404171,-36.9111782 174.87237535,URBAN,SIXTY,DAY,58.61066400000001,9.0
1436404173,-36.91122504 174.87219011,URBAN,SIXTY,DAY,60.4073628,9.0
1436404173,-36.91126702 174.87201089,URBAN,SIXTY,DAY,62.2042596,9.0
1436404174,-36.9113169 174.87180856,URBAN,SIXTY,DAY,64.8999216,9.0
1436404175,-36.91135382 174.87163392,URBAN,SIXTY,DAY,63.1027692,9.0
1436404176,-36.91139276 174.87144117,URBAN,SIXTY,DAY,63.1027692,9.0
1436404177,-36.91143191 174.87125838,URBAN,SIXTY,DAY,63.1027692,9.0
1436404178,-36.9114755 174.87107152,URBAN,SIXTY,DAY,62.2042596,9.0
1436404179,-36.91151581 174.87087563,URBAN,SIXTY,DAY,60.4073628,9.0
1436404180,-36.9115569 174.87071167,URBAN,SIXTY,DAY,59.50899,9.0
1436404181,-36.91159569 174.87054549,URBAN,SIXTY,DAY,57.71239200000001,10.0
1436404182,-36.91162815 174.87040482,URBAN,SIXTY,DAY,52.3239912,10.0
1436404183,-36.91165853 174.87026056,URBAN,SIXTY,DAY,50.5284048,10.0
1436404184,-36.91169259 174.87011074,URBAN,SIXTY,DAY,46.9382544,9.0
1436404185,-36.91172795 174.8699919,URBAN,SIXTY,DAY,41.5562256,9.0
1436404186,-36.91175503 174.86988727,URBAN,SIXTY,DAY,36.17955,9.0
1436404187,-36.91177541 174.86979449,URBAN,SIXTY,DAY,31.705045200000004,9.0
1436404188,-36.91179561 174.86971118,URBAN,SIXTY,DAY,26.34710652,9.0
1436404189,-36.91180036 174.86965972,URBAN,SIXTY,DAY,21.0107124,9.0
1436404190,-36.91181493 174.86960699,URBAN,SIXTY,DAY,17.4748392,9.0
1436404191,-36.91182605 174.86956573,URBAN,SIXTY,DAY,13.104198,9.0
1436404192,-36.91182871 174.86953505,URBAN,SIXTY,DAY,9.69329664,9.0
1436404193,-36.91182822 174.86951533,URBAN,SIXTY,DAY,6.48999216,9.0
1436404194,-36.91183252 174.86950751,URBAN,SIXTY,DAY,4.0249224,9.0
1436404195,-36.9118328 174.86950885,URBAN,SIXTY,DAY,3.6,9.0
1436404196,-36.91183107 174.86950649,URBAN,SIXTY,DAY,3.6,9.0
1436404197,-36.91183367 174.86950211,URBAN,SIXTY,DAY,3.6,9.0
1436404198,-36.91183506 174.86949921,URBAN,SIXTY,DAY,3.6,9.0
1436404199,-36.91183879 174.86949881,URBAN,SIXTY,DAY,3.6,9.0
1436404200,-36.91183947 174.86949946,URBAN,SIXTY,DAY,3.6,9.0
1436404201,-36.91184108 174.86950104,URBAN,SIXTY,DAY,3.6,9.0
1436404202,-36.91184017 174.86949941,URBAN,SIXTY,DAY,3.6,9.0
1436404203,-36.91184036 174.86950073,URBAN,SIXTY,DAY,3.6,9.0
1436404204,-36.91183983 174.86950432,URBAN,SIXTY,DAY,3.6,9.0
1436404205,-36.91183926 174.86950476,URBAN,SIXTY,DAY,3.6,9.0
1436404206,-36.91183863 174.86950483,URBAN,SIXTY,DAY,3.6,9.0
1436404207,-36.91183848 174.86950495,URBAN,SIXTY,DAY,3.6,9.0
1436404208,-36.91183851 174.86950496,URBAN,SIXTY,DAY,3.6,9.0
1436404209,-36.9118386 174.86950532,URBAN,SIXTY,DAY,3.6,9.0
1436404210,-36.91183854 174.86950537,URBAN,SIXTY,DAY,3.6,9.0
1436404211,-36.91183854 174.86950538,URBAN,SIXTY,DAY,3.6,9.0
1436404212,-36.91183853 174.86950534,URBAN,SIXTY,DAY,3.6,9.0
1436404213,-36.91183984 174.86949826,URBAN,SIXTY,DAY,5.0911686000000005,9.0
1436404214,-36.91185213 174.86946726,URBAN,SIXTY,DAY,13.971757320000002,9.0
1436404215,-36.91186943 174.86938763,URBAN,SIXTY,DAY,23.6753028,9.0
1436404216,-36.91188733 174.86927929,URBAN,SIXTY,DAY,32.5993896,9.0
1436404217,-36.91191514 174.86916592,URBAN,SIXTY,DAY,40.6596852,9.0
1436404218,-36.91194508 174.86902803,URBAN,SIXTY,DAY,46.0409616,9.0
1436404219,-36.91197461 174.86886527,URBAN,SIXTY,DAY,50.5284048,9.0
1436404220,-36.9120093 174.86869549,URBAN,SIXTY,DAY,53.2218924,9.0
1436404221,-36.91204357 174.86855683,URBAN,SIXTY,DAY,54.1198692,9.0
1436404222,-36.91208788 174.86838381,URBAN,SIXTY,DAY,55.91601,9.0
1436404223,-36.91211953 174.86821017,URBAN,SIXTY,DAY,56.814170399999995,9.0
1436404224,-36.91214903 174.86803535,URBAN,SIXTY,DAY,58.61066400000001,10.0
1436404225,-36.91216729 174.86784692,URBAN,SIXTY,DAY,59.50899,10.0
1436404226,-36.91217049 174.86765958,URBAN,SIXTY,DAY,59.50899,10.0
1436404227,-36.91216905 174.86746275,URBAN,SIXTY,DAY,58.61066400000001,10.0
1436404228,-36.91214198 174.86728314,URBAN,SIXTY,DAY,58.61066400000001,10.0
1436404229,-36.9121116 174.86711557,URBAN,SIXTY,DAY,56.814170399999995,10.0
1436404230,-36.91207911 174.8669448,URBAN,SIXTY,DAY,55.91601,10.0
1436404231,-36.9120258 174.86681689,URBAN,SIXTY,DAY,53.2218924,9.0
1436404232,-36.91199422 174.86666205,URBAN,SIXTY,DAY,50.5284048,10.0
1436404233,-36.91196908 174.8665188,URBAN,SIXTY,DAY,48.733149600000004,10.0
1436404234,-36.91194444 174.86637561,URBAN,SIXTY,DAY,47.8356588,10.0
1436404235,-36.91192185 174.86624211,URBAN,SIXTY,DAY,44.2466964,10.0
1436404236,-36.91189986 174.8661086,URBAN,SIXTY,DAY,42.4529172,10.0
1436404237,-36.91187469 174.86598236,URBAN,SIXTY,DAY,42.4529172,10.0
1436404238,-36.91185249 174.86584166,URBAN,SIXTY,DAY,43.3497402,10.0
1436404239,-36.91183297 174.86570042,URBAN,SIXTY,DAY,45.143769600000006,10.0
1436404240,-36.91181975 174.86555204,URBAN,SIXTY,DAY,46.0409616,5.0
1436404241,-36.91179686 174.86540827,URBAN,SIXTY,DAY,47.8356588,4.0
1436404242,-36.91177498 174.86526169,URBAN,SIXTY,DAY,48.733149600000004,4.0
1436404243,-36.91175093 174.86510973,URBAN,SIXTY,DAY,47.8356588,4.0
1436404244,-36.91172881 174.86495585,URBAN,SIXTY,DAY,49.630737599999996,4.0
1436404245,-36.91170676 174.8648141,URBAN,SIXTY,DAY,49.630737599999996,4.0
1436404246,-36.91168311 174.86465717,URBAN,SIXTY,DAY,49.630737599999996,4.0
1436404247,-36.91165942 174.86450968,URBAN,SIXTY,DAY,50.5284048,5.0
1436404248,-36.91163738 174.86434964,URBAN,SIXTY,DAY,51.426162000000005,4.0
1436404249,-36.91161243 174.86420798,URBAN,SIXTY,DAY,49.630737599999996,4.0
1436404250,-36.91158773 174.86406077,URBAN,SIXTY,DAY,48.733149600000004,5.0
1436404251,-36.91156672 174.86390998,URBAN,SIXTY,DAY,47.8356588,5.0
1436404252,-36.91154854 174.86376645,URBAN,SIXTY,DAY,46.9382544,5.0
1436404253,-36.91152853 174.86363651,URBAN,SIXTY,DAY,46.0409616,5.0
1436404254,-36.91150156 174.86349436,URBAN,FIFTY,DAY,44.2466964,5.0
1436404255,-36.91146202 174.86341471,URBAN,SIXTY,DAY,42.4529172,4.0
1436404256,-36.91143993 174.86326861,URBAN,FIFTY,DAY,41.5562256,4.0
1436404257,-36.91141454 174.86315151,URBAN,FIFTY,DAY,39.7632996,4.0
1436404258,-36.91140493 174.86305484,URBAN,FIFTY,DAY,34.388949600000004,4.0
1436404259,-36.91138212 174.86297794,URBAN,FIFTY,DAY,29.917386,4.0
1436404260,-36.91137477 174.86290785,URBAN,FIFTY,DAY,25.4558448,4.0
1436404261,-36.91136531 174.86284854,URBAN,FIFTY,DAY,21.0107124,4.0
1436404262,-36.91135316 174.86278602,URBAN,FIFTY,DAY,20.124612,5.0
1436404263,-36.91134158 174.86273479,URBAN,FIFTY,DAY,18.3564702,7.0
1436404264,-36.91134396 174.86272618,URBAN,FIFTY,DAY,8.863972200000001,6.0
1436404265,-36.91133692 174.86270406,URBAN,FIFTY,DAY,6.48999216,6.0
1436404266,-36.91132982 174.86268498,URBAN,FIFTY,DAY,6.48999216,6.0
1436404267,-36.91133121 174.86265256,URBAN,FIFTY,DAY,7.25603184,7.0
1436404268,-36.91131872 174.8626325,URBAN,FIFTY,DAY,8.0498448,7.0
1436404269,-36.91130296 174.86259369,URBAN,FIFTY,DAY,12.24132372,7.0
1436404270,-36.91128481 174.86254631,URBAN,FIFTY,DAY,17.4748392,6.0
1436404271,-36.91126095 174.86248738,URBAN,FIFTY,DAY,21.0107124,6.0
1436404272,-36.91123378 174.86241185,URBAN,FIFTY,DAY,23.6753028,5.0
1436404273,-36.9112075 174.8623466,URBAN,FIFTY,DAY,25.4558448,5.0
1436404274,-36.91116667 174.86227328,URBAN,FIFTY,DAY,27.2389428,5.0
1436404275,-36.91113809 174.86219022,URBAN,FIFTY,DAY,26.34710652,5.0
1436404276,-36.91111203 174.86212423,URBAN,FIFTY,DAY,25.4558448,4.0
1436404277,-36.91108191 174.86205771,URBAN,FIFTY,DAY,25.4558448,4.0
1436404278,-36.91106511 174.86198734,URBAN,FIFTY,DAY,25.4558448,4.0
1436404279,-36.9110308 174.86191196,URBAN,FIFTY,DAY,27.2389428,4.0
1436404280,-36.91099514 174.86183104,URBAN,FIFTY,DAY,29.0241288,4.0
1436404281,-36.91095154 174.86175117,URBAN,FIFTY,DAY,30.811035600000004,4.0
1436404282,-36.91090899 174.86166833,URBAN,FIFTY,DAY,31.705045200000004,5.0
1436404283,-36.91086174 174.86158361,URBAN,FIFTY,DAY,32.5993896,4.0
1436404284,-36.91080994 174.86150411,URBAN,FIFTY,DAY,32.5993896,4.0
1436404285,-36.91075789 174.86142695,URBAN,FIFTY,DAY,32.5993896,4.0
1436404286,-36.91072388 174.8613363,URBAN,FIFTY,DAY,33.4940292,4.0
1436404287,-36.91069272 174.86123873,URBAN,FIFTY,DAY,33.4940292,6.0
1436404288,-36.91063853 174.86117132,URBAN,FIFTY,DAY,34.388949600000004,5.0
1436404289,-36.91059176 174.86109862,URBAN,FIFTY,DAY,34.388949600000004,6.0
1436404290,-36.9105371 174.86101539,URBAN,FIFTY,DAY,35.2841292,7.0
1436404291,-36.91047723 174.86090552,URBAN,FIFTY,DAY,37.971039600000005,7.0
1436404292,-36.91042771 174.86080457,URBAN,FIFTY,DAY,37.971039600000005,7.0
1436404293,-36.91037383 174.8607157,URBAN,FIFTY,DAY,39.7632996,7.0
1436404294,-36.91031362 174.86060274,URBAN,FIFTY,DAY,40.6596852,7.0
1436404295,-36.91027191 174.86048465,URBAN,FIFTY,DAY,41.5562256,7.0
1436404296,-36.91022052 174.86036712,URBAN,FIFTY,DAY,42.4529172,6.0
1436404297,-36.91016174 174.8602518,URBAN,FIFTY,DAY,42.4529172,6.0
1436404298,-36.91010019 174.86014158,URBAN,FIFTY,DAY,41.5562256,6.0
1436404299,-36.91004261 174.86003025,URBAN,FIFTY,DAY,41.5562256,5.0
1436404300,-36.90996437 174.85992995,URBAN,FIFTY,DAY,41.5562256,5.0
1436404301,-36.90990618 174.85982555,URBAN,FIFTY,DAY,41.5562256,4.0
1436404302,-36.90983203 174.85971875,URBAN,FIFTY,DAY,43.3497402,4.0
1436404303,-36.90975923 174.85962367,URBAN,FIFTY,DAY,42.4529172,4.0
1436404304,-36.90968824 174.85952853,URBAN,FIFTY,DAY,42.4529172,4.0
1436404305,-36.90961876 174.85944861,URBAN,FIFTY,DAY,40.6596852,4.0
1436404306,-36.90953753 174.85936809,URBAN,FIFTY,DAY,38.8670814,3.0
1436404307,-36.90945032 174.85929937,URBAN,FIFTY,DAY,37.075194,4.0
1436404308,-36.90936927 174.85922861,URBAN,FIFTY,DAY,37.971039600000005,5.0
1436404309,-36.90930326 174.85916353,URBAN,FIFTY,DAY,37.971039600000005,4.0
1436404310,-36.9092355 174.85908653,URBAN,FIFTY,DAY,37.971039600000005,4.0
1436404311,-36.90917163 174.85900536,URBAN,FIFTY,DAY,38.8670814,3.0
1436404312,-36.90906552 174.85892862,URBAN,FIFTY,DAY,40.6596852,4.0
1436404313,-36.90898313 174.85885496,URBAN,FIFTY,DAY,41.5562256,9.0
1436404314,-36.90889908 174.85877855,URBAN,FIFTY,DAY,40.6596852,9.0
1436404315,-36.90880533 174.85870544,URBAN,FIFTY,DAY,41.5562256,9.0
1436404316,-36.90871595 174.85862572,URBAN,FIFTY,DAY,42.4529172,9.0
1436404317,-36.90864068 174.85854548,URBAN,FIFTY,DAY,41.5562256,9.0
1436404318,-36.9085546 174.85847191,URBAN,FIFTY,DAY,40.6596852,9.0
1436404319,-36.90846756 174.85840789,URBAN,FIFTY,DAY,40.6596852,9.0
1436404320,-36.90838041 174.85834127,URBAN,FIFTY,DAY,40.6596852,9.0
1436404321,-36.90829138 174.85827566,URBAN,FIFTY,DAY,41.5562256,9.0
1436404322,-36.90820709 174.85819612,URBAN,FIFTY,DAY,43.3497402,9.0
1436404323,-36.90810929 174.85811546,URBAN,FIFTY,DAY,44.2466964,9.0
1436404324,-36.90801412 174.85803386,URBAN,FIFTY,DAY,46.9382544,9.0
1436404325,-36.90792008 174.85794687,URBAN,FIFTY,DAY,47.8356588,9.0
1436404326,-36.90781981 174.85785548,URBAN,FIFTY,DAY,48.733149600000004,9.0
1436404327,-36.90771995 174.85777391,URBAN,FIFTY,DAY,48.733149600000004,9.0
1436404328,-36.90762634 174.85769078,URBAN,FIFTY,DAY,47.8356588,9.0
1436404329,-36.90753749 174.85761497,URBAN,FIFTY,DAY,47.8356588,9.0
1436404330,-36.90745259 174.85752354,URBAN,FIFTY,DAY,46.0409616,9.0
1436404331,-36.90736501 174.8574269,URBAN,FIFTY,DAY,45.143769600000006,9.0
1436404332,-36.90728586 174.85733776,URBAN,FIFTY,DAY,45.143769600000006,9.0
1436404333,-36.90720803 174.85725111,URBAN,FIFTY,DAY,43.3497402,10.0
1436404334,-36.90711453 174.85715894,URBAN,FIFTY,DAY,46.0409616,9.0
1436404335,-36.90700568 174.85707965,URBAN,FIFTY,DAY,46.0409616,9.0
1436404336,-36.90691833 174.85699562,URBAN,FIFTY,DAY,46.0409616,9.0
1436404337,-36.90682742 174.85690291,URBAN,FIFTY,DAY,46.9382544,10.0
1436404338,-36.9067341 174.85681079,URBAN,FIFTY,DAY,47.8356588,10.0
1436404339,-36.90662225 174.85672392,URBAN,FIFTY,DAY,49.630737599999996,10.0
1436404340,-36.90652097 174.85664455,URBAN,FIFTY,DAY,50.5284048,10.0
1436404341,-36.90640986 174.85656118,URBAN,FIFTY,DAY,52.3239912,10.0
1436404342,-36.90629738 174.85646584,URBAN,FIFTY,DAY,54.1198692,10.0
1436404343,-36.90618145 174.85636621,URBAN,FIFTY,DAY,55.91601,10.0
1436404344,-36.906061 174.8562732,URBAN,FIFTY,DAY,56.814170399999995,10.0
1436404345,-36.90594881 174.85619544,URBAN,FIFTY,DAY,55.91601,10.0
1436404346,-36.90582644 174.8561014,URBAN,FIFTY,DAY,55.91601,11.0
1436404347,-36.90570595 174.85599522,URBAN,FIFTY,DAY,56.814170399999995,11.0
1436404348,-36.90558694 174.85588695,URBAN,FIFTY,DAY,57.71239200000001,11.0
1436404349,-36.90545943 174.85580782,URBAN,FIFTY,DAY,58.61066400000001,10.0
1436404350,-36.90534023 174.85569686,URBAN,FIFTY,DAY,58.61066400000001,10.0
1436404351,-36.90520901 174.85558403,URBAN,FIFTY,DAY,58.61066400000001,10.0
1436404352,-36.90508811 174.85548158,URBAN,FIFTY,DAY,58.61066400000001,10.0
1436404353,-36.90495349 174.85538809,URBAN,FIFTY,DAY,57.71239200000001,10.0
1436404354,-36.9048434 174.85528631,URBAN,FIFTY,DAY,57.71239200000001,10.0
1436404355,-36.90471726 174.85518556,URBAN,FIFTY,DAY,56.814170399999995,10.0
1436404356,-36.90459311 174.85509546,URBAN,FIFTY,DAY,56.814170399999995,9.0
1436404357,-36.90448342 174.85501023,URBAN,FIFTY,DAY,55.91601,10.0
1436404358,-36.90434447 174.85493404,URBAN,FIFTY,DAY,55.91601,10.0
1436404359,-36.90420718 174.85487871,URBAN,FIFTY,DAY,55.91601,10.0
1436404360,-36.9040941 174.85481121,URBAN,FIFTY,DAY,54.1198692,11.0
1436404361,-36.90395183 174.85477032,URBAN,FIFTY,DAY,56.814170399999995,10.0
1436404362,-36.90382752 174.85473255,URBAN,FIFTY,DAY,55.0179072,11.0
1436404363,-36.90367603 174.85469386,URBAN,FIFTY,DAY,55.0179072,11.0
1436404364,-36.90355674 174.85463746,URBAN,FIFTY,DAY,53.2218924,11.0
1436404365,-36.90344266 174.85463075,URBAN,FIFTY,DAY,51.426162000000005,12.0
1436404366,-36.90332521 174.854599,URBAN,FIFTY,DAY,49.630737599999996,12.0
1436404367,-36.90322527 174.85465535,URBAN,FIFTY,DAY,46.9382544,12.0
1436404368,-36.90310412 174.85462033,URBAN,FIFTY,DAY,48.733149600000004,12.0
1436404369,-36.90297853 174.8545944,URBAN,FIFTY,DAY,50.5284048,11.0
1436404370,-36.90285209 174.85454517,URBAN,FIFTY,DAY,50.5284048,11.0
1436404371,-36.90270937 174.85451185,URBAN,FIFTY,DAY,51.426162000000005,11.0
1436404372,-36.90257213 174.85448745,URBAN,FIFTY,DAY,52.3239912,11.0
1436404373,-36.90244289 174.85445696,URBAN,FIFTY,DAY,54.1198692,11.0
1436404374,-36.9022902 174.8544087,URBAN,FIFTY,DAY,54.1198692,10.0
1436404375,-36.90215758 174.85438086,URBAN,FIFTY,DAY,53.2218924,10.0
1436404376,-36.90204841 174.85436669,URBAN,FIFTY,DAY,52.3239912,10.0
1436404377,-36.90193854 174.85434161,URBAN,FIFTY,DAY,50.5284048,10.0
1436404378,-36.90182577 174.8543362,URBAN,FIFTY,DAY,49.630737599999996,10.0
1436404379,-36.90169932 174.85431,URBAN,FIFTY,DAY,48.733149600000004,11.0
1436404380,-36.90158548 174.85424876,URBAN,FIFTY,DAY,46.0409616,11.0
1436404381,-36.90148111 174.85420555,URBAN,FIFTY,DAY,45.143769600000006,11.0
1436404382,-36.90138551 174.85417635,URBAN,FIFTY,DAY,41.5562256,11.0
1436404383,-36.90128486 174.85413531,URBAN,FIFTY,DAY,41.5562256,11.0
1436404384,-36.90120797 174.85407966,URBAN,FIFTY,DAY,37.971039600000005,11.0
1436404385,-36.90112658 174.85402444,URBAN,FIFTY,DAY,38.8670814,10.0
1436404386,-36.90103502 174.85395416,URBAN,FIFTY,DAY,39.7632996,10.0
1436404387,-36.90095366 174.85388954,URBAN,FIFTY,DAY,40.6596852,10.0
1436404388,-36.9008723 174.85382049,URBAN,FIFTY,DAY,41.5562256,10.0
1436404389,-36.90078012 174.85374,URBAN,FIFTY,DAY,42.4529172,10.0
1436404390,-36.90069369 174.8536365,URBAN,FIFTY,DAY,44.2466964,10.0
1436404391,-36.90060788 174.85353733,URBAN,FIFTY,DAY,45.143769600000006,10.0
1436404392,-36.9005297 174.85343329,URBAN,FIFTY,DAY,46.0409616,11.0
1436404393,-36.9004602 174.8533282,URBAN,FIFTY,DAY,46.0409616,11.0
1436404394,-36.90038132 174.8532173,URBAN,FIFTY,DAY,46.9382544,11.0
1436404395,-36.90031282 174.85310822,URBAN,FIFTY,DAY,46.9382544,11.0
1436404396,-36.90021932 174.85299917,URBAN,FIFTY,DAY,47.8356588,11.0
1436404397,-36.90015463 174.85289071,URBAN,FIFTY,DAY,48.733149600000004,11.0
1436404398,-36.9000681 174.85276833,URBAN,FIFTY,DAY,49.630737599999996,11.0
1436404399,-36.89999348 174.85264774,URBAN,FIFTY,DAY,50.5284048,11.0
1436404400,-36.89989611 174.85253214,URBAN,FIFTY,DAY,51.426162000000005,11.0
1436404401,-36.8998018 174.85243157,URBAN,FIFTY,DAY,48.733149600000004,11.0
1436404402,-36.89974133 174.85231655,URBAN,FIFTY,DAY,46.0409616,11.0
1436404403,-36.89966899 174.85222567,URBAN,FIFTY,DAY,42.4529172,11.0
1436404404,-36.89963699 174.85214022,URBAN,FIFTY,DAY,36.17955,11.0
1436404405,-36.89957454 174.85208123,URBAN,FIFTY,DAY,30.811035600000004,11.0
1436404406,-36.89955165 174.85201253,URBAN,FIFTY,DAY,26.34710652,11.0
1436404407,-36.89951243 174.85195985,URBAN,FIFTY,DAY,22.7861802,10.0
1436404408,-36.899479 174.85191343,URBAN,FIFTY,DAY,20.124612,10.0
1436404409,-36.89944621 174.85188538,URBAN,FIFTY,DAY,15.717823200000002,10.0
1436404410,-36.89943584 174.85184854,URBAN,FIFTY,DAY,10.53422964,9.0
1436404411,-36.89942491 174.85183138,URBAN,FIFTY,DAY,7.25603184,9.0
1436404412,-36.89941614 174.85182185,URBAN,FIFTY,DAY,5.7628119600000005,10.0
1436404413,-36.89941308 174.85181206,URBAN,FIFTY,DAY,4.5,9.0
1436404414,-36.89941683 174.85180566,URBAN,FIFTY,DAY,3.71079504,9.0
1436404415,-36.89942086 174.85180168,URBAN,FIFTY,DAY,3.6,9.0
1436404416,-36.89942465 174.85179522,URBAN,FIFTY,DAY,3.6,9.0
1436404417,-36.89942546 174.85178863,URBAN,FIFTY,DAY,3.6,9.0
1436404418,-36.89942923 174.85178892,URBAN,FIFTY,DAY,3.6,9.0
1436404419,-36.89942777 174.8517916,URBAN,FIFTY,DAY,3.6,9.0
1436404420,-36.89942895 174.85178964,URBAN,FIFTY,DAY,3.6,9.0
1436404421,-36.89943077 174.85178761,URBAN,FIFTY,DAY,3.6,9.0
1436404422,-36.89943333 174.8517849,URBAN,FIFTY,DAY,3.6,9.0
1436404423,-36.89943489 174.8517811,URBAN,FIFTY,DAY,3.6,9.0
1436404424,-36.89943607 174.85178284,URBAN,FIFTY,DAY,3.6,9.0
1436404425,-36.8994352 174.85178099,URBAN,FIFTY,DAY,3.6,9.0
1436404426,-36.89943485 174.85178031,URBAN,FIFTY,DAY,3.6,9.0
1436404427,-36.89943522 174.85178022,URBAN,FIFTY,DAY,3.6,9.0
1436404428,-36.89943513 174.85178028,URBAN,FIFTY,DAY,3.6,9.0
1436404429,-36.89943524 174.8517801,URBAN,FIFTY,DAY,3.6,9.0
1436404430,-36.89943535 174.85177997,URBAN,FIFTY,DAY,3.6,9.0
1436404431,-36.89943508 174.85178008,URBAN,FIFTY,DAY,3.6,9.0
1436404432,-36.89943278 174.85178094,URBAN,FIFTY,DAY,3.6,9.0
1436404433,-36.89942956 174.85177714,URBAN,FIFTY,DAY,4.5,10.0
1436404434,-36.89941665 174.851769,URBAN,FIFTY,DAY,5.7628119600000005,10.0
1436404435,-36.89939833 174.85175859,URBAN,FIFTY,DAY,6.48999216,10.0
1436404436,-36.89939907 174.8517249,URBAN,FIFTY,DAY,7.25603184,10.0
1436404437,-36.89938917 174.85170691,URBAN,FIFTY,DAY,7.25603184,10.0
1436404438,-36.89937446 174.85169014,URBAN,FIFTY,DAY,7.25603184,10.0
1436404439,-36.89936721 174.85167516,URBAN,FIFTY,DAY,7.25603184,10.0
1436404440,-36.89935988 174.85166489,URBAN,FIFTY,DAY,6.48999216,10.0
1436404441,-36.89935377 174.85165579,URBAN,FIFTY,DAY,5.7628119600000005,10.0
1436404442,-36.89934412 174.85164903,URBAN,FIFTY,DAY,5.7628119600000005,10.0
1436404443,-36.8993388 174.85164191,URBAN,FIFTY,DAY,5.0911686000000005,10.0
1436404444,-36.89933539 174.85163515,URBAN,FIFTY,DAY,5.0911686000000005,10.0
1436404445,-36.89933211 174.85162822,URBAN,FIFTY,DAY,4.5,9.0
1436404446,-36.89932686 174.85161773,URBAN,FIFTY,DAY,5.0911686000000005,9.0
1436404447,-36.89931903 174.85160572,URBAN,FIFTY,DAY,5.0911686000000005,10.0
1436404448,-36.89930855 174.85159027,URBAN,FIFTY,DAY,5.7628119600000005,10.0
1436404449,-36.89928754 174.85155939,URBAN,FIFTY,DAY,11.384199720000002,4.0
1436404450,-36.89926233 174.85152239,URBAN,FIFTY,DAY,13.971757320000002,4.0
1436404451,-36.89922794 174.85146657,URBAN,FIFTY,DAY,20.124612,4.0
1436404452,-36.89918989 174.8513783,URBAN,FIFTY,DAY,25.4558448,4.0
1436404453,-36.89917001 174.8513031,URBAN,FIFTY,DAY,29.0241288,4.0
1436404454,-36.89913945 174.8512053,URBAN,FIFTY,DAY,30.811035600000004,4.0
1436404455,-36.89909937 174.85112492,URBAN,FIFTY,DAY,30.811035600000004,5.0
1436404456,-36.89905386 174.85103608,URBAN,FIFTY,DAY,32.5993896,5.0
1436404457,-36.89899079 174.85099594,URBAN,FIFTY,DAY,29.917386,4.0
1436404458,-36.89893052 174.85097467,URBAN,FIFTY,DAY,27.2389428,4.0
1436404459,-36.8988574 174.8509949,URBAN,FIFTY,DAY,29.917386,4.0
1436404460,-36.8987819 174.85104438,URBAN,FIFTY,DAY,32.5993896,3.0
1436404461,-36.89872395 174.8511163,URBAN,FIFTY,DAY,32.5993896,4.0
1436404462,-36.89869469 174.85120916,URBAN,FIFTY,DAY,33.4940292,3.0
1436404463,-36.89867356 174.85131415,URBAN,FIFTY,DAY,32.5993896,4.0
1436404464,-36.89865603 174.85141973,URBAN,FIFTY,DAY,35.2841292,5.0
1436404465,-36.89862418 174.85150375,URBAN,FIFTY,DAY,28.131300000000003,4.0
1436404466,-36.89856588 174.85157166,URBAN,FIFTY,DAY,28.131300000000003,4.0
1436404467,-36.89849398 174.85160832,URBAN,FIFTY,DAY,30.811035600000004,4.0
1436404468,-36.89839846 174.85162462,URBAN,FIFTY,DAY,35.2841292,4.0
1436404469,-36.89829794 174.8516506,URBAN,FIFTY,DAY,40.6596852,3.0
1436404470,-36.89819622 174.85168268,URBAN,FIFTY,DAY,42.4529172,4.0
1436404471,-36.89809841 174.8517452,URBAN,FIFTY,DAY,45.143769600000006,6.0
1436404472,-36.89794795 174.85176594,URBAN,FIFTY,DAY,53.2218924,4.0
1436404473,-36.89783592 174.85180783,URBAN,FIFTY,DAY,53.2218924,4.0
1436404474,-36.8977104 174.85186111,URBAN,FIFTY,DAY,53.2218924,4.0
1436404475,-36.89756006 174.85189419,URBAN,FIFTY,DAY,53.2218924,4.0
1436404476,-36.89742707 174.85193025,URBAN,FIFTY,DAY,53.2218924,4.0
1436404477,-36.89730216 174.85196846,URBAN,FIFTY,DAY,54.1198692,4.0
1436404478,-36.89716504 174.85200666,URBAN,FIFTY,DAY,54.1198692,5.0
1436404479,-36.89701739 174.85203978,URBAN,FIFTY,DAY,56.814170399999995,4.0
1436404480,-36.89687216 174.85207807,URBAN,FIFTY,DAY,57.71239200000001,4.0
1436404481,-36.89673754 174.85211548,URBAN,FIFTY,DAY,58.61066400000001,4.0
1436404482,-36.89659277 174.85215274,URBAN,FIFTY,DAY,58.61066400000001,4.0
1436404483,-36.89644058 174.85218699,URBAN,FIFTY,DAY,59.50899,4.0
1436404484,-36.89629315 174.85223177,URBAN,FIFTY,DAY,60.4073628,3.0
1436404485,-36.89614949 174.85228455,URBAN,FIFTY,DAY,60.4073628,3.0
1436404486,-36.89599615 174.85233402,URBAN,FIFTY,DAY,61.305793200000004,3.0
1436404487,-36.89584797 174.85237995,URBAN,FIFTY,DAY,62.2042596,3.0
1436404488,-36.89569643 174.85242072,URBAN,FIFTY,DAY,61.305793200000004,3.0
1436404489,-36.89554806 174.85245902,URBAN,FIFTY,DAY,63.1027692,4.0
1436404490,-36.89539441 174.8525096,URBAN,FIFTY,DAY,62.2042596,4.0
1436404491,-36.89523998 174.85255102,URBAN,FIFTY,DAY,62.2042596,4.0
1436404492,-36.89508371 174.85259801,URBAN,FIFTY,DAY,62.2042596,4.0
1436404493,-36.89494536 174.8526426,URBAN,FIFTY,DAY,61.305793200000004,4.0
1436404494,-36.89480057 174.85269501,URBAN,FIFTY,DAY,60.4073628,4.0
1436404495,-36.89465927 174.8527407,URBAN,FIFTY,DAY,58.61066400000001,4.0
1436404496,-36.89451699 174.85278676,URBAN,FIFTY,DAY,56.814170399999995,4.0
1436404497,-36.89438865 174.85283751,URBAN,FIFTY,DAY,55.0179072,4.0
1436404498,-36.89426395 174.85287809,URBAN,FIFTY,DAY,53.2218924,4.0
1436404499,-36.89413977 174.85294561,URBAN,FIFTY,DAY,53.2218924,4.0
1436404500,-36.89402524 174.85301742,URBAN,FIFTY,DAY,51.426162000000005,4.0
1436404502,-36.89393036 174.85308136,URBAN,FIFTY,DAY,47.8356588,4.0
1436404502,-36.89383594 174.85314259,URBAN,FIFTY,DAY,42.4529172,5.0
1436404503,-36.89373639 174.85319891,URBAN,FIFTY,DAY,42.4529172,6.0
1436404504,-36.89365088 174.85326186,URBAN,FIFTY,DAY,39.7632996,8.0
1436404505,-36.89361448 174.85328875,URBAN,FIFTY,DAY,30.811035600000004,9.0
1436404506,-36.89363184 174.85329974,URBAN,FIFTY,DAY,12.24132372,6.0
1436404507,-36.89362538 174.8533058,URBAN,FIFTY,DAY,6.48999216,5.0
1436404508,-36.89361924 174.8533062,URBAN,FIFTY,DAY,3.71079504,5.0
1436404509,-36.89361395 174.85330729,URBAN,FIFTY,DAY,3.6,4.0
1436404510,-36.89361403 174.85331211,URBAN,FIFTY,DAY,3.6,4.0
1436404511,-36.89361506 174.85331312,URBAN,FIFTY,DAY,3.6,5.0
1436404512,-36.89361197 174.85331457,URBAN,FIFTY,DAY,3.6,5.0
1436404513,-36.89361096 174.8533151,URBAN,FIFTY,DAY,3.6,5.0
1436404514,-36.89361036 174.85331765,URBAN,FIFTY,DAY,3.6,5.0
1436404515,-36.8936089 174.85331809,URBAN,FIFTY,DAY,3.6,5.0
1436404516,-36.89360683 174.85331946,URBAN,FIFTY,DAY,4.0249224,4.0
1436404517,-36.89360438 174.85334199,URBAN,FIFTY,DAY,10.53422964,4.0
1436404518,-36.89356709 174.85336188,URBAN,FIFTY,DAY,13.971757320000002,5.0
1436404519,-36.89350569 174.85336332,URBAN,FIFTY,DAY,21.0107124,4.0
1436404520,-36.89344702 174.85332248,URBAN,FIFTY,DAY,23.6753028,4.0
1436404521,-36.89339333 174.85326397,URBAN,FIFTY,DAY,26.34710652,5.0
1436404522,-36.89337803 174.85318087,URBAN,FIFTY,DAY,24.5652192,4.0
1436404523,-36.89335257 174.85311615,URBAN,FIFTY,DAY,21.89794572,4.0
1436404524,-36.89332601 174.85304895,URBAN,FIFTY,DAY,22.7861802,5.0
1436404525,-36.89330312 174.85300319,URBAN,FIFTY,DAY,21.0107124,6.0
1436404526,-36.89328137 174.85293885,URBAN,FIFTY,DAY,21.0107124,5.0
1436404527,-36.89326981 174.85286392,URBAN,FIFTY,DAY,18.3564702,4.0
1436404528,-36.89325545 174.85282759,URBAN,FIFTY,DAY,13.104198,4.0
1436404529,-36.89325185 174.85278987,URBAN,FIFTY,DAY,12.24132372,3.0
1436404530,-36.89324547 174.85275305,URBAN,FIFTY,DAY,13.971757320000002,3.0
1436404531,-36.89324064 174.85271455,URBAN,FIFTY,DAY,13.104198,4.0
1436404532,-36.89323157 174.85268276,URBAN,FIFTY,DAY,10.53422964,5.0
1436404533,-36.89324372 174.85265673,URBAN,FIFTY,DAY,7.25603184,4.0
1436404534,-36.89324619 174.85264608,URBAN,FIFTY,DAY,5.0911686000000005,4.0
1436404535,-36.89324291 174.85264568,URBAN,FIFTY,DAY,3.71079504,4.0
1436404536,-36.89323812 174.85264289,URBAN,FIFTY,DAY,3.6,3.0
1436404537,-36.89323444 174.8526407,URBAN,FIFTY,DAY,3.6,3.0
1436404538,-36.89323017 174.85264038,URBAN,FIFTY,DAY,3.6,3.0
1436404539,-36.89323138 174.85264018,URBAN,FIFTY,DAY,3.6,3.0
1436404540,-36.89323277 174.85263946,URBAN,FIFTY,DAY,3.6,3.0
1436404541,-36.89323347 174.8526362,URBAN,FIFTY,DAY,3.6,3.0
1436404542,-36.89323266 174.85263603,URBAN,FIFTY,DAY,3.6,3.0
1436404543,-36.89323157 174.85263234,URBAN,FIFTY,DAY,3.6,3.0
1436404544,-36.89323251 174.8526295,URBAN,FIFTY,DAY,3.6,3.0
1436404545,-36.89323269 174.85262995,URBAN,FIFTY,DAY,3.6,3.0
1436404546,-36.89323248 174.85262992,URBAN,FIFTY,DAY,3.6,3.0
1436404547,-36.89323252 174.85262963,URBAN,FIFTY,DAY,3.6,3.0
1436404548,-36.89323235 174.85262935,URBAN,FIFTY,DAY,3.6,3.0
1436404549,-36.89323231 174.85262932,URBAN,FIFTY,DAY,3.6,3.0
1436404550,-36.89323228 174.85262931,URBAN,FIFTY,DAY,3.6,3.0
1436404551,-36.89323227 174.85262932,URBAN,FIFTY,DAY,3.6,3.0
1436404552,-36.89323225 174.85262933,URBAN,FIFTY,DAY,3.6,3.0
1436404553,-36.89323225 174.85262931,URBAN,FIFTY,DAY,3.6,3.0
1436404554,-36.89323224 174.85262932,URBAN,FIFTY,DAY,3.6,3.0
1436404555,-36.89323222 174.85262101,URBAN,FIFTY,DAY,5.7628119600000005,4.0
1436404556,-36.89323008 174.85260282,URBAN,FIFTY,DAY,7.25603184,4.0
1436404557,-36.8932322 174.85256674,URBAN,FIFTY,DAY,9.69329664,4.0
1436404558,-36.89323295 174.85252225,URBAN,FIFTY,DAY,11.384199720000002,4.0
1436404559,-36.893228 174.8524695,URBAN,FIFTY,DAY,13.104198,5.0
1436404560,-36.89315389 174.85234546,URBAN,FIFTY,DAY,26.34710652,3.0
1436404561,-36.89308759 174.85231017,URBAN,FIFTY,DAY,29.917386,3.0
1436404562,-36.89300906 174.85227379,URBAN,FIFTY,DAY,34.388949600000004,4.0
1436404563,-36.89289423 174.85223435,URBAN,FIFTY,DAY,44.2466964,4.0
1436404564,-36.89278761 174.85218343,URBAN,FIFTY,DAY,48.733149600000004,4.0
1436404565,-36.89266984 174.85214182,URBAN,FIFTY,DAY,48.733149600000004,5.0
1436404566,-36.89255567 174.85209412,URBAN,FIFTY,DAY,47.8356588,5.0
1436404567,-36.89243855 174.85205424,URBAN,FIFTY,DAY,46.9382544,6.0
1436404568,-36.89233059 174.85201156,URBAN,FIFTY,DAY,45.143769600000006,6.0
1436404569,-36.89223469 174.85197053,URBAN,FIFTY,DAY,46.0409616,5.0
1436404570,-36.89211096 174.85192996,URBAN,FIFTY,DAY,46.9382544,5.0
1436404571,-36.89199807 174.85190676,URBAN,FIFTY,DAY,46.9382544,6.0
1436404572,-36.89187617 174.85186527,URBAN,FIFTY,DAY,49.630737599999996,5.0
1436404573,-36.89178021 174.85182683,URBAN,FIFTY,DAY,48.733149600000004,5.0
1436404574,-36.89165909 174.85180819,URBAN,FIFTY,DAY,50.5284048,5.0
1436404575,-36.89152515 174.85176807,URBAN,FIFTY,DAY,52.3239912,5.0
1436404576,-36.89137412 174.85172142,URBAN,FIFTY,DAY,53.2218924,6.0
1436404577,-36.89123316 174.85167353,URBAN,FIFTY,DAY,53.2218924,6.0
1436404578,-36.89110098 174.85164668,URBAN,FIFTY,DAY,54.1198692,6.0
1436404579,-36.89102423 174.85159962,URBAN,FIFTY,DAY,48.733149600000004,6.0
1436404580,-36.89087924 174.85157525,URBAN,FIFTY,DAY,51.426162000000005,6.0
1436404581,-36.89076332 174.8515482,URBAN,FIFTY,DAY,51.426162000000005,7.0
1436404582,-36.89065559 174.85151423,URBAN,FIFTY,DAY,50.5284048,6.0
1436404583,-36.89051896 174.85147505,URBAN,FIFTY,DAY,50.5284048,7.0
1436404584,-36.89039596 174.85142458,URBAN,FIFTY,DAY,49.630737599999996,8.0
1436404585,-36.89029773 174.8513949,URBAN,FIFTY,DAY,45.143769600000006,6.0
1436404586,-36.89018835 174.85136513,URBAN,FIFTY,DAY,43.3497402,7.0
1436404587,-36.89007734 174.85133128,URBAN,FIFTY,DAY,42.4529172,7.0
1436404588,-36.88995286 174.85129444,URBAN,FIFTY,DAY,38.8670814,7.0
1436404589,-36.88986038 174.85124768,URBAN,FIFTY,DAY,37.971039600000005,7.0
1436404590,-36.88980114 174.85121444,URBAN,FIFTY,DAY,36.17955,8.0
1436404591,-36.88972832 174.8511261,URBAN,FIFTY,DAY,43.3497402,7.0
1436404592,-36.88966361 174.85102067,URBAN,FIFTY,DAY,44.2466964,7.0
1436404593,-36.88958994 174.85090248,URBAN,FIFTY,DAY,46.9382544,6.0
1436404594,-36.88951914 174.85077844,URBAN,FIFTY,DAY,48.733149600000004,6.0
1436404595,-36.88942966 174.85066895,URBAN,FIFTY,DAY,51.426162000000005,7.0
1436404596,-36.88935138 174.85054052,URBAN,FIFTY,DAY,52.3239912,6.0
1436404597,-36.88927505 174.8504112,URBAN,FIFTY,DAY,53.2218924,7.0
1436404598,-36.88919845 174.85026705,URBAN,FIFTY,DAY,53.2218924,7.0
1436404599,-36.88909699 174.85013614,URBAN,FIFTY,DAY,52.3239912,7.0
1436404600,-36.8890139 174.85004495,URBAN,FIFTY,DAY,51.426162000000005,7.0
1436404601,-36.88891362 174.84994967,URBAN,FIFTY,DAY,51.426162000000005,6.0
1436404602,-36.88880836 174.84986913,URBAN,FIFTY,DAY,52.3239912,6.0
1436404603,-36.88869648 174.8497532,URBAN,FIFTY,DAY,54.1198692,6.0
1436404604,-36.88858867 174.84965825,URBAN,FIFTY,DAY,53.2218924,6.0
1436404605,-36.88848051 174.84958108,URBAN,FIFTY,DAY,53.2218924,6.0
1436404606,-36.8883542 174.84951924,URBAN,FIFTY,DAY,53.2218924,5.0
1436404607,-36.88824433 174.8494623,URBAN,FIFTY,DAY,51.426162000000005,6.0
1436404608,-36.88812304 174.84939891,URBAN,FIFTY,DAY,49.630737599999996,6.0
1436404609,-36.88801953 174.84936819,URBAN,FIFTY,DAY,49.630737599999996,5.0
1436404610,-36.88790554 174.84931075,URBAN,FIFTY,DAY,47.8356588,5.0
1436404611,-36.88778738 174.84925924,URBAN,FIFTY,DAY,47.8356588,6.0
1436404612,-36.88767661 174.84920176,URBAN,FIFTY,DAY,48.733149600000004,6.0
1436404613,-36.88757123 174.84915318,URBAN,FIFTY,DAY,50.5284048,6.0
1436404614,-36.88743911 174.84910468,URBAN,FIFTY,DAY,52.3239912,6.0
1436404615,-36.88730054 174.84905178,URBAN,FIFTY,DAY,54.1198692,5.0
1436404616,-36.88718223 174.84901289,URBAN,FIFTY,DAY,53.2218924,5.0
1436404617,-36.88706443 174.84895846,URBAN,FIFTY,DAY,51.426162000000005,10.0
1436404618,-36.88694524 174.84891046,URBAN,FIFTY,DAY,50.5284048,10.0
1436404619,-36.88681114 174.84885576,URBAN,FIFTY,DAY,49.630737599999996,10.0
1436404620,-36.88670069 174.84880542,URBAN,FIFTY,DAY,48.733149600000004,10.0
1436404621,-36.88658497 174.8487509,URBAN,FIFTY,DAY,48.733149600000004,10.0
1436404622,-36.88647935 174.84868653,URBAN,FIFTY,DAY,48.733149600000004,10.0
1436404623,-36.8863737 174.84857578,URBAN,FIFTY,DAY,49.630737599999996,10.0
1436404624,-36.88628971 174.84848702,URBAN,FIFTY,DAY,46.0409616,10.0
1436404625,-36.88620494 174.84838933,URBAN,FIFTY,DAY,44.2466964,9.0
1436404626,-36.88612771 174.84830133,URBAN,FIFTY,DAY,44.2466964,10.0
1436404627,-36.88604157 174.84818122,URBAN,FIFTY,DAY,46.9382544,10.0
1436404628,-36.88597198 174.84809931,URBAN,FIFTY,DAY,42.4529172,10.0
1436404629,-36.88588496 174.84800615,URBAN,FIFTY,DAY,46.9382544,10.0
1436404630,-36.88579026 174.8479148,URBAN,FIFTY,DAY,46.9382544,9.0
1436404631,-36.88569636 174.84784054,URBAN,FIFTY,DAY,46.9382544,10.0
1436404632,-36.88559499 174.84774401,URBAN,FIFTY,DAY,48.733149600000004,10.0
1436404633,-36.88548506 174.84764495,URBAN,FIFTY,DAY,52.3239912,10.0
1436404634,-36.88537982 174.84755146,URBAN,FIFTY,DAY,54.1198692,10.0
1436404635,-36.88523688 174.84744705,URBAN,FIFTY,DAY,56.814170399999995,10.0
1436404636,-36.8851184 174.84736671,URBAN,FIFTY,DAY,55.91601,10.0
1436404637,-36.88499649 174.84729521,URBAN,FIFTY,DAY,55.0179072,9.0
1436404638,-36.88487589 174.84722382,URBAN,FIFTY,DAY,53.2218924,10.0
1436404639,-36.88477052 174.84717191,URBAN,FIFTY,DAY,47.8356588,9.0
1436404640,-36.88467041 174.84713056,URBAN,FIFTY,DAY,42.4529172,10.0
1436404641,-36.88462085 174.84708355,URBAN,FIFTY,DAY,30.811035600000004,9.0
1436404642,-36.8845697 174.8470307,URBAN,FIFTY,DAY,28.131300000000003,9.0
1436404643,-36.88452985 174.84697653,URBAN,FIFTY,DAY,23.6753028,10.0
1436404644,-36.88450374 174.84690284,URBAN,FIFTY,DAY,25.4558448,10.0
1436404645,-36.88446717 174.84683632,URBAN,FIFTY,DAY,26.34710652,10.0
1436404646,-36.88442301 174.84676156,URBAN,FIFTY,DAY,26.34710652,11.0
1436404647,-36.88436599 174.84671998,URBAN,FIFTY,DAY,23.6753028,10.0
1436404648,-36.88431853 174.84670875,URBAN,FIFTY,DAY,21.0107124,9.0
1436404649,-36.88427182 174.84674978,URBAN,FIFTY,DAY,24.5652192,9.0
1436404650,-36.88423515 174.84679453,URBAN,FIFTY,DAY,24.5652192,10.0
1436404651,-36.88418593 174.84683694,URBAN,FIFTY,DAY,25.4558448,10.0
1436404652,-36.88409571 174.84690506,URBAN,FIFTY,DAY,33.4940292,11.0
1436404653,-36.8840399 174.847019,URBAN,FIFTY,DAY,37.971039600000005,10.0
1436404654,-36.88395315 174.84712041,URBAN,FIFTY,DAY,42.4529172,10.0
1436404655,-36.88385969 174.84721306,URBAN,FIFTY,DAY,46.0409616,9.0
1436404656,-36.88375912 174.84731004,URBAN,FIFTY,DAY,47.8356588,9.0
1436404657,-36.88366791 174.84741207,URBAN,FIFTY,DAY,49.630737599999996,9.0
1436404658,-36.88359755 174.84753792,URBAN,FIFTY,DAY,50.5284048,10.0
1436404659,-36.88352344 174.84767218,URBAN,FIFTY,DAY,53.2218924,10.0
1436404660,-36.88345129 174.84780833,URBAN,FIFTY,DAY,54.1198692,10.0
1436404661,-36.88338264 174.84794632,URBAN,FIFTY,DAY,53.2218924,10.0
1436404662,-36.88332832 174.84810615,URBAN,FIFTY,DAY,54.1198692,10.0
1436404663,-36.88327406 174.84826726,URBAN,FIFTY,DAY,54.1198692,9.0
1436404664,-36.88323809 174.84841952,URBAN,FIFTY,DAY,54.1198692,10.0
1436404665,-36.883189 174.84857183,URBAN,FIFTY,DAY,55.0179072,10.0
1436404666,-36.88314001 174.84872567,URBAN,FIFTY,DAY,55.0179072,9.0
1436404667,-36.88308664 174.84889467,URBAN,FIFTY,DAY,55.91601,9.0
1436404668,-36.88303045 174.84907007,URBAN,FIFTY,DAY,56.814170399999995,10.0
1436404669,-36.88298029 174.84922774,URBAN,FIFTY,DAY,55.91601,10.0
1436404670,-36.88292557 174.84940101,URBAN,FIFTY,DAY,55.0179072,9.0
1436404671,-36.88286958 174.84955571,URBAN,FIFTY,DAY,54.1198692,9.0
1436404672,-36.88280478 174.84970728,URBAN,FIFTY,DAY,55.0179072,10.0
1436404673,-36.88273014 174.84984237,URBAN,FIFTY,DAY,55.91601,10.0
1436404674,-36.88265744 174.84999333,URBAN,FIFTY,DAY,55.91601,10.0
1436404675,-36.88257162 174.85016159,URBAN,FIFTY,DAY,57.71239200000001,11.0
1436404676,-36.88245972 174.85030506,URBAN,FIFTY,DAY,61.305793200000004,11.0
1436404677,-36.88233639 174.85042325,URBAN,FIFTY,DAY,60.4073628,11.0
1436404678,-36.88224308 174.85053662,URBAN,FIFTY,DAY,58.61066400000001,11.0
1436404679,-36.88211276 174.85065444,URBAN,FIFTY,DAY,62.2042596,10.0
1436404680,-36.88198893 174.85076169,URBAN,FIFTY,DAY,60.4073628,9.0
1436404681,-36.88188637 174.85086186,URBAN,FIFTY,DAY,55.0179072,9.0
1436404682,-36.88178793 174.85093129,URBAN,FIFTY,DAY,48.733149600000004,9.0
1436404683,-36.88168184 174.85101408,URBAN,FIFTY,DAY,44.2466964,9.0
1436404684,-36.88159991 174.85105559,URBAN,FIFTY,DAY,37.971039600000005,10.0
1436404685,-36.88153959 174.85107903,URBAN,FIFTY,DAY,30.811035600000004,10.0
1436404686,-36.88148026 174.85112171,URBAN,FIFTY,DAY,27.2389428,10.0
1436404687,-36.88145181 174.85117045,URBAN,FIFTY,DAY,21.0107124,10.0
1436404688,-36.88145051 174.85122324,URBAN,FIFTY,DAY,19.23980184,9.0
1436404689,-36.88145063 174.85126667,URBAN,FIFTY,DAY,15.717823200000002,4.0
1436404690,-36.881456 174.85130534,URBAN,FIFTY,DAY,13.971757320000002,4.0
1436404691,-36.88146582 174.85134331,URBAN,FIFTY,DAY,13.104198,5.0
1436404692,-36.88147364 174.85138168,URBAN,FIFTY,DAY,13.971757320000002,5.0
1436404693,-36.88148451 174.85143093,URBAN,FIFTY,DAY,15.717823200000002,5.0
1436404694,-36.88148636 174.85149132,URBAN,FIFTY,DAY,17.4748392,5.0
1436404695,-36.88150583 174.85154234,URBAN,FIFTY,DAY,18.3564702,5.0
1436404696,-36.88152277 174.85158267,URBAN,FIFTY,DAY,15.717823200000002,5.0
1436404697,-36.88154243 174.85160548,URBAN,FIFTY,DAY,10.53422964,5.0
1436404698,-36.88154758 174.85162218,URBAN,FIFTY,DAY,7.25603184,6.0
1436404699,-36.88155341 174.85163777,URBAN,FIFTY,DAY,7.25603184,6.0
1436404700,-36.8815639 174.85162464,URBAN,FIFTY,DAY,3.71079504,5.0
1436404701,-36.88156102 174.85162632,URBAN,FIFTY,DAY,3.6,5.0
1436404702,-36.8815643 174.85162542,URBAN,FIFTY,DAY,3.6,5.0
1436404703,-36.88156552 174.85162127,URBAN,FIFTY,DAY,3.6,5.0
1436404705,-36.88156616 174.85162359,URBAN,FIFTY,DAY,3.6,5.0
1436404705,-36.88157035 174.85162276,URBAN,FIFTY,DAY,4.5,6.0
1436404706,-36.88157154 174.85163353,URBAN,FIFTY,DAY,4.0249224,6.0
1436404707,-36.88159069 174.85167422,URBAN,FIFTY,DAY,9.69329664,5.0
1436404708,-36.88161064 174.85170607,URBAN,FIFTY,DAY,11.384199720000002,5.0
1436404709,-36.88161233 174.85172939,URBAN,FIFTY,DAY,10.53422964,5.0
1436404710,-36.88161984 174.85175964,URBAN,FIFTY,DAY,8.863972200000001,5.0
1436404711,-36.88163263 174.85178257,URBAN,FIFTY,DAY,8.0498448,4.0
1436404712,-36.88164364 174.85180478,URBAN,FIFTY,DAY,8.863972200000001,4.0
1436404713,-36.8816575 174.85182907,URBAN,FIFTY,DAY,9.69329664,3.0
1436404714,-36.88167454 174.85185813,URBAN,FIFTY,DAY,10.53422964,3.0
1436404715,-36.8817022 174.8519045,URBAN,FIFTY,DAY,15.717823200000002,4.0
1436404716,-36.88172707 174.85194563,URBAN,FIFTY,DAY,14.843179800000001,3.0
1436404717,-36.88174745 174.8519861,URBAN,FIFTY,DAY,14.843179800000001,3.0
1436404718,-36.88176265 174.85202847,URBAN,FIFTY,DAY,13.971757320000002,4.0
1436404719,-36.88176589 174.85205496,URBAN,FIFTY,DAY,9.69329664,4.0
1436404720,-36.88176117 174.85207385,URBAN,FIFTY,DAY,8.0498448,4.0
1436404721,-36.8817524 174.85208178,URBAN,FIFTY,DAY,5.7628119600000005,3.0
1436404722,-36.88174085 174.8520874,URBAN,FIFTY,DAY,5.7628119600000005,4.0
1436404723,-36.88173106 174.85208804,URBAN,FIFTY,DAY,5.0911686000000005,4.0
1436404724,-36.88171921 174.85208802,URBAN,FIFTY,DAY,5.0911686000000005,4.0
1436404725,-36.88170539 174.85208922,URBAN,FIFTY,DAY,5.0911686000000005,3.0
1436404726,-36.88168874 174.85209509,URBAN,FIFTY,DAY,5.7628119600000005,3.0
1436404727,-36.8816612 174.85211075,URBAN,FIFTY,DAY,10.53422964,3.0
1436404728,-36.88162938 174.85212941,URBAN,FIFTY,DAY,12.24132372,4.0
1436404729,-36.88160104 174.85214851,URBAN,FIFTY,DAY,12.24132372,4.0
1436404730,-36.8815732 174.85216565,URBAN,FIFTY,DAY,11.384199720000002,4.0
1436404731,-36.88154766 174.85218133,URBAN,FIFTY,DAY,11.384199720000002,4.0
1436404732,-36.88152205 174.85219691,URBAN,FIFTY,DAY,11.384199720000002,4.0
1436404733,-36.88149723 174.85221368,URBAN,FIFTY,DAY,11.384199720000002,4.0
1436404734,-36.88147179 174.85223442,URBAN,FIFTY,DAY,12.24132372,4.0
1436404735,-36.88144738 174.85225506,URBAN,FIFTY,DAY,12.24132372,4.0
1436404736,-36.88142386 174.85227512,URBAN,FIFTY,DAY,11.384199720000002,4.0
1436404737,-36.88140265 174.852291,URBAN,FIFTY,DAY,11.384199720000002,3.0
1436404738,-36.8813871 174.85229927,URBAN,FIFTY,DAY,8.0498448,3.0
1436404739,-36.88137004 174.85230348,URBAN,FIFTY,DAY,8.0498448,4.0
1436404740,-36.88134957 174.85230177,URBAN,FIFTY,DAY,8.0498448,4.0
1436404741,-36.88133036 174.85229563,URBAN,FIFTY,DAY,8.863972200000001,4.0
1436404742,-36.88131267 174.85228269,URBAN,FIFTY,DAY,8.0498448,3.0
1436404743,-36.88130045 174.85226492,URBAN,FIFTY,DAY,8.0498448,4.0
1436404744,-36.88129161 174.85224422,URBAN,FIFTY,DAY,8.0498448,4.0
1436404745,-36.88128222 174.85222625,URBAN,FIFTY,DAY,8.0498448,4.0
1436404746,-36.88127067 174.85221176,URBAN,FIFTY,DAY,8.0498448,4.0
1436404747,-36.88125498 174.85220435,URBAN,FIFTY,DAY,8.0498448,4.0
1436404748,-36.88123911 174.85220437,URBAN,FIFTY,DAY,8.0498448,4.0
1436404749,-36.88122573 174.85221065,URBAN,FIFTY,DAY,7.25603184,3.0
1436404750,-36.88121689 174.85222321,URBAN,FIFTY,DAY,7.25603184,3.0
1436404751,-36.8812195 174.85222794,URBAN,FIFTY,DAY,4.0249224,3.0
1436404752,-36.88121886 174.85223236,URBAN,FIFTY,DAY,4.0249224,3.0
1436404753,-36.88121887 174.85223494,URBAN,FIFTY,DAY,3.71079504,3.0
1436404754,-36.88121845 174.85223664,URBAN,FIFTY,DAY,3.71079504,3.0
1436404755,-36.88122101 174.85223654,URBAN,FIFTY,DAY,3.6,3.0
1436404756,-36.88122237 174.85223657,URBAN,FIFTY,DAY,3.6,3.0
1436404757,-36.88122361 174.85223662,URBAN,FIFTY,DAY,3.6,3.0
1436404759,-36.88122506 174.85223471,URBAN,FIFTY,DAY,3.6,3.0
1436404760,-36.88122589 174.85223386,URBAN,FIFTY,DAY,3.6,3.0
1436404761,-36.88122585 174.85223553,URBAN,FIFTY,DAY,3.6,3.0
1436404762,-36.88122665 174.85223714,URBAN,FIFTY,DAY,3.6,3.0
1436404763,-36.88122665 174.85223714,URBAN,FIFTY,DAY,3.6,4.0
1436404764,-36.88122734 174.85223796,URBAN,FIFTY,DAY,3.6,4.0
1436404765,-36.88122723 174.85223844,URBAN,FIFTY,DAY,3.6,4.0
1436404766,-36.88122691 174.85223794,URBAN,FIFTY,DAY,3.6,4.0
1436404767,-36.88122662 174.8522374,URBAN,FIFTY,DAY,3.6,4.0
1436404768,-36.88122658 174.85223707,URBAN,FIFTY,DAY,3.6,5.0
